Timestamp,Request_ID,Type,Init_Duration_ms,Duration_ms,Billed_Duration_ms,Max_Memory_MB
2026-06-30 20:16:42.969,ed2a2174-6ae1-45a4-8322-905a3f62f993,Cold,717.14,86.29,804,119.0
2026-06-30 20:16:43.477,8324ea77-4207-4e65-9acf-8294093b9623,Warm,0,44.59,45,119.0
2026-06-30 20:16:43.530,cdce34f8-8c1e-4462-afe8-2c7b37457ffa,Warm,0,49.15,50,119.0
2026-06-30 20:16:43.585,cec0640c-8d71-4f22-903d-0f144b8c8420,Warm,0,49.61,50,119.0
2026-06-30 20:16:43.782,0f47ddb2-7b17-4f83-9928-4585248a953c,Cold,841.56,81.3,923,119.0
2026-06-30 20:16:43.792,0d19aff4-a768-4bf3-8bd0-5dc17a945f22,Cold,778.73,90.03,869,119.0
2026-06-30 20:16:43.822,5d337587-a261-4206-ae98-9d2562dcb10a,Cold,841.72,87.61,930,119.0
2026-06-30 20:16:44.285,07290c67-559d-44fa-8c1a-d90274a24bb5,Warm,0,42.8,43,119.0
2026-06-30 20:16:44.289,b1820c98-c4b7-43eb-9abf-66ac8bd6ee54,Warm,0,47.28,48,119.0
2026-06-30 20:16:45.082,6ad831a6-4a8f-4468-9b64-629eea9cbbda,Warm,0,44.67,45,119.0
2026-06-30 20:16:45.089,3f6be6f7-d52a-436d-b85d-85b103c6e04c,Warm,0,53.78,54,119.0
2026-06-30 20:16:45.163,fb2b587f-63be-403e-8759-7d19ef36b620,Warm,0,50.6,51,119.0
2026-06-30 20:16:46.191,c82a1203-6a49-45b5-a8fc-d97f85c05c33,Warm,0,46.12,47,119.0
2026-06-30 20:16:46.197,b492c142-cdab-4968-ac5a-826c9b1ad735,Warm,0,44.9,45,119.0
2026-06-30 20:16:46.975,1d3b1e4f-7c86-4a7f-bc50-929d6bf65075,Warm,0,49.94,50,119.0
2026-06-30 20:16:46.983,ea6cf4cc-2063-45a9-9706-a7b37547cc15,Warm,0,46.88,47,119.0
2026-06-30 20:16:47.771,63c8fd68-ae38-4401-a485-595d4adfabee,Warm,0,48.55,49,119.0
2026-06-30 20:16:47.790,5dacd6a5-3e3c-4d22-bacc-a1a20001fe9e,Warm,0,45.11,46,119.0
2026-06-30 20:16:47.792,6d882926-b56f-4c25-98e6-fc11d6e7f0ba,Warm,0,45.91,46,119.0
2026-06-30 20:16:48.681,4df452d9-72aa-4fec-833d-779ee09be226,Warm,0,44.44,45,119.0
2026-06-30 20:16:48.718,8d4abdcc-248e-40ed-b63f-ee93d8d17ea3,Warm,0,51.86,52,119.0
2026-06-30 20:16:49.461,8145bfac-9aae-4df2-8169-e5f6bcda01fc,Warm,0,45.8,46,119.0
2026-06-30 20:16:50.569,adaedd5b-f9e1-4d30-af21-cd0cd59caf44,Warm,0,380.26,381,144.0
2026-06-30 20:16:51.047,b9f7f137-10b0-485f-8a99-d6d6a392ef3e,Cold,744.22,2.06,747,117.0
2026-06-30 20:16:51.114,60f50f28-f5fb-40bb-80b8-e71f42738073,Warm,0,61.4,62,118.0
2026-06-30 20:16:51.134,9d932eba-d4b6-4d02-99e2-2eb9335a319a,Warm,0,14.74,15,118.0
2026-06-30 20:16:51.163,079032fd-cc7e-4810-910c-ea2bfe98ee4e,Warm,0,24.06,25,118.0
2026-06-30 20:16:51.286,d6d03b2c-d2eb-431a-9811-8ff5222e406b,Warm,0,340.95,341,151.0
2026-06-30 20:16:51.314,bb624d6b-f1aa-437a-8cb3-f474650053e6,Warm,0,336.22,337,144.0
2026-06-30 20:16:51.343,fd26ad87-fd3b-456a-82e9-92c5ec221725,Warm,0,364.86,365,145.0
2026-06-30 20:16:51.404,8bddf97e-1451-45c3-8147-416938bc0a97,Cold,665.85,364.51,1031,144.0
2026-06-30 20:16:51.573,39faeb00-358f-4a32-99b3-ee476a6e4b37,Warm,0,1385.44,1386,144.0
2026-06-30 20:16:51.813,a54cde39-01bb-4393-9d40-dd6dad89b6e8,Warm,0,14.96,15,144.0
2026-06-30 20:16:51.821,5deb2845-50bb-47ec-b160-f24f25f06bc9,Warm,0,1.27,2,144.0
2026-06-30 20:16:51.828,0aae8267-5bbb-48eb-89a8-b5d12c901eaf,Warm,0,15.09,16,144.0
2026-06-30 20:16:51.837,1b70da9f-788a-4943-8b8d-4ac0430db13a,Warm,0,1.62,2,118.0
2026-06-30 20:16:51.839,69c47e4a-9b41-4f76-b4b5-3f30f596231e,Warm,0,1.46,2,144.0
2026-06-30 20:16:51.861,2b78b008-ca62-4fb6-8c71-37af43f2b20a,Warm,0,26.13,27,144.0
2026-06-30 20:16:51.871,b7217d17-1ec2-4857-8623-cdbf73016a92,Warm,0,26.21,27,144.0
2026-06-30 20:16:52.032,9d829768-b8c6-40f8-a0a2-6f03e201a43f,Cold,723.53,60.91,785,119.0
2026-06-30 20:16:52.082,3e094f86-98c5-4eef-8fbe-eeeb96507e08,Warm,0,312.06,313,151.0
2026-06-30 20:16:52.098,fd382a15-c402-40b9-b365-5d58d1bf8fea,Warm,0,286.19,287,150.0
2026-06-30 20:16:52.101,1d2c56af-a6bd-4537-a8b2-1564829db528,Cold,810.85,52.31,864,119.0
2026-06-30 20:16:52.182,4d216046-d24e-4848-99dc-480efb564372,Warm,0,345,346,151.0
2026-06-30 20:16:52.198,2e91689c-5df3-4222-859e-6d9f1d4b7cf1,Warm,0,354.39,355,144.0
2026-06-30 20:16:52.772,907396be-9ab2-464f-a9a0-987b1c609858,Warm,0,14.36,15,144.0
2026-06-30 20:16:52.788,48211503-3e91-4058-82c6-10d996a2a5ef,Warm,0,17.05,18,119.0
2026-06-30 20:16:52.793,425090fc-9a04-488e-9dd4-3586e35ea497,Warm,0,1.48,2,144.0
2026-06-30 20:16:52.793,91f34702-1eff-4d4d-95a5-7b7ba9339d78,Warm,0,1.5,2,144.0
2026-06-30 20:16:52.793,0a6aa29b-982d-4f38-ad79-e6e5297428c2,Warm,0,1.51,2,119.0
2026-06-30 20:16:52.807,9e50537c-cfa7-4354-9813-9511c3f8ceed,Warm,0,1.48,2,119.0
2026-06-30 20:16:52.808,aff3dac2-fa14-443c-bf36-4015369e4e53,Warm,0,1.56,2,144.0
2026-06-30 20:16:52.985,51649ba9-f2a9-44b8-8763-35a3f817d7af,Warm,0,1.5,2,119.0
2026-06-30 20:16:53.074,b0e262d7-9f6f-4b6d-8f0a-1355e1840423,Warm,0,282.26,283,152.0
2026-06-30 20:16:53.080,b7b1b929-78d0-4de4-977b-22c62d678bdb,Warm,0,288.46,289,151.0
2026-06-30 20:16:53.102,51e4b5bc-414f-43ac-84b2-9bc992b04e07,Warm,0,297.87,298,150.0
2026-06-30 20:16:53.107,f05b7b6d-de20-48d5-a7cf-bd8ddc60a007,Warm,0,334.06,335,151.0
2026-06-30 20:16:53.107,1dd0a6b9-348c-4056-9dab-d9aaa74f1de8,Warm,0,348.17,349,151.0
2026-06-30 20:16:53.112,f88619b4-b571-4c24-a038-9d563a96e2d2,Warm,0,297.42,298,150.0
2026-06-30 20:16:53.151,45be5c26-0a60-4527-b1dd-d754d42ac1f6,Warm,0,343.48,344,146.0
2026-06-30 20:16:53.589,c28a843d-167b-46c1-9df8-58f8501f39f7,Warm,0,1.5,2,151.0
2026-06-30 20:16:53.601,79fdb395-32d7-4a74-850c-f372a2dbef5d,Warm,0,1.43,2,151.0
2026-06-30 20:16:53.602,d463f6c1-2244-4937-9673-cfd6449887c7,Warm,0,1.52,2,152.0
2026-06-30 20:16:53.617,1f66058b-b41e-4669-81d6-83b6cf94ae69,Warm,0,16.77,17,151.0
2026-06-30 20:16:53.618,c541d6c8-8767-441c-a9d6-855f39bc3e3d,Warm,0,16.59,17,119.0
2026-06-30 20:16:53.637,7070f6e3-7566-452e-b416-eba6292887ca,Warm,0,1.55,2,151.0
2026-06-30 20:16:53.639,82734f7e-9370-401b-bd7b-d6bca7f29f09,Warm,0,1.56,2,151.0
2026-06-30 20:16:53.643,898a9a40-7c92-465e-a192-935f25e9d642,Warm,0,1.66,2,152.0
2026-06-30 20:16:53.818,8ee2d787-ee82-4976-b3d7-eecc18bbbd92,Warm,0,1.59,2,152.0
2026-06-30 20:16:53.887,abfe80d3-23bd-4272-90e3-6a0873eebfda,Warm,0,300.22,301,151.0
2026-06-30 20:16:53.894,7b75407a-fa12-4a0b-bd92-2ceec89cead3,Warm,0,327.65,328,151.0
2026-06-30 20:16:53.910,202e061b-c7c2-4ff5-9912-e05fd2dcd403,Warm,0,309.4,310,150.0
2026-06-30 20:16:53.924,702a2ff4-676c-4cf9-bb3a-8d01a5f60118,Warm,0,320.56,321,151.0
2026-06-30 20:16:53.964,4c81deb0-c6ec-4d6e-80e4-aed90cfc11f5,Cold,778.43,362.04,1141,144.0
2026-06-30 20:16:53.999,493e9d18-1964-43b9-8f21-dbb15a3d60de,Warm,0,364.2,365,144.0
2026-06-30 20:16:54.396,ac67c8b7-ce76-4ac5-aca2-3b9105e985be,Warm,0,1.56,2,151.0
2026-06-30 20:16:54.397,05b3d3b7-6d68-4ecb-9236-50d4d6e24571,Warm,0,1.35,2,151.0
2026-06-30 20:16:54.410,d220f67b-e111-464a-9ee7-80d4631f100c,Warm,0,12.77,13,152.0
2026-06-30 20:16:54.423,ce60d51a-196f-4726-a9e1-de12f3305e61,Warm,0,1.63,2,152.0
2026-06-30 20:16:54.423,d55e7144-28d3-4f90-91b7-8b5a5b7f81bc,Warm,0,1.44,2,151.0
2026-06-30 20:16:54.426,8d62b329-e0a3-43c1-a18f-dc1a2223f54e,Cold,788.21,2.15,791,117.0
2026-06-30 20:16:54.430,695e0d24-72cd-41fa-bd77-4bc310cf7020,Warm,0,28.95,29,151.0
2026-06-30 20:16:54.431,fb93e723-87e0-4ce9-8568-04001d018649,Warm,0,33.56,34,151.0
2026-06-30 20:16:54.438,20296bc5-c26e-4b0b-b92c-5e6962dbcde0,Warm,0,16.51,17,151.0
2026-06-30 20:16:54.454,fcfe7aba-3f13-423d-8001-f4e1fe57918c,Warm,0,1.52,2,151.0
2026-06-30 20:16:54.676,fb2cad3a-d407-42cd-b3ca-aa1a9e655707,Warm,0,320.6,321,151.0
2026-06-30 20:16:54.694,b2bb44ff-767f-4a7f-ad6f-d6c346a9559f,Warm,0,309.59,310,151.0
2026-06-30 20:16:54.696,9708e6a3-160f-43b4-8039-e19619f092ac,Warm,0,310.98,311,150.0
2026-06-30 20:16:54.705,b2cf2655-5417-4b1b-85d4-2f1e0d5168ed,Warm,0,352.49,353,150.0
2026-06-30 20:16:54.953,a2c95439-25b4-4d78-beb5-7d386129fded,Warm,0,355.83,356,151.0
2026-06-30 20:16:55.423,dbfc492f-a8c3-45fb-a87e-618d04c7d10b,Warm,0,1.48,2,150.0
2026-06-30 20:16:55.434,cc2ec236-c370-4740-b3ef-30e0eb33577d,Warm,0,15.8,16,150.0
2026-06-30 20:16:55.449,e91953c1-cc26-4158-bc75-ad3bd445aff1,Warm,0,14.84,15,151.0
2026-06-30 20:16:55.555,5241a69d-4b89-4c5f-a6d6-0157a6e5b974,Warm,0,21.22,22,151.0
2026-06-30 20:16:55.567,54562bdf-4688-4e87-a0ec-1ff5bd0c6d68,Warm,0,25.56,26,150.0
2026-06-30 20:16:55.612,76afbde2-40d2-4a00-9d0f-21fa65b1b25c,Warm,0,1.52,2,150.0
2026-06-30 20:16:55.614,f98daba1-53a3-431d-a826-5aa30ff35858,Warm,0,1.61,2,151.0
2026-06-30 20:16:55.615,4bff2a17-8b0f-4f8a-90db-5e308f59ee00,Warm,0,1.39,2,150.0
2026-06-30 20:16:55.745,941573a7-c5cb-4606-ab93-76d3f3fd772a,Warm,0,330.88,331,151.0
2026-06-30 20:16:55.756,f717278e-ddbf-431e-bdee-06cd59c7fa51,Warm,0,338.07,339,153.0
2026-06-30 20:16:56.169,463ba356-e1d9-4b9a-84aa-1b8b0389edc7,Warm,0,1.36,2,153.0
2026-06-30 20:16:56.196,f1215bff-90b8-4397-ac72-221b503e078c,Warm,0,13.13,14,151.0
2026-06-30 20:16:56.198,e32876fd-088a-4d9a-968c-c9a951e47cc9,Warm,0,13.96,14,151.0
2026-06-30 20:16:56.316,a59e735b-e879-46b4-938a-dd3bffe2c5b8,Warm,0,1.54,2,151.0
2026-06-30 20:16:56.319,e03044a9-eb5f-46db-889a-7faf707ccc47,Warm,0,2.05,3,151.0
2026-06-30 20:16:56.327,11841909-46ae-461f-804b-be495c3985f3,Warm,0,13.93,14,150.0
2026-06-30 20:16:56.327,68de944a-0cd3-4edc-ace1-ce8417ef55a7,Warm,0,12.61,13,151.0
2026-06-30 20:16:56.350,6290bc80-a66f-4758-a9bc-494308801aa3,Warm,0,15.88,16,150.0
2026-06-30 20:16:56.380,693c1df0-ba85-43b4-b3ce-6f9779de09ee,Warm,0,64.38,65,118.0
2026-06-30 20:16:56.505,ed159004-6b48-4b9e-818a-8cff26bcedb0,Warm,0,322.06,323,151.0
2026-06-30 20:16:56.535,695f43e1-b2cb-415f-a4d1-f2ad543509cc,Warm,0,352.04,353,153.0
2026-06-30 20:16:56.614,5324243c-7a38-496f-99e3-0452b488de35,Warm,0,332.17,333,151.0
2026-06-30 20:16:57.060,231e7c21-1127-462e-87c8-b71743024f75,Warm,0,1.35,2,153.0
2026-06-30 20:16:57.070,476a96be-903b-4e58-8927-318379d1f2d5,Warm,0,1.46,2,151.0
2026-06-30 20:16:57.070,5362d301-8563-43cb-b212-da29d81092dc,Warm,0,1.55,2,119.0
2026-06-30 20:16:57.078,4666cac1-6d51-4cad-9791-ee8d1ceb19d4,Warm,0,12.16,13,153.0
2026-06-30 20:16:57.100,e15d7f68-931b-4ee9-896f-a855aa156992,Warm,0,43.34,44,151.0
2026-06-30 20:16:57.116,512e1491-ed98-4c2f-9d1a-d698064107a1,Warm,0,45.56,46,150.0
2026-06-30 20:16:57.129,091df5ed-7fd5-4da8-af3d-4295be7f956a,Warm,0,14.61,15,151.0
2026-06-30 20:16:57.980,d2d331bc-cde6-45d6-8878-d51141a0dd37,Warm,0,26.58,27,151.0
2026-06-30 20:16:58.009,60629637-f069-4657-aedc-b1304864678d,Warm,0,17.44,18,151.0
2026-06-30 20:17:04.838,fffd350c-bdaa-4289-bd93-ed5d20413468,Warm,0,68.19,69,151.0
2026-06-30 20:17:05.881,9e96a562-d254-49f1-b0bf-15f037e9ea2e,Warm,0,70.28,71,151.0
2026-06-30 20:17:05.888,6025b887-84cd-4df9-8520-f8b7669341b8,Warm,0,68.19,69,151.0
2026-06-30 20:17:05.893,c60395be-7f3c-45ac-b9a9-91c198877645,Warm,0,75.99,76,119.0
2026-06-30 20:17:05.906,4cdfbd86-db2e-464e-9c12-307e7ce46980,Warm,0,309.46,310,151.0
2026-06-30 20:17:05.910,4fef5f7b-f196-413d-bac6-4407d20badaf,Warm,0,302.32,303,153.0
2026-06-30 20:17:05.973,876973b2-e524-4f0e-b8d5-173fe27cbbe5,Warm,0,368.7,369,151.0
2026-06-30 20:17:06.415,5af56510-9994-4c0d-a313-aa114827d4a1,Warm,0,1.46,2,151.0
2026-06-30 20:17:06.452,626afec9-16ab-49d8-96e0-1dcae7a005d6,Warm,0,24.53,25,153.0
2026-06-30 20:17:06.457,ab371cad-7366-4697-9f60-9a0906c93ab6,Warm,0,16.51,17,119.0
2026-06-30 20:17:06.466,94db539a-ef5e-4d2b-9f3e-4b29a06ab026,Warm,0,1.43,2,153.0
2026-06-30 20:17:06.466,232b7f8e-7a1c-4fcf-9f87-f793cd5a36d4,Warm,0,1.73,2,119.0
2026-06-30 20:17:06.469,280c84bc-4497-46ec-bf37-fb70f9fe6b72,Warm,0,41.91,42,151.0
2026-06-30 20:17:06.484,d42ee4c6-f680-4587-b10a-abebf411686a,Warm,0,44.61,45,151.0
2026-06-30 20:17:06.522,f22af7c5-1756-4e6e-befa-253eaa6b8ca5,Warm,0,40.82,41,151.0
2026-06-30 20:17:06.529,7de8c2ef-ba18-4d74-8f69-50deff999b33,Warm,0,46.77,47,119.0
2026-06-30 20:17:06.732,791e1940-1a66-4385-a447-a26540ba418a,Warm,0,289.64,290,151.0
2026-06-30 20:17:07.239,aea446f1-5979-474f-a47b-9b95de240216,Warm,0,14.58,15,151.0
2026-06-30 20:17:07.257,f237e4eb-5428-4a99-8b4c-8ffc8849e0f0,Warm,0,52.46,53,151.0
2026-06-30 20:17:07.266,a9f341a8-b75c-45d4-90f1-5707226788d2,Warm,0,42.01,43,153.0
2026-06-30 20:17:07.266,1d096c63-c3af-4ee1-aab4-6b44281b53c8,Warm,0,42.25,43,151.0
2026-06-30 20:17:07.294,83b1c8f5-ce0c-4d13-abfc-7a9343e8565a,Warm,0,42.69,43,151.0
2026-06-30 20:17:07.413,adb1835f-247f-472c-bc9a-ab2c93b46192,Warm,0,1.57,2,151.0
2026-06-30 20:17:07.507,ede61015-7905-43e0-9e33-5d4ade382212,Warm,0,40.49,41,153.0
2026-06-30 20:17:07.562,f25c7a53-b5b3-4037-85f8-b63e254e982d,Warm,0,347.03,348,145.0
2026-06-30 20:17:07.722,67bf3d38-3fd4-47b3-915c-34a71d04b90b,Warm,0,299.67,300,151.0
2026-06-30 20:17:08.128,b0bd93f5-a72a-474c-9418-2325f47a0790,Warm,0,1.54,2,151.0
2026-06-30 20:17:08.130,059799de-2418-472b-864c-63e567ca491f,Warm,0,1.61,2,151.0
2026-06-30 20:17:08.139,707fa42b-870f-40e2-b214-976cfc80181c,Warm,0,41.46,42,153.0
2026-06-30 20:17:08.145,eac43d6f-f0b3-4521-9fcc-8ac385e472b4,Warm,0,46.52,47,145.0
2026-06-30 20:17:08.153,502d358d-48b2-4cb0-b056-e7a4aa019151,Warm,0,54.12,55,151.0
2026-06-30 20:17:08.171,3d05f731-3e44-4d7e-942e-5e763c81dea0,Warm,0,45.91,46,151.0
2026-06-30 20:17:08.221,a3e22c55-34d8-4500-8056-0ec0c8e04578,Warm,0,91.59,92,151.0
2026-06-30 20:17:08.477,73a55ddb-2978-41af-bd5f-bc9b10db5189,Warm,0,348.9,349,151.0
2026-06-30 20:17:09.069,9b0e6605-94a4-4e04-838e-13119029c0f9,Warm,0,53.71,54,151.0
2026-06-30 20:17:09.074,a93e4dcf-b9a7-4e5e-a6b6-c1f68fd3a2ea,Warm,0,44.67,45,151.0
2026-06-30 20:17:09.222,addf6a26-48a2-4ed5-b67c-51bd407fd71a,Warm,0,2.15,3,151.0
2026-06-30 20:17:09.271,b5a5b8f3-9e9f-4c21-be21-90376a45d8eb,Warm,0,55.75,56,151.0
2026-06-30 20:17:09.297,102681f9-871b-4a57-940e-3ffbe670839f,Warm,0,51.92,52,145.0
2026-06-30 20:17:09.297,a0e3e86a-ee07-4f04-8df7-30f1b5197e2c,Warm,0,53.03,54,151.0
2026-06-30 20:17:09.352,329c139f-5286-4773-80fa-7298ccc62ed4,Warm,0,334.62,335,151.0
2026-06-30 20:17:09.354,5910ed4c-2407-43b7-a846-ee781b4ddd47,Warm,0,352.65,353,152.0
2026-06-30 20:17:09.840,7a13d8c4-6ab0-449d-9905-814357fbcc2e,Warm,0,1.75,2,151.0
2026-06-30 20:17:09.845,a7d24c5b-d585-49b2-9e9d-fc4bae614078,Warm,0,1.56,2,152.0
2026-06-30 20:17:09.886,d14440f8-2130-4612-b6ff-04c13118c8de,Warm,0,63.76,64,152.0
2026-06-30 20:17:09.887,43a0fb9d-b742-4ef8-b7d7-cf359cadf9bd,Warm,0,46.97,47,151.0
2026-06-30 20:17:09.888,4d5ad887-2f68-410a-9e0c-52864cb3aaca,Warm,0,48.88,49,153.0
2026-06-30 20:17:09.894,c139b8d0-aee4-4fc3-9416-0cdc94d8c677,Warm,0,56.59,57,145.0
2026-06-30 20:17:09.921,c1de897f-157d-451e-b0d5-6dfc6e3a3127,Warm,0,75.93,76,151.0
2026-06-30 20:17:10.100,62ca3890-68ea-4fff-8b90-ba22a75225f4,Warm,0,57.18,58,151.0
2026-06-30 20:17:10.153,12421c37-b489-4e86-adba-45cc20073311,Warm,0,310.36,311,151.0
2026-06-30 20:17:10.156,7b5c36cf-1fef-4324-8777-14d5431f04a0,Warm,0,326.8,327,151.0
2026-06-30 20:17:10.174,8d8c3000-2b37-4d7e-8627-a6fc56cf4452,Warm,0,331.05,332,151.0
2026-06-30 20:17:10.687,f5fbb730-75a5-4eef-a323-e4d6bc65fbcb,Warm,0,45.56,46,151.0
2026-06-30 20:17:10.687,9cff20af-0c32-453c-8ad8-4159ecaac44f,Warm,0,46.06,47,151.0
2026-06-30 20:17:10.695,5238565b-6334-422c-a7c4-d5fd16b707d4,Warm,0,49.18,50,151.0
2026-06-30 20:17:10.701,af3cb9cc-7c69-4b3a-bf72-8c4572272b78,Warm,0,52.81,53,145.0
2026-06-30 20:17:10.741,90da75bb-1746-4140-a24a-2defb31ea604,Warm,0,48.23,49,151.0
2026-06-30 20:17:10.742,2e11f12c-0d7c-4190-b415-257c5e432be6,Warm,0,51.93,52,151.0
2026-06-30 20:17:10.843,d1efd13e-cdac-4919-ad44-33480bc27d93,Warm,0,1.58,2,151.0
2026-06-30 20:17:10.871,f1cebf8e-e72b-45d4-bca7-bbee2e79c979,Warm,0,1.6,2,151.0
2026-06-30 20:17:10.873,1f4843af-29b3-45a6-8062-e95408181c06,Warm,0,1.59,2,151.0
2026-06-30 20:17:10.941,3742ad17-fd20-44ee-83b4-af5932572840,Warm,0,299.66,300,151.0
2026-06-30 20:17:11.046,b3a62927-9e98-4d62-ae79-6320e9095cb5,Warm,0,368.17,369,153.0
2026-06-30 20:17:11.724,897cab04-c4ed-42bf-96b2-5d042abcfedb,Warm,0,1.75,2,151.0
2026-06-30 20:17:11.741,0b2f1eaf-f4e0-4e97-92b4-1c76563a7ec9,Warm,0,1.84,2,151.0
2026-06-30 20:17:11.770,f184c02f-3068-4125-9735-708569b88bec,Warm,0,51.23,52,151.0
2026-06-30 20:17:11.801,84fff42d-a1ab-4dd9-9c60-d59e948cde20,Warm,0,53.57,54,145.0
2026-06-30 20:17:11.806,9423b12b-c3b7-4dc1-bf8f-7681c3935df7,Warm,0,47.59,48,151.0
2026-06-30 20:17:12.024,d0010fe4-4806-4e99-98d0-58347f661603,Warm,0,301.18,302,153.0
2026-06-30 20:17:12.027,80c7429d-5cd1-44db-8c7c-98ec056c56b7,Warm,0,297.18,298,152.0
2026-06-30 20:17:12.555,f8e94a76-64f0-4bc8-8101-5b6c377bebbe,Warm,0,51.05,52,152.0
2026-06-30 20:17:12.556,17e38a52-b53e-471e-9f6d-bafae1445345,Warm,0,48.73,49,145.0
2026-06-30 20:17:12.826,7a37fdb0-dc6c-41f7-8827-30158d9a26c2,Warm,0,320.07,321,151.0
2026-06-30 20:17:12.851,16d54f28-f091-4535-84f8-fb42ade5b802,Warm,0,347.5,348,153.0
2026-06-30 20:17:13.244,47f371ca-07ce-4baa-858d-340fb7f2aba0,Warm,0,1.42,2,153.0
2026-06-30 20:17:13.250,2c683de1-d881-475e-9778-05a55531bb6c,Warm,0,1.26,2,153.0
2026-06-30 20:17:13.261,a7e0446b-5fa3-45fd-a4eb-b28a0c0eb401,Warm,0,1.93,2,145.0
2026-06-30 20:17:13.547,03b54cb5-bbc4-4a66-9f4b-e78f32a679c6,Warm,0,301.88,302,151.0
2026-06-30 20:17:13.548,ab2e89d6-1931-4aa7-b530-b2eddd2bfe6d,Warm,0,289.61,290,153.0
2026-06-30 20:17:14.074,f79322fc-941d-4629-b936-7628a00691e9,Warm,0,1.67,2,145.0
2026-06-30 20:17:14.099,3699bc7d-849f-4011-8363-c5e15483501c,Warm,0,3.3,4,145.0
2026-06-30 20:17:14.101,44f1d5a1-f612-47ac-a539-d27f40184235,Warm,0,2.19,3,151.0
2026-06-30 20:17:14.351,bf0bdd0a-f030-4035-8522-56b86d3c9c0d,Warm,0,293.38,294,153.0
2026-06-30 20:17:14.384,24d6772c-41a7-4e1f-b3c8-db9b9b640c86,Warm,0,326.39,327,151.0
2026-06-30 20:17:14.431,74f86fb8-c803-4972-a688-0153bd3a2be3,Warm,0,354.38,355,152.0
2026-06-30 20:17:15.224,4b92f5fc-aa24-4988-9fba-f399712b7bcd,Warm,0,1.49,2,152.0
2026-06-30 20:17:15.264,fe522f95-2b95-4252-8312-c32dd0e6d336,Warm,0,1.56,2,152.0
2026-06-30 20:17:15.276,b62d8b3f-903e-4447-8921-b84b7a98a794,Warm,0,1.52,2,152.0
2026-06-30 20:17:22.131,de9aca11-bb99-47a5-975e-d24e010acc21,Warm,0,67.72,68,152.0
2026-06-30 20:17:22.204,7485331a-3088-4c4e-ae7d-be0f358788e9,Warm,0,136.71,137,151.0
2026-06-30 20:17:22.712,d2ab7b39-1f7f-49cf-9080-78312153411c,Warm,0,49.06,50,151.0
2026-06-30 20:17:22.748,47967b44-1fc5-404f-a28e-9f8c778c6c46,Warm,0,65.92,66,153.0
2026-06-30 20:17:22.794,7f53b060-6dd4-4ecb-84f2-d7c21fafd4a7,Warm,0,80.76,81,145.0
2026-06-30 20:17:23.026,24d9642f-75ab-4b5f-8acb-4d06fc0683aa,Warm,0,348.57,349,152.0
2026-06-30 20:17:23.042,94d5fb27-71e5-4305-8490-b0cc19003fb5,Warm,0,361.3,362,151.0
2026-06-30 20:17:23.495,b58b1f61-1445-4984-bfb1-e612f6591c0e,Warm,0,15.17,16,151.0
2026-06-30 20:17:23.507,9ee76a4b-4719-435e-bcc2-c50926470dcb,Warm,0,41.99,42,152.0
2026-06-30 20:17:23.669,8f3a399e-321d-496b-ac53-236bbcd7c96e,Warm,0,1.47,2,151.0
2026-06-30 20:17:23.682,f28e94c1-8d4c-417f-88c1-5c00f9bb1642,Warm,0,1.53,2,152.0
2026-06-30 20:17:23.706,cbc95da1-b4a5-4881-8986-4afa2ca44a56,Warm,0,27.8,28,151.0
2026-06-30 20:17:23.715,f8b27b17-5c58-4184-b2d0-a4c103acf711,Warm,0,48.46,49,152.0
2026-06-30 20:17:23.723,f856e87e-a8c2-4b55-89cd-724db83ec2b5,Warm,0,43.95,44,151.0
2026-06-30 20:17:23.735,844b001e-c1d0-45b1-a941-58afe5d742c0,Warm,0,51.94,52,152.0
2026-06-30 20:17:23.756,f745dba3-183e-4dad-a760-15b0d6447866,Warm,0,277.2,278,153.0
2026-06-30 20:17:23.762,765b2c6c-6715-48f1-ba0c-d255d98bff8e,Warm,0,297.1,298,151.0
2026-06-30 20:17:23.802,566763f7-803e-415c-a3e5-705a8cf437a9,Warm,0,324,324,151.0
2026-06-30 20:17:24.012,ee1f1e64-446b-4762-a387-100654e1cf7f,Warm,0,333.75,334,151.0
2026-06-30 20:17:24.472,a0a2a598-bea8-4107-85c7-37f8331c383a,Warm,0,14.48,15,151.0
2026-06-30 20:17:24.474,09807621-f127-4d8a-99ce-ab7733832645,Warm,0,14.86,15,151.0
2026-06-30 20:17:24.483,8540f491-b002-4f0e-ae49-3c308b6bba8d,Warm,0,22.77,23,151.0
2026-06-30 20:17:24.502,692032eb-8979-4fb8-9149-fbbc4d67a969,Warm,0,2.24,3,151.0
2026-06-30 20:17:24.506,5ea461f0-30d4-4c17-80b9-25905c0b6607,Warm,0,1.54,2,152.0
2026-06-30 20:17:24.507,568fb80b-2c74-4b74-be5e-a676396f0b99,Warm,0,1.66,2,152.0
2026-06-30 20:17:24.783,8a7d68b8-4e23-4f91-a192-1680fbefc5b8,Warm,0,322.68,323,152.0
2026-06-30 20:17:24.793,2d64b1cf-78d1-4d84-bc4a-a28baf13ed8a,Warm,0,335.06,336,153.0
2026-06-30 20:17:24.796,d6c9e68b-61f7-4caa-b321-478ed494050c,Warm,0,295.74,296,151.0
2026-06-30 20:17:24.796,585b0143-8caf-43ca-8c5b-46096d057592,Warm,0,294.9,295,151.0
2026-06-30 20:17:24.816,713503a9-5402-48c7-a38d-ed51e6e7f12b,Warm,0,316.07,317,151.0
2026-06-30 20:17:24.846,b9535e6d-77a6-4c94-bb63-74f23c259bb3,Warm,0,336.97,337,151.0
2026-06-30 20:17:24.851,64a1f3fd-efc8-4b72-bc87-235159432593,Warm,0,345.79,346,151.0
2026-06-30 20:17:24.862,8ba532d6-a72f-42ab-8ac2-6ed9e2c61fc2,Warm,0,355.47,356,151.0
2026-06-30 20:17:24.894,b35a623a-91d9-4db2-b151-b6e18fbe876e,Warm,0,380.23,381,152.0
2026-06-30 20:17:25.290,2201130c-d08e-444d-b2f8-80be3e5ac104,Warm,0,17.5,18,152.0
2026-06-30 20:17:25.295,95e75f18-673a-41de-920a-bcf797e0d2b1,Warm,0,14.87,15,151.0
2026-06-30 20:17:25.310,4d583a0c-95c7-465a-99c4-3c2b867761d9,Warm,0,2.67,3,151.0
2026-06-30 20:17:25.330,4426df15-e114-4fc2-bcb2-878c32d0d957,Warm,0,1.44,2,151.0
2026-06-30 20:17:25.331,5766d8ee-2ce2-470c-b505-13d4ed43e337,Warm,0,1.47,2,151.0
2026-06-30 20:17:25.339,a2b0b77b-a677-4c2b-98df-bf366809219d,Warm,0,1.47,2,151.0
2026-06-30 20:17:25.343,72e71991-0f2d-4bb9-8431-d068b209b5e2,Warm,0,14.41,15,151.0
2026-06-30 20:17:25.344,223f0488-95f9-4299-9e98-11024af8230c,Warm,0,15.07,16,151.0
2026-06-30 20:17:25.348,b54a4fce-d4c1-4500-96f2-2429ee601626,Warm,0,1.53,2,151.0
2026-06-30 20:17:25.351,51b5c352-ce6d-4d72-9f64-28b3f09e347d,Warm,0,14.76,15,151.0
2026-06-30 20:17:25.614,d962d96e-8be1-4af8-9e68-c742ab56eeb0,Warm,0,275.28,276,153.0
2026-06-30 20:17:25.629,324ff69e-2c18-4806-b434-301b0f240249,Warm,0,288.85,289,152.0
2026-06-30 20:17:25.659,dcefac39-4d83-4854-92ac-4828a2f85053,Warm,0,331.06,332,152.0
2026-06-30 20:17:25.662,e167dcb9-f975-4600-a4c4-4435ddfd7d03,Warm,0,12.59,13,153.0
2026-06-30 20:17:25.663,2613a2b0-1119-4cf3-97ea-1f57691cc103,Warm,0,14.96,15,152.0
2026-06-30 20:17:25.666,de8162bc-3604-4106-b890-4ef587e9d50f,Warm,0,325.91,326,152.0
2026-06-30 20:17:25.670,7405acd9-0255-4dc5-83fb-a45632c420ed,Warm,0,340.57,341,151.0
2026-06-30 20:17:25.681,3ef1b3a1-8a38-44d3-9e76-01024ab28e01,Warm,0,343,344,152.0
2026-06-30 20:17:26.040,6dd7dec4-1a21-4a79-8616-36c05ac0b3cc,Warm,0,1.57,2,151.0
2026-06-30 20:17:26.046,9bf90af2-e5ab-4ff3-9e35-b59b097b6f7c,Warm,0,1.54,2,152.0
2026-06-30 20:17:26.048,4ddc9254-a419-4dfa-b245-cf3ea9ae08f3,Warm,0,1.55,2,151.0
2026-06-30 20:17:26.049,ed0f9cb4-afea-4843-8fb8-6805a4bd8af3,Warm,0,1.51,2,152.0
2026-06-30 20:17:26.055,cafa06eb-dddf-4759-bd61-2c38e3ccc92d,Warm,0,16.85,17,152.0
2026-06-30 20:17:26.059,7491315a-0c15-48dd-8223-c5db6a5d9630,Warm,0,1.53,2,152.0
2026-06-30 20:17:26.097,3e249bfa-8c1c-4885-a1b9-22e8b89f8d30,Warm,0,1.66,2,152.0
2026-06-30 20:17:26.100,88343aee-bb6f-44ea-a750-72507a6c70bb,Warm,0,1.59,2,152.0
2026-06-30 20:17:26.138,cf56df16-7d1b-42c7-bb74-83b0f0f43606,Warm,0,24.4,25,152.0
2026-06-30 20:17:26.149,b01cda3b-8e3f-45b4-afe0-1ea99256f56d,Warm,0,16.34,17,151.0
2026-06-30 20:17:26.276,916aec40-318f-4250-ac38-2d8e71f7b7a5,Warm,0,1.44,2,151.0
2026-06-30 20:17:26.289,4a7bf92f-0845-4dce-88e4-8a885c3f3b73,Warm,0,1.39,2,151.0
2026-06-30 20:17:26.290,6965a40a-b82f-4582-a138-ff56ed0c6aaf,Warm,0,1.6,2,151.0
2026-06-30 20:17:26.386,adf33b77-e742-4553-80ef-6fe237fb5b5d,Warm,0,338.96,339,153.0
2026-06-30 20:17:26.390,769c0121-7363-45a0-af0d-0f171fd8a39e,Warm,0,280.22,281,152.0
2026-06-30 20:17:26.396,e109793d-9a9a-4df6-974b-8374c16bea9c,Warm,0,299.92,300,152.0
2026-06-30 20:17:26.421,c5fab00c-ca84-4c9d-ad8e-e290a07791bf,Warm,0,326.19,327,151.0
2026-06-30 20:17:26.428,2e0c40f1-7bab-44e7-a465-27a2a35f51d7,Warm,0,296.66,297,152.0
2026-06-30 20:17:26.445,297c59fe-d79b-431a-90f6-6fe5bc054a32,Warm,0,299.49,300,152.0
2026-06-30 20:17:26.494,48e5e33c-7a19-4238-bcad-b103a7792071,Warm,0,13.68,14,152.0
2026-06-30 20:17:26.857,440334a5-2cb0-4b03-a71b-55adc7968999,Warm,0,1.5,2,152.0
2026-06-30 20:17:26.876,3c804bb6-be7c-48ba-a824-02760ecc6ab0,Warm,0,1.55,2,152.0
2026-06-30 20:17:26.883,07bae16e-2b75-47e3-9279-af4871ec46aa,Warm,0,1.33,2,152.0
2026-06-30 20:17:26.887,4163076f-e116-423f-a58a-f9f2dd697394,Warm,0,1.43,2,152.0
2026-06-30 20:17:26.963,a26067b8-3ae8-4ff3-8971-4dd5db7a839c,Warm,0,1.47,2,151.0
2026-06-30 20:17:26.975,9972b6f6-8bb3-4e4b-8fa9-ba5041680247,Warm,0,17.46,18,151.0
2026-06-30 20:17:26.990,63f20f23-886f-4877-83ba-4f68732f8324,Warm,0,29.15,30,151.0
2026-06-30 20:17:26.994,d21b0d01-f159-4f52-81fe-f8cdd3b4b4ff,Warm,0,34.21,35,151.0
2026-06-30 20:17:26.997,bc9a4984-12f8-4f6f-9938-f5fbf3c69074,Warm,0,1.58,2,151.0
2026-06-30 20:17:27.007,2b35288a-21bb-4189-b3e2-c7d3086e8449,Warm,0,12.71,13,151.0
2026-06-30 20:17:27.054,48665a04-3e69-45d7-9cfc-bdf1592d9cb2,Warm,0,30.82,31,151.0
2026-06-30 20:17:27.195,a0ce25ff-d31b-4c19-ab82-ebd62ff3fc78,Warm,0,331.71,332,152.0
2026-06-30 20:17:27.214,473c785f-eefe-4f22-a53a-94227bbee09d,Warm,0,322.65,323,151.0
2026-06-30 20:17:27.221,d24eeaea-6e99-44d9-afc3-5bca1bf120b4,Warm,0,305.35,306,152.0
2026-06-30 20:17:27.240,c78964e1-6296-448a-bd4b-e6d4532b3b90,Warm,0,322.64,323,153.0
2026-06-30 20:17:27.247,ce8a60c3-62ae-4057-8e6c-74c3dc88fb3f,Warm,0,331.13,332,152.0
2026-06-30 20:17:27.528,1b48fc36-1dda-4b6d-8185-8cefe2275e49,Warm,0,643.78,644,152.0
2026-06-30 20:17:27.853,9a2f14e8-128d-42b5-9a70-0bb9034611ca,Warm,0,1.48,2,152.0
2026-06-30 20:17:27.855,e8c02911-2a31-402a-8ca8-cbe8117772b2,Warm,0,1.43,2,152.0
2026-06-30 20:17:27.913,f8258beb-0c7d-48a2-a56d-973042e2acfa,Warm,0,1.35,2,152.0
2026-06-30 20:17:27.915,75e266ca-2775-4b68-90d3-6130447f11b8,Warm,0,1.57,2,151.0
2026-06-30 20:17:28.054,bb9ad8a6-a36b-440c-bccb-c8483cf6b97a,Warm,0,1.65,2,151.0
2026-06-30 20:17:28.104,66d98d60-1883-4e33-bc67-140bd5f1a092,Warm,0,1.52,2,151.0
2026-06-30 20:17:28.176,ff35a3de-0217-420d-82a7-55795a134130,Warm,0,298.53,299,152.0
2026-06-30 20:17:28.196,508a8f04-4626-4c9d-a2b0-c5caaba7cb9e,Warm,0,331.49,332,152.0
2026-06-30 20:17:28.206,3e179830-bb3c-474d-b00a-62fb131525ac,Warm,0,328.09,329,153.0
2026-06-30 20:17:28.833,91838908-f5b6-4fc3-acdd-a53385fda299,Warm,0,1.3,2,153.0
2026-06-30 20:17:28.842,68bd58b1-381e-4299-9f10-a03206316118,Warm,0,1.11,2,153.0
2026-06-30 20:17:28.842,b0b469d1-4ba9-41ea-b5a9-e1a6d78b781f,Warm,0,1.41,2,152.0
2026-06-30 20:17:28.844,703bcf59-66cd-4a0e-a6bb-6503fd44b765,Warm,0,1.49,2,152.0
2026-06-30 20:17:34.990,f9ee4428-37d3-4007-9724-82a207fb4b31,Warm,0,89.62,90,152.0
2026-06-30 20:17:34.998,b289da15-1318-4c99-9c52-954f28927b6c,Warm,0,93.58,94,153.0
2026-06-30 20:17:35.001,27ae8d69-b63d-4b6d-bd3d-de777f7bbfbe,Warm,0,98.57,99,152.0
2026-06-30 20:17:35.689,2a1d79d1-3a37-47dd-8ff2-d50f119d70da,Warm,0,41.59,42,152.0
2026-06-30 20:17:35.699,7d7dcd6a-bc92-4fbf-8458-76a24ee03d38,Warm,0,41.25,42,152.0
2026-06-30 20:17:35.735,08ed24ce-435d-44a1-b663-68f4df5f86f7,Warm,0,74.48,75,152.0
2026-06-30 20:17:35.945,bd5e93b9-36f9-475a-9802-dd35d8fadb50,Warm,0,293.68,294,153.0
2026-06-30 20:17:35.985,a33165fa-329f-4552-a786-13101b200528,Warm,0,324.45,325,151.0
2026-06-30 20:17:36.329,23a33f54-9882-4281-aa68-ec9d9a0d1d88,Warm,0,14.08,15,152.0
2026-06-30 20:17:36.359,98eb3bbf-87ef-465f-8e70-df282e0da244,Warm,0,45.92,46,152.0
2026-06-30 20:17:36.363,7129ebff-ef2e-4de1-b16b-c21b52692006,Warm,0,51.58,52,151.0
2026-06-30 20:17:36.371,a5fd1de0-495e-44b2-8f79-61fcd4110216,Warm,0,50.05,51,152.0
2026-06-30 20:17:36.382,bac1c55f-1097-4ec3-81dd-b3d090910a55,Warm,0,45.88,46,152.0
2026-06-30 20:17:36.403,bd0e83b7-7b97-4ef5-a544-61af8c9e970f,Warm,0,72.91,73,151.0
2026-06-30 20:17:36.404,54921bc7-3e9f-4099-a855-b96e55ce8c64,Warm,0,73.39,74,151.0
2026-06-30 20:17:36.408,e81c0e6f-c7cd-4754-ae84-19dfb6b32cd3,Warm,0,69.67,70,151.0
2026-06-30 20:17:36.414,044b6e0a-cdc4-4c00-813d-f0e5f3669e06,Warm,0,84.47,85,152.0
2026-06-30 20:17:36.604,59bbd881-c2c9-487f-b3d5-2720656d21b4,Warm,0,293.59,294,153.0
2026-06-30 20:17:36.911,07d8d5fb-8fa3-4d4b-b603-e1bf9232333f,Warm,0,356.65,357,152.0
2026-06-30 20:17:37.081,9862c543-0ce0-46fe-a3d5-76cc5bf4aab6,Warm,0,1.8,2,152.0
2026-06-30 20:17:37.100,e4a4637b-1911-4da6-ac6a-0e8200c365e8,Warm,0,1.77,2,151.0
2026-06-30 20:17:37.115,dfdf4a08-058e-4094-80a3-7bddc44cd214,Warm,0,14.84,15,151.0
2026-06-30 20:17:37.129,8d6e8700-1694-41e3-91cf-360d33679316,Warm,0,44.81,45,151.0
2026-06-30 20:17:37.156,b7928d1f-d6f8-4e55-a83b-c86b478b0d51,Warm,0,56.89,57,152.0
2026-06-30 20:17:37.178,0aa1d78a-738f-4478-90fc-3b50af85d96a,Warm,0,77.89,78,152.0
2026-06-30 20:17:37.281,85616754-bda7-4876-b383-9febfc31a442,Warm,0,1.51,2,151.0
2026-06-30 20:17:37.318,fe8da158-ee40-41c6-8374-fd413271c0ce,Warm,0,44.25,45,151.0
2026-06-30 20:17:37.371,eaece552-4a8a-426f-91bd-450e7d806a3c,Warm,0,289.44,290,153.0
2026-06-30 20:17:37.573,47f3f217-2151-407c-be56-24fa2aa40cae,Warm,0,293.27,294,151.0
2026-06-30 20:17:37.584,c121d743-eab7-4159-b993-be756edcc507,Warm,0,318.42,319,152.0
2026-06-30 20:17:37.642,bb2e6e03-69e8-4b51-84ba-76ac9ed62f82,Warm,0,375.98,376,152.0
2026-06-30 20:17:38.084,84b89c27-e527-4697-8357-2af37cab7f56,Warm,0,1.51,2,152.0
2026-06-30 20:17:38.101,bf289d8f-7dd8-4ae0-b9ea-4a876cb5a08c,Warm,0,14.68,15,151.0
2026-06-30 20:17:38.108,15423407-a90e-4ace-b2fe-d2f8249cf713,Warm,0,15.18,16,151.0
2026-06-30 20:17:38.131,ae468e98-2278-4082-a7bc-581288e06950,Warm,0,47.97,48,152.0
2026-06-30 20:17:38.143,050155b6-ab3d-4ca7-9974-762ba6a2d38a,Warm,0,47.9,48,151.0
2026-06-30 20:17:38.148,f7f6f4f1-3f7b-4a2e-8e64-da83a34f3dff,Warm,0,55.54,56,152.0
2026-06-30 20:17:38.174,91d97c4a-1515-4ac4-baf3-f39f68c76779,Warm,0,1.5,2,151.0
2026-06-30 20:17:38.185,f8c853a6-f7ba-455b-b001-fe65d36c7310,Warm,0,1.44,2,151.0
2026-06-30 20:17:38.188,92a9a277-e862-4145-b14d-d36fd9c5408d,Warm,0,1.69,2,151.0
2026-06-30 20:17:38.199,a1e9fec9-0b61-4d05-af15-c2d275e8c084,Warm,0,23.43,24,152.0
2026-06-30 20:17:38.200,44a14278-bfcc-4dc7-8c10-904160146997,Warm,0,28.33,29,152.0
2026-06-30 20:17:38.239,62edd0c2-60d0-40d3-bfb0-72453657bc2c,Warm,0,52.33,53,152.0
2026-06-30 20:17:38.383,f4a3587d-4b76-48c0-a8d8-b1fb09765513,Warm,0,289.49,290,152.0
2026-06-30 20:17:38.385,48a44054-12a2-4900-9148-4c0c4794b55a,Warm,0,295.92,296,153.0
2026-06-30 20:17:38.441,3f991f87-a08f-462e-83d4-785f412ed8d8,Warm,0,346.8,347,151.0
2026-06-30 20:17:38.471,3955238e-408d-42c0-9f9a-b2335cbc37a0,Warm,0,285.35,286,151.0
2026-06-30 20:17:38.472,56d3e9e7-1b1d-4d65-95fa-48625fe06e4e,Warm,0,288.89,289,151.0
2026-06-30 20:17:38.905,440a92c4-8392-41ad-94e6-05fcc81e6b5a,Warm,0,1.62,2,152.0
2026-06-30 20:17:38.907,b863e335-1ad6-4aed-a03a-9fe6c2fb0f91,Warm,0,14.76,15,151.0
2026-06-30 20:17:38.934,1e128c69-c4b9-4bad-baf1-ec6bd1a61609,Warm,0,49.41,50,151.0
2026-06-30 20:17:38.943,3e6f6c6d-7ad5-4d79-89e2-989faef16f98,Warm,0,49.41,50,151.0
2026-06-30 20:17:38.944,47706342-8396-4296-8f58-f36094a8b1c4,Warm,0,50.74,51,153.0
2026-06-30 20:17:38.951,177415d6-8e5e-4f97-b84e-529eeb70457b,Warm,0,45.11,46,151.0
2026-06-30 20:17:38.953,bc2d14c2-a8bb-40c9-aac7-15ed047e6211,Warm,0,1.49,2,151.0
2026-06-30 20:17:38.954,ec2a70f1-862e-4ac3-8d44-c529e8497cd7,Warm,0,1.6,2,151.0
2026-06-30 20:17:38.955,3d2bfb61-f4f5-40c5-821e-0b579f60c273,Warm,0,1.5,2,151.0
2026-06-30 20:17:38.956,8f0abc10-ce5f-498a-9559-423428a00842,Warm,0,1.57,2,152.0
2026-06-30 20:17:38.966,9df7146d-6a99-4d91-bccf-c88c8dd0cb03,Warm,0,1.57,2,152.0
2026-06-30 20:17:38.983,2be8da75-3e79-43f6-9ecb-98996e9918d4,Warm,0,33.76,34,153.0
2026-06-30 20:17:38.997,88b48a5b-b1dc-44ce-95c1-93ddc318ba46,Warm,0,26.66,27,151.0
2026-06-30 20:17:39.199,b94263aa-47a5-4222-bd0e-49a11b14ace6,Warm,0,295.68,296,152.0
2026-06-30 20:17:39.212,0b699abb-52f2-48aa-9a16-89a6aa006308,Warm,0,309.7,310,152.0
2026-06-30 20:17:39.236,434e35a9-c673-4dea-85b4-0de6d2aeb057,Warm,0,332.4,333,152.0
2026-06-30 20:17:39.287,c771b3a1-d811-4ba9-bae5-5536360ada51,Warm,0,305.21,306,152.0
2026-06-30 20:17:39.701,48b1b604-9324-4751-9ddd-a1112f8062af,Warm,0,14.23,15,152.0
2026-06-30 20:17:39.712,c561c13e-1a77-42e1-9c9f-221281f1ddbc,Warm,0,16.42,17,152.0
2026-06-30 20:17:39.742,695fe77f-8ed4-4729-bd32-efe585199082,Warm,0,52.61,53,152.0
2026-06-30 20:17:39.823,8e123c55-dbef-4055-983d-749ff0708a98,Warm,0,57.07,58,152.0
2026-06-30 20:17:39.893,86075a3c-beb0-48c2-b886-a41caead7be7,Warm,0,1.34,2,153.0
2026-06-30 20:17:39.903,2490cff1-ae2c-4323-8ffd-a0e082648339,Warm,0,1.18,2,153.0
2026-06-30 20:17:39.905,a23a61f7-32ba-4565-a44c-8a37750a859d,Warm,0,1.56,2,151.0
2026-06-30 20:17:39.923,f09a5283-f16b-4b0d-a053-f316caa3c55f,Warm,0,33.17,34,152.0
2026-06-30 20:17:39.999,5d0c92da-950e-46a7-8168-b688f49155f9,Warm,0,305.12,306,152.0
2026-06-30 20:17:40.001,b729c751-7a12-4a5d-9fa2-43a9f8cbe89e,Warm,0,1.5,2,152.0
2026-06-30 20:17:40.016,99c3905c-8c1c-4856-aedf-6f9d84ef42b9,Warm,0,300.72,301,151.0
2026-06-30 20:17:40.036,312fba06-c862-4810-8025-11ddab3b0565,Warm,0,322.97,323,152.0
2026-06-30 20:17:40.239,a2c57a78-ab2d-4452-8430-2c43244e97ac,Warm,0,312.62,313,151.0
2026-06-30 20:17:40.254,5ddc45ae-0f0e-41c6-87eb-fdd001c61dbe,Warm,0,362.06,363,152.0
2026-06-30 20:17:40.543,9a890f11-6e64-4ebd-8446-ffbf15f1091b,Warm,0,1.77,2,152.0
2026-06-30 20:17:40.559,d18fa7ed-a2ba-47af-87ea-47e10016a3c9,Warm,0,1.68,2,152.0
2026-06-30 20:17:40.564,c97debf2-ba6e-4c0a-a254-78ffb35d64ee,Warm,0,1.46,2,152.0
2026-06-30 20:17:40.579,9329f451-b5f3-4946-8cfc-0f4080e79a19,Warm,0,16.99,17,152.0
2026-06-30 20:17:40.580,b52151c9-b71d-421d-9552-05495bb8763d,Warm,0,15.5,16,151.0
2026-06-30 20:17:40.857,fdb95b15-9310-443d-9f45-e99044c86024,Warm,0,294.37,295,151.0
2026-06-30 20:17:40.896,d0da3e0d-24bd-480e-b2ff-b8601640a786,Warm,0,335.9,336,152.0
2026-06-30 20:17:41.512,e2a4d736-5b47-4ef5-b601-6880fe421417,Warm,0,1.51,2,152.0
2026-06-30 20:17:41.588,c677ddcf-2318-44bd-b052-aa9e78898fe1,Warm,0,1.62,2,152.0
2026-06-30 20:17:41.709,ccf1a5ae-7eb1-4f69-958b-960b0adddd00,Warm,0,1.49,2,152.0
2026-06-30 20:17:41.711,eeab972f-0b4b-45bd-8d3c-c952d643b502,Warm,0,1.58,2,151.0
2026-06-30 20:17:49.369,7f982cf9-1a5a-48a2-af37-a7387bec464d,Warm,0,70.89,71,151.0
2026-06-30 20:17:49.369,fa8fa6ee-1d73-451d-b2f5-b9c877958c11,Warm,0,65.26,66,152.0
2026-06-30 20:17:49.398,a9db6b2d-4b80-499f-8d36-5f223a2c58b2,Warm,0,76.92,77,151.0
2026-06-30 20:17:50.119,00a184b3-e946-4e0a-adfe-e7fc338512fb,Warm,0,46.2,47,151.0
2026-06-30 20:17:50.144,b87d3c70-d4f0-4c3f-b472-12bb68d1d375,Warm,0,44.14,45,152.0
2026-06-30 20:17:50.175,7e355506-966f-4e1a-9deb-ed463fbf03d5,Warm,0,74.12,75,152.0
2026-06-30 20:17:50.397,fd3c6222-8239-4371-85d2-bd45751e7ba8,Warm,0,323.08,324,151.0
2026-06-30 20:17:50.895,4726b4fa-2c72-424c-9b47-f8060ea1e44e,Warm,0,18.33,19,151.0
2026-06-30 20:17:50.936,ce53987e-6ade-4bb7-857d-a755f50beabc,Warm,0,44.28,45,152.0
2026-06-30 20:17:51.096,0e886ae9-8647-44c2-a942-2c1ff7962612,Warm,0,1.55,2,151.0
2026-06-30 20:17:51.110,70cb971a-824a-410a-bd8c-30259a70b366,Warm,0,24.42,25,152.0
2026-06-30 20:17:51.153,580d4aa5-22dd-4984-ba04-c7bb9a0d6782,Warm,0,55.64,56,152.0
2026-06-30 20:17:51.193,a00c5ddd-4cd6-4104-9040-d85826e81a04,Warm,0,300.28,301,151.0
2026-06-30 20:17:51.196,777e01b8-d0fa-47c1-92cd-0c293d75f675,Warm,0,84.01,85,151.0
2026-06-30 20:17:51.231,fc29fbb7-0721-4e6a-bb99-3a6757be7f1a,Warm,0,345.13,346,152.0
2026-06-30 20:17:51.427,2f664eee-7171-438e-860d-0c82ee93ae4f,Warm,0,316.95,317,153.0
2026-06-30 20:17:51.439,70918be1-0f28-454e-8224-b3ec6f16156c,Warm,0,329.11,330,151.0
2026-06-30 20:17:51.443,efd07dca-ef3f-4361-a64e-6743871b8915,Warm,0,346.7,347,152.0
2026-06-30 20:17:51.725,4eefab89-5323-4e3a-a9bf-6ad6a9ba352f,Warm,0,16.15,17,151.0
2026-06-30 20:17:51.800,29e43277-7f7e-493e-b52d-5976fcfcc40e,Warm,0,47.24,48,151.0
2026-06-30 20:17:51.905,1fe9d703-4638-462c-8073-bccd327a1b5b,Warm,0,1.51,2,152.0
2026-06-30 20:17:51.905,d9c117cf-9309-4f91-9a72-1d94e3fd879f,Warm,0,1.49,2,152.0
2026-06-30 20:17:51.932,6ab00025-9230-44ef-8f05-0415ff77398a,Warm,0,25.68,26,151.0
2026-06-30 20:17:51.961,67217816-4951-4dc6-a8e4-7e876cac3eb4,Warm,0,54.49,55,151.0
2026-06-30 20:17:51.980,41a5ca15-877b-4511-9db7-108ac3138305,Warm,0,75.77,76,151.0
2026-06-30 20:17:51.981,778bd8cd-91c6-4648-8ca1-cfd988bc4488,Warm,0,274.89,275,153.0
2026-06-30 20:17:51.989,4497396a-ec43-4fdc-8445-f7426e535530,Warm,0,301.95,302,152.0
2026-06-30 20:17:51.998,1312caf4-e79a-4501-9f04-787d453e7ece,Warm,0,289.42,290,152.0
2026-06-30 20:17:52.019,26595cdc-e0fc-49ec-934e-45815de7f84d,Warm,0,320.67,321,151.0
2026-06-30 20:17:52.211,16567113-4ed1-483c-9b0c-4b5c89a2fe3a,Warm,0,317.39,318,151.0
2026-06-30 20:17:52.496,e6a2a3e0-a7d0-4736-812f-5a4feeb664fb,Warm,0,1.49,2,151.0
2026-06-30 20:17:52.505,8c422eb5-c3d2-4061-8308-b06954a33826,Warm,0,1.32,2,153.0
2026-06-30 20:17:52.506,adc17f0b-b7f0-4259-8ad5-c36ac05a3010,Warm,0,1.4,2,151.0
2026-06-30 20:17:52.514,03e53317-71c6-475d-bd1e-2528e0f94a32,Warm,0,15.44,16,151.0
2026-06-30 20:17:52.523,9eca1fcf-69b5-45a5-8997-44711a0ef865,Warm,0,16.18,17,151.0
2026-06-30 20:17:52.549,e534397f-84fb-4063-a69c-a1fe48c5586f,Warm,0,47.91,48,152.0
2026-06-30 20:17:52.552,14c55583-4e10-4fc0-bdbe-66b21fe76c06,Warm,0,47.81,48,151.0
2026-06-30 20:17:52.575,d0c2e7b4-d032-409f-a59a-3366569571be,Warm,0,65.8,66,153.0
2026-06-30 20:17:52.698,f1e1ce7d-9654-4c1e-b79d-e81408c251e7,Warm,0,1.29,2,153.0
2026-06-30 20:17:52.703,2b7893f9-880c-448f-be93-bdbd79253f6d,Warm,0,1.46,2,151.0
2026-06-30 20:17:52.725,2c940192-bd58-4bc0-8222-2065463e1d18,Warm,0,1.31,2,153.0
2026-06-30 20:17:52.726,ffae7f47-d402-4148-a259-7fc76193d817,Warm,0,1.46,2,152.0
2026-06-30 20:17:52.754,8e223003-a476-4406-9882-2e5fe2444e61,Warm,0,26.42,27,151.0
2026-06-30 20:17:52.774,92f0bc3b-7b86-4e6e-8d06-db42a7874cd3,Warm,0,49.98,50,151.0
2026-06-30 20:17:52.797,e488d19c-bf5e-4135-90ae-0abbf31ce773,Warm,0,297.33,298,152.0
2026-06-30 20:17:52.805,53de7ee2-8302-453d-b5b3-457d7bda0c0f,Warm,0,297.02,298,151.0
2026-06-30 20:17:53.294,a677a410-448b-4d42-8e42-c3aba77695fc,Warm,0,1.32,2,151.0
2026-06-30 20:17:53.305,b0a8e67c-eb19-495e-8e39-288f197179ea,Warm,0,15.04,16,152.0
2026-06-30 20:17:53.344,9142edf0-c120-4e26-8f55-4accdda5e88f,Warm,0,1.51,2,152.0
2026-06-30 20:17:53.350,e9368b0f-7359-4df2-9a46-df20b756c678,Warm,0,1.61,2,151.0
2026-06-30 20:17:53.361,e376a632-dfd2-4aa6-ae13-6dda265d54b0,Warm,0,14.82,15,152.0
2026-06-30 20:17:53.388,dddd371e-bed9-4f2a-afe4-3e3348d3320f,Warm,0,341.55,342,151.0
2026-06-30 20:17:53.389,9d3777c2-fdd9-434c-b949-ca4722651656,Warm,0,49.03,50,151.0
2026-06-30 20:17:53.406,f4556143-3cef-4da3-945e-e0d35bcb9cca,Warm,0,62.93,63,152.0
2026-06-30 20:17:53.406,4220aaca-89f6-4dcd-8e5c-b598f4f9cad7,Warm,0,64.62,65,151.0
2026-06-30 20:17:53.419,9ff3b5f5-3949-4aa2-938e-223961be51d8,Warm,0,78.68,79,153.0
2026-06-30 20:17:53.589,b3415c5b-2122-4359-9ea2-1926615b6fa8,Warm,0,296.77,297,151.0
2026-06-30 20:17:53.661,14b732be-bb42-43a8-b708-6002b8edb660,Warm,0,329.99,330,152.0
2026-06-30 20:17:54.313,fe22ab40-eea1-4e2b-9176-a5a8369bf79f,Warm,0,1.95,2,152.0
2026-06-30 20:17:54.324,427aaa8e-0252-4f33-a3b9-845d333ae624,Warm,0,17.8,18,153.0
2026-06-30 20:17:54.352,e412e6d0-ccf2-4099-8315-f1552c0666d6,Warm,0,48.35,49,151.0
2026-06-30 20:17:54.374,0ee317a2-0dff-438a-9e59-1d0a56a2d5eb,Warm,0,60.14,61,151.0
2026-06-30 20:17:54.510,0587bded-7ca5-44c7-9c94-ea980d7ca27a,Warm,0,26.92,27,151.0
2026-06-30 20:17:54.527,743743a1-591e-4fc9-b905-3fbe8230f3d9,Warm,0,1.59,2,151.0
2026-06-30 20:17:54.530,3ffc1873-6e99-4a7f-b98a-e29629ee3784,Warm,0,1.57,2,152.0
2026-06-30 20:17:54.574,d5363410-1863-4b94-ad6f-f5d4b00ec7eb,Warm,0,46.22,47,152.0
2026-06-30 20:17:54.575,4a3d2211-f286-4599-a9e8-e33aff7755a4,Warm,0,49.4,50,153.0
2026-06-30 20:17:54.577,23b6c372-4967-4ad0-9834-5e0cdeac28f1,Warm,0,51.25,52,151.0
2026-06-30 20:17:54.577,10081701-d50f-4b6f-b3cb-25855a513e8f,Warm,0,48.68,49,151.0
2026-06-30 20:17:54.620,e0f809f7-4af8-4a38-9e41-a97555973b9a,Warm,0,317.9,318,153.0
2026-06-30 20:17:54.813,3f12ecb8-1e99-4e49-b9c1-06502f5929d5,Warm,0,286.15,287,151.0
2026-06-30 20:17:54.875,f90aa6b6-d7ce-44f3-a5e3-08d0518e6f65,Warm,0,340.21,341,151.0
2026-06-30 20:17:55.277,29b5602a-f45f-4d6a-b26b-f20c995c44dd,Warm,0,16.17,17,151.0
2026-06-30 20:17:55.287,d5ff9d83-6c20-4e6c-ab74-da3a35fd2579,Warm,0,1.72,2,151.0
2026-06-30 20:17:55.320,d9953f47-0827-4f95-a3b4-86acf27fc74b,Warm,0,14.05,15,151.0
2026-06-30 20:17:55.345,a9b79ae1-d027-49b8-a2c3-03b6994d5654,Warm,0,57.19,58,151.0
2026-06-30 20:17:55.579,fd3242da-938a-4532-bce4-c5b1f728fb72,Warm,0,292.16,293,153.0
2026-06-30 20:17:55.584,424568a1-04ab-4daa-8f93-da299a25848d,Warm,0,324.04,325,151.0
2026-06-30 20:17:56.077,713c958c-20e9-49db-b279-07ed630d8583,Warm,0,1.54,2,151.0
2026-06-30 20:17:56.095,c0eda140-a2f1-45b0-8a61-83be23257f81,Warm,0,1.61,2,151.0
2026-06-30 20:17:56.102,700d08b0-cd11-4ec8-9a08-028e32710fc9,Warm,0,14.71,15,151.0
2026-06-30 20:17:56.401,3f6272fc-527f-42a3-bcf7-5051ccdb6353,Warm,0,325.14,326,153.0
2026-06-30 20:17:56.415,bfbb09d0-de2c-4c7c-b7ee-b81d51591641,Warm,0,337.94,338,151.0
2026-06-30 20:17:56.799,a44648e0-c707-4190-9e7d-a3b87f09066b,Warm,0,1.48,2,151.0
2026-06-30 20:17:56.805,c07f4cae-b8e9-4c29-8ade-019df620c5d3,Warm,0,1.51,2,153.0
2026-06-30 20:17:56.830,0d49248a-4d12-4b4e-bf6e-e17f0583dcfe,Warm,0,1.69,2,151.0
2026-06-30 20:17:56.830,cc49b245-b9b6-4058-b44a-3fe911fdd7e8,Warm,0,1.44,2,151.0
2026-06-30 20:17:56.836,e12ca9c7-3c30-4670-8912-51ad4f4f6081,Warm,0,15.86,16,151.0
2026-06-30 20:17:57.136,20d1c2d1-7fac-4949-a992-a7a16b52b58b,Warm,0,323.64,324,153.0
2026-06-30 20:17:57.915,69958fe9-f1dd-4b19-8507-7d7df3893e34,Warm,0,1.92,2,153.0
2026-06-30 20:26:23.061,927277bf-bca8-4bcf-a5e2-bdb64bc76e59,Warm,0,83.13,84,151.0
2026-06-30 20:26:23.067,94ec9d42-b25d-4671-85ed-6925622bf75d,Warm,0,82.46,83,151.0
2026-06-30 20:26:23.068,f6d035c9-3913-46c5-ad3d-1a3d90ddd325,Warm,0,85.55,86,152.0
2026-06-30 20:26:23.856,f8461f63-d069-459b-a677-dc5ad5d670c8,Warm,0,52.57,53,152.0
2026-06-30 20:26:23.866,0ecf1772-c25c-4c49-99ca-e43004d18fd0,Warm,0,48.73,49,151.0
2026-06-30 20:26:23.886,59c4eb66-068c-436c-8d99-3f4db7f57e7b,Warm,0,52.82,53,151.0
2026-06-30 20:26:23.927,a307d8bc-da2c-41f3-88c3-66be75f94e85,Warm,0,80.9,81,152.0
2026-06-30 20:26:24.643,93db5ba2-1d4e-4ddc-8197-5a20584f32b2,Warm,0,46.51,47,152.0
2026-06-30 20:26:24.651,d88b97f1-838c-467f-9558-3a716f21dd86,Warm,0,42.4,43,151.0
2026-06-30 20:26:24.660,0a48f960-35e8-4d04-8905-cdfb42b604db,Warm,0,54.59,55,151.0
2026-06-30 20:26:25.567,067aabc6-f7c5-4a08-864f-b0cdb927fc15,Warm,0,47.8,48,151.0
2026-06-30 20:26:25.581,04644699-a172-4ded-9a68-4c93bb086fab,Warm,0,45.76,46,151.0
2026-06-30 20:26:26.454,d8c87861-7de2-43f5-8576-f289180695c1,Warm,0,44.25,45,151.0
2026-06-30 20:26:26.454,5f73ffd5-5818-4aef-8b45-be576755166c,Warm,0,46.64,47,151.0
2026-06-30 20:26:26.491,fc6011fe-fcab-4965-bb5c-065cb9e13a4a,Warm,0,47.65,48,152.0
2026-06-30 20:26:27.347,e24cf538-a32e-462c-80be-33c170c0c790,Warm,0,44.68,45,151.0
2026-06-30 20:26:27.348,0ee176c1-dd92-49cb-ac92-c7e5f88a9b42,Warm,0,47.33,48,152.0
2026-06-30 20:26:27.366,c6e20ad0-a311-44f7-8c80-34f06e18110a,Warm,0,46.57,47,151.0
2026-06-30 20:26:28.076,0abec8a3-97f8-437f-a089-6bda928b198b,Warm,0,47.54,48,151.0
2026-06-30 20:26:28.080,4ee6c0f6-2dc5-4cbf-a2ab-8f91d1bd551a,Warm,0,55.18,56,152.0
2026-06-30 20:26:28.967,9c3b55ed-d822-423f-a90c-c5efc720745f,Warm,0,51.27,52,151.0
2026-06-30 20:26:28.972,84bf3ed5-1bb3-449b-8b2a-e7c879af7479,Warm,0,54.75,55,152.0
2026-06-30 20:26:30.544,bfb5b1ad-d40c-44dd-8b5c-28a266d99da6,Warm,0,13.45,14,152.0
2026-06-30 20:26:30.732,915f45be-fa99-42d0-ad44-ce8aa6333c2b,Warm,0,13.21,14,152.0
2026-06-30 20:26:30.737,e1b2e83e-7ba5-4b76-9d72-54ab3dea8911,Warm,0,14,14,151.0
2026-06-30 20:26:30.738,b840241e-c343-4e1d-851d-ea09dbdc7b99,Warm,0,13.76,14,151.0
2026-06-30 20:26:31.240,afbc2867-3d6a-4957-be77-0531d605d816,Warm,0,12.81,13,151.0
2026-06-30 20:26:31.244,89813aea-fa68-435d-a6ce-677ce983aa23,Warm,0,14.94,15,151.0
2026-06-30 20:26:31.249,34f8c114-15b5-4600-9e52-a9b584165e48,Warm,0,15.39,16,152.0
2026-06-30 20:26:31.276,5c18a6f1-0ba4-4d67-b7f1-033e7f92c0b8,Warm,0,41.42,42,152.0
2026-06-30 20:26:31.439,eec27c87-1fcf-4326-88f9-9a3b435da193,Warm,0,11.8,12,152.0
2026-06-30 20:26:31.465,c9d37058-9b7b-45b4-a6e6-996116baf666,Warm,0,12.52,13,152.0
2026-06-30 20:26:32.325,a7bd1a46-eb3f-44d4-b7b7-e32acf9fefbb,Warm,0,11.03,12,152.0
2026-06-30 20:26:32.342,7263b726-ccab-4de5-9649-57f6bddc75f9,Warm,0,16.16,17,152.0
2026-06-30 20:26:32.351,a02e154b-0dde-4b24-ba1b-c27409ea00b0,Warm,0,13.61,14,152.0
2026-06-30 20:26:32.354,ccbf17f3-d07c-47bd-aa15-c349ad087343,Warm,0,14.78,15,151.0
2026-06-30 20:26:32.365,3fca0d7e-cd94-4784-8bd1-9dbf4ee2959b,Warm,0,13.39,14,151.0
2026-06-30 20:26:32.365,457fff39-d47d-4b7c-a6f2-6261192ba0b0,Warm,0,15,16,152.0
2026-06-30 20:26:32.367,fa13e8db-20f8-4c06-a907-869b00926e2a,Warm,0,11.76,12,152.0
2026-06-30 20:26:32.372,2af64534-4cf0-4b96-91e0-da3d7ed1b233,Warm,0,13.91,14,151.0
2026-06-30 20:26:32.384,2ae2932c-682d-4a1a-9a88-cd2d20befed8,Warm,0,14.26,15,152.0
2026-06-30 20:26:32.929,d98f87a7-0bc1-49c8-8b57-62f537a7fc1d,Warm,0,13.53,14,152.0
2026-06-30 20:26:32.934,0a9c724d-3e23-4baf-8e4e-bac452ceac75,Warm,0,13.54,14,151.0
2026-06-30 20:26:32.951,dac5b073-46f2-4319-a515-a15e7d1d5c8e,Warm,0,12.78,13,152.0
2026-06-30 20:26:32.956,becb26e2-d4db-4aad-b3aa-17f716ebf396,Warm,0,15.06,16,152.0
2026-06-30 20:26:32.957,fead4a73-1e6a-4884-9e56-4508a96339b5,Warm,0,12.71,13,151.0
2026-06-30 20:26:32.959,794a6bd9-5475-442e-860a-d652bbddfac7,Warm,0,11.92,12,151.0
2026-06-30 20:26:33.154,fbe50c27-578a-4930-9d7b-3b016ac3b138,Warm,0,13.03,14,151.0
2026-06-30 20:26:33.159,464cc829-7dc4-447b-bf94-7a7fc1c5eaa2,Warm,0,13.71,14,152.0
2026-06-30 20:26:33.160,149918f6-d048-4ceb-bda8-aabd3aa5ae05,Warm,0,14.52,15,151.0
2026-06-30 20:26:33.853,0928f509-3a99-4045-bfcd-733995af4e24,Warm,0,17.04,18,151.0
2026-06-30 20:26:33.855,25e001e1-3556-427b-8154-57993262acda,Warm,0,11.34,12,152.0
2026-06-30 20:26:33.859,77a2e955-5cc1-4463-96bc-cdfabb74a823,Warm,0,14.5,15,151.0
2026-06-30 20:26:33.859,45eb9781-8a5c-431a-93ab-4862b93d90e7,Warm,0,15.89,16,152.0
2026-06-30 20:26:33.870,33ab6912-7004-41ef-b007-a463aa950e5b,Warm,0,12.24,13,151.0
2026-06-30 20:26:33.871,d42d933f-dfd4-460f-be4d-fe2c66fcaf2a,Warm,0,12.15,13,152.0
2026-06-30 20:26:33.877,d23b0bac-fa6a-4643-b3c2-74e9c7073e45,Warm,0,12.74,13,151.0
2026-06-30 20:26:33.882,b238fa24-163e-4d0f-820d-2d8c5d27441e,Warm,0,18.52,19,152.0
2026-06-30 20:26:33.896,d7d226b8-2e20-45e8-840f-7be6a6c1f78c,Cold,806.49,50.17,857,119.0
2026-06-30 20:26:34.052,79ba649e-ff1a-4b87-903e-7814e0c8c711,Warm,0,13.88,14,119.0
2026-06-30 20:26:34.774,2bd11a7a-8176-42fe-a061-809f6c783110,Warm,0,12.03,13,152.0
2026-06-30 20:26:34.774,1995e5c1-4b03-4183-b243-376b1ee785f6,Warm,0,13.44,14,119.0
2026-06-30 20:26:34.776,434c3a8f-6be3-403a-9e72-42edfce557e4,Warm,0,12.92,13,152.0
2026-06-30 20:26:34.777,fdab2da6-998f-4725-815f-adc24919c7bb,Warm,0,13.79,14,151.0
2026-06-30 20:26:34.781,98bb2660-b29d-47be-8f70-a2eeafe954e2,Warm,0,13.91,14,151.0
2026-06-30 20:26:34.791,7e93a317-9c57-44db-bc92-431043ce1e91,Warm,0,12.98,13,152.0
2026-06-30 20:26:34.881,61d4a2c8-045d-4c16-98af-be08ee51a112,Cold,756.82,48.44,806,118.0
2026-06-30 20:26:34.924,e46d5466-4d67-4a81-b9a3-a7f136ecd475,Cold,779.51,49.31,829,119.0
2026-06-30 20:26:34.970,5a7da010-0fff-466b-9ae2-a1316016b902,Cold,861.61,50.85,913,119.0
2026-06-30 20:26:34.992,295363da-5a86-4d59-be67-8c50765ae429,Cold,853.19,50.74,904,118.0
2026-06-30 20:26:35.823,023c4451-8c2a-473c-b4d8-bb44773954ef,Warm,0,14.18,15,118.0
2026-06-30 20:26:35.831,58231489-fd8b-47ba-b29a-6ee7f0294530,Warm,0,13.45,14,119.0
2026-06-30 20:26:35.832,6ea5c2fa-e931-430a-bea1-5f9fbc4157c1,Warm,0,16.88,17,119.0
2026-06-30 20:26:35.836,edc4d602-9aa9-420f-9c3d-0bc5d304f85c,Warm,0,15.22,16,118.0
2026-06-30 20:26:35.862,77d862e7-9f1f-4268-b593-798a791ec5ba,Warm,0,12.93,13,119.0
2026-06-30 20:26:35.863,93ad5096-b226-41aa-b459-f25932eae898,Warm,0,13.75,14,118.0
2026-06-30 20:26:36.522,3409c9c5-ff58-4afd-9c59-a9c1a4fe5e43,Warm,0,13.32,14,118.0
2026-06-30 20:26:36.530,87d7987b-6931-4df7-a735-04550666a776,Warm,0,14.58,15,119.0
2026-06-30 20:26:36.533,631f256d-92c6-4ec0-b7f8-de0b0eb9eb1f,Warm,0,14.77,15,152.0
2026-06-30 20:26:36.533,bacf41a8-bdc3-461a-8f81-0eff6b9869f3,Warm,0,15.95,16,118.0
2026-06-30 20:26:36.536,2bad0d17-f9ed-4e77-b0c1-96ae30ac0007,Warm,0,20.32,21,119.0
2026-06-30 20:26:36.561,2d9ebdd3-7b5a-4f5a-8dab-396a17a8cf94,Warm,0,17.55,18,119.0
2026-06-30 20:26:37.462,11b40941-a50f-41b4-b3a4-87b6a1eb7ce3,Warm,0,16.57,17,119.0
2026-06-30 20:26:37.472,3dbdc74a-f5d0-41d0-b9ee-34b479758d62,Warm,0,12.86,13,118.0
2026-06-30 20:26:37.485,a5638489-6388-4896-b738-52df73a8a278,Warm,0,14.76,15,119.0
2026-06-30 20:26:37.502,a859185a-5453-4fc1-8da2-f459fe6d745f,Warm,0,26.59,27,152.0
2026-06-30 20:26:38.250,202c852f-be8b-475b-be01-8e7a2e58e804,Warm,0,15.75,16,119.0
2026-06-30 20:26:38.257,8114aaf5-a567-4efb-8792-dd57ea7f2c44,Warm,0,26.12,27,152.0
2026-06-30 20:26:45.127,1f736da0-9fed-47e6-a0ae-0db848221c80,Warm,0,41.46,42,152.0
2026-06-30 20:26:45.961,1617adbb-344f-4610-9510-32b1791c2934,Warm,0,16.13,17,152.0
2026-06-30 20:26:45.988,a831f63d-594a-48c5-9780-0bacc3c649e8,Warm,0,37.93,38,119.0
2026-06-30 20:26:46.012,817f7f60-3b99-4920-aba5-ae2388ed41df,Warm,0,49.59,50,119.0
2026-06-30 20:26:46.880,0e557b68-f96c-45d7-bd04-0e8c12890e6c,Warm,0,15.45,16,119.0
2026-06-30 20:26:46.881,25b63620-0bb2-4840-a0f0-1ecd75796e79,Warm,0,14.03,15,152.0
2026-06-30 20:26:46.883,5249e2c1-d792-4b9c-92cd-6cf773e0d8f4,Warm,0,12.67,13,119.0
2026-06-30 20:26:47.595,5236a2a1-d914-4360-ad2f-5dcb66b38054,Warm,0,14.63,15,152.0
2026-06-30 20:26:47.596,3ab4e7de-fadb-4bdf-b46c-3dd9c3e3579d,Warm,0,17.61,18,119.0
2026-06-30 20:26:47.599,b66a9811-302d-492f-ace9-4253094d8e29,Warm,0,13.71,14,119.0
2026-06-30 20:26:47.628,9bf71e50-bc48-4136-a6a9-9cb4ff87a980,Warm,0,42.39,43,119.0
2026-06-30 20:26:47.634,b04b8748-3c40-4e9b-a8c9-bbd1e6038d73,Warm,0,39.09,40,151.0
2026-06-30 20:26:47.637,73c1d6b4-bace-4d5e-8e63-12055246034e,Warm,0,43.43,44,119.0
2026-06-30 20:26:47.643,db45bebd-8a51-4ead-9b4c-5867cb4788a7,Warm,0,42.97,43,151.0
2026-06-30 20:26:47.646,79747f84-aac4-4ea2-8b92-c0140d61041d,Warm,0,41.01,42,152.0
2026-06-30 20:26:48.378,982de3e4-1076-44ae-9286-bb9b83499d9c,Warm,0,12.26,13,152.0
2026-06-30 20:26:48.386,9963f1d8-2511-4153-a0e4-8a20d9c25e4c,Warm,0,12.82,13,151.0
2026-06-30 20:26:48.391,bcec85d2-13d0-45fa-9af6-a72bdd1d8ac2,Warm,0,11.81,12,151.0
2026-06-30 20:26:48.393,0aebaf7b-a94c-4a16-9ab1-4fcc9364f80e,Warm,0,13.33,14,119.0
2026-06-30 20:26:48.397,daec0e5d-0875-43f4-bf00-848417abf5ec,Warm,0,13.05,14,152.0
2026-06-30 20:26:48.399,ff374d24-cea6-4b8d-8fa6-b73a6936103f,Warm,0,12.62,13,119.0
2026-06-30 20:26:48.400,6f724979-55d0-47ea-8025-1abc41d78478,Warm,0,12.78,13,119.0
2026-06-30 20:26:48.401,7fa6429e-0139-4f92-9b23-bf9c890ea340,Warm,0,12.79,13,152.0
2026-06-30 20:26:48.402,dd100e11-b717-4d1b-bcc8-95f196de3e92,Warm,0,14.19,15,119.0
2026-06-30 20:26:48.595,ba5d2562-a6e2-465e-a0b6-3c18da5cc3dc,Warm,0,12.71,13,119.0
2026-06-30 20:26:49.309,49e32686-e012-4ddc-abfd-a05ae6757e36,Warm,0,12.52,13,119.0
2026-06-30 20:26:49.310,3365b649-473a-4f16-8976-779950c04709,Warm,0,11.65,12,119.0
2026-06-30 20:26:49.311,ba8e7965-0c2f-4706-ab96-077278149835,Warm,0,12.77,13,152.0
2026-06-30 20:26:49.312,975ad775-6c7d-4a0c-b79e-743e334f0811,Warm,0,15.08,16,152.0
2026-06-30 20:26:49.317,5be25cc6-1443-487e-ae4b-8d5754177764,Warm,0,13.69,14,119.0
2026-06-30 20:26:49.343,0ab0efb6-a52d-4e50-b8c2-218e876f4a00,Warm,0,13.3,14,119.0
2026-06-30 20:26:49.345,35cd3711-4bd5-4bf5-9788-b620659de2d3,Warm,0,14.13,15,152.0
2026-06-30 20:26:49.346,5194c0e8-be8a-428b-98c1-a157742e0291,Warm,0,13.63,14,119.0
2026-06-30 20:26:49.346,854be11d-5756-4cbf-8a73-b4739c8828cb,Warm,0,16.05,17,152.0
2026-06-30 20:26:50.002,9fed73ae-12dd-4eb4-91ad-bbe1aa5af754,Warm,0,12.49,13,152.0
2026-06-30 20:26:50.005,776f9c50-de51-4b80-b167-4a6267559fea,Warm,0,12.96,13,119.0
2026-06-30 20:26:50.006,12723e1e-4d9d-438f-9d5e-bc34bdf45d74,Warm,0,12.43,13,119.0
2026-06-30 20:26:50.008,3cc07609-c046-47b8-b753-441dda768c2d,Warm,0,15.26,16,152.0
2026-06-30 20:26:50.010,563cf399-5b09-4621-b3f9-627c7303c47b,Warm,0,14.73,15,119.0
2026-06-30 20:26:50.014,763b1e40-c93b-4e9a-8515-755f57492755,Warm,0,13.68,14,119.0
2026-06-30 20:26:50.015,76108204-b71d-42aa-b9ea-211773ae72b0,Warm,0,13.56,14,151.0
2026-06-30 20:26:50.018,0d34de05-35c2-42c1-8158-470304c880a2,Warm,0,13.76,14,151.0
2026-06-30 20:26:50.045,074b96bf-f8fb-4961-91c7-af02f40b4f3d,Warm,0,41.31,42,119.0
2026-06-30 20:26:50.054,e5146e27-33a4-4452-b9c0-69de06ac29cf,Cold,802.64,49.86,853,118.0
2026-06-30 20:26:51.099,e2bc822f-e93f-49d7-bbcb-a9bba2a64106,Warm,0,12.87,13,119.0
2026-06-30 20:26:51.099,cf9ed39d-fe83-4c5d-959c-0a06dd217046,Warm,0,12.49,13,151.0
2026-06-30 20:26:51.100,75074a6a-064b-4bd5-b424-5555e945a922,Warm,0,14.09,15,118.0
2026-06-30 20:26:51.111,f549a4a5-bb1d-4393-b3ec-132224b5ecb5,Warm,0,13.8,14,119.0
2026-06-30 20:26:51.112,f0c63614-2b7e-4249-887b-b783f07344ec,Warm,0,13.96,14,151.0
2026-06-30 20:26:51.113,10c0d53f-baee-4f1c-9548-479a7af4d11e,Warm,0,13.38,14,119.0
2026-06-30 20:26:51.119,720a3286-8a6b-4231-af01-751b94931291,Warm,0,12.14,13,118.0
2026-06-30 20:26:51.123,b9feb2ec-a377-4814-8e33-c6846842eb14,Warm,0,13.63,14,151.0
2026-06-30 20:26:51.871,d5473bb6-0df4-4566-b40d-c57ed76f06c8,Warm,0,12.65,13,151.0
2026-06-30 20:26:51.872,96603bac-b90c-4193-8d8a-37d40e5cda9f,Warm,0,12.76,13,119.0
2026-06-30 20:26:51.875,3b5efb7e-f334-4ab4-ac35-73c0bb0c67aa,Warm,0,13.09,14,119.0
2026-06-30 20:26:51.877,133854a2-cd67-4fdd-97e4-2b6790112bf6,Warm,0,15.31,16,151.0
2026-06-30 20:26:51.877,ce3892c0-bc9f-494c-8050-10159335f262,Warm,0,13.38,14,118.0
2026-06-30 20:26:51.891,3bc56b4b-7268-40d0-b9ad-c6191548e452,Warm,0,12.42,13,119.0
2026-06-30 20:26:51.906,19685920-5390-4f43-8503-b8a82192ea73,Warm,0,11.9,12,118.0
2026-06-30 20:26:52.769,93c8a277-ad1f-496a-9d99-291a6d773dbd,Warm,0,12.2,13,118.0
2026-06-30 20:26:52.771,53a6a0fe-5ae3-48d5-b7c9-9bf51356ac7d,Warm,0,13.29,14,119.0
2026-06-30 20:26:52.772,3edd958b-360c-4474-97b1-ab5e033648fd,Warm,0,13.12,14,119.0
2026-06-30 20:26:52.772,e8646f3a-d424-4165-9c02-f3fca4838a45,Warm,0,14.13,15,151.0
2026-06-30 20:26:52.773,4fe1f506-b28f-4cfe-abd2-ee6f18263bd2,Warm,0,13.13,14,119.0
2026-06-30 20:26:52.777,aa812502-0535-4b96-9c3f-677f9c86d7bd,Warm,0,13.73,14,151.0
2026-06-30 20:26:53.686,fd8ae1ad-db8e-463c-8423-6375b9af6eb8,Warm,0,12.98,13,151.0
2026-06-30 20:27:02.160,0b5dad41-da34-44b7-a0f7-5270f8d74391,Warm,0,42.99,43,151.0
2026-06-30 20:27:02.168,5a1ab43a-39a3-46c5-a28d-663f18998627,Warm,0,36.43,37,119.0
2026-06-30 20:27:02.174,9e82f3cd-8906-4fd4-a1f3-49301d401da7,Warm,0,42.18,43,151.0
2026-06-30 20:27:02.177,2a8a84c2-edbb-458d-93a7-ec90afef0b9a,Warm,0,42.25,43,119.0
2026-06-30 20:27:03.007,4e48e66e-9cc5-4a8c-a60e-045f9b25c874,Warm,0,12.29,13,119.0
2026-06-30 20:27:03.008,22b64b85-de27-413d-a11c-b2c5a8ff63ba,Warm,0,13.31,14,151.0
2026-06-30 20:27:03.009,e3035726-9e47-4ad0-aa4d-297ef7e2d0a8,Warm,0,12.76,13,119.0
2026-06-30 20:27:03.012,7a2d2c5a-5bd8-4f9b-8c82-abf56edb3fdd,Warm,0,12.94,13,151.0
2026-06-30 20:27:03.029,b7f03563-efa8-4ad2-a705-756ae3e78ac2,Warm,0,14.44,15,151.0
2026-06-30 20:27:03.042,c05cad60-f331-40ae-b3cf-35e58d3e9db2,Warm,0,41.4,42,119.0
2026-06-30 20:27:03.053,a9c74a44-178b-4765-b5c6-257d2cb4914f,Warm,0,52.09,53,119.0
2026-06-30 20:27:03.905,8d347339-1683-42c1-979d-4c72a63242a2,Warm,0,13.3,14,119.0
2026-06-30 20:27:03.923,3734d8bc-2723-4b24-a199-7e5facfb15c5,Warm,0,14.2,15,119.0
2026-06-30 20:27:03.923,af00fecb-2074-4b33-ab1a-c83dd0c7e6c9,Warm,0,13.02,14,119.0
2026-06-30 20:27:03.926,d9c140cc-e5b1-45f1-b522-22f27cee5974,Warm,0,17.04,18,151.0
2026-06-30 20:27:03.932,3f180e78-c9eb-4337-b361-b93a90cea51a,Warm,0,12.36,13,151.0
2026-06-30 20:27:03.934,660662aa-44bc-4575-b8e8-be1825b99eb9,Warm,0,13.89,14,119.0
2026-06-30 20:27:03.951,0285b047-9b63-4ab7-b6b7-dad5d95ef1d6,Warm,0,14.04,15,151.0
2026-06-30 20:27:04.811,f54074b5-d504-4c40-b420-7ad4389b8953,Warm,0,19.78,20,151.0
2026-06-30 20:27:04.819,f09b7996-8934-4258-bba7-8391ed8e7432,Warm,0,16.22,17,119.0
2026-06-30 20:27:04.821,237c116e-7e6b-416c-90d1-bff13097eeed,Warm,0,12.09,13,151.0
2026-06-30 20:27:04.841,009ec448-9b5d-43fb-8045-2466fb63d3c7,Warm,0,12.8,13,151.0
2026-06-30 20:27:04.843,934f6e17-c57c-46b6-b46f-e2ac115eba4d,Warm,0,13.73,14,119.0
2026-06-30 20:27:04.844,ed18383a-e3dd-4d21-a063-88dd0273ae5f,Warm,0,15.69,16,151.0
2026-06-30 20:27:04.845,017cdb39-eb4d-4cab-a497-6b39c9aa2e40,Warm,0,14.66,15,119.0
2026-06-30 20:27:05.334,be7a2f09-f088-4a10-aceb-985cd6f147d4,Warm,0,12.71,13,119.0
2026-06-30 20:27:05.336,ede3ba36-f062-4e76-8a37-e41f0d71bf0c,Warm,0,11.78,12,119.0
2026-06-30 20:27:05.337,5634b6e7-d65d-4109-90b1-c6a8aa414451,Warm,0,13,13,151.0
2026-06-30 20:27:05.338,8b8c9245-d03f-409f-aad0-b8906b757d3a,Warm,0,13.41,14,151.0
2026-06-30 20:27:05.357,5491eeae-0871-4850-b0b2-c5e79f8d3c01,Warm,0,13.34,14,151.0
2026-06-30 20:27:05.358,ec93184c-d17b-4856-b97e-70799beafbb7,Warm,0,14.98,15,151.0
2026-06-30 20:27:05.365,6337633f-2e5e-40dc-9ab4-4ae4770e979c,Warm,0,13.47,14,119.0
2026-06-30 20:27:05.366,c8056759-51c9-4e18-994d-52a6fb24e2d4,Warm,0,13.1,14,119.0
2026-06-30 20:27:05.367,6bd355c7-0a03-4865-b25d-d613eee56b5b,Warm,0,13.37,14,119.0
2026-06-30 20:27:05.371,fd891685-3253-4cbd-8e01-380243c1c06e,Warm,0,14.77,15,119.0
2026-06-30 20:27:05.529,829bf5ab-b77b-4d91-8ecb-e5034f244ba3,Warm,0,13.96,14,119.0
2026-06-30 20:27:05.534,7531c9d2-fbeb-474b-9fa1-4f277fdbc29e,Warm,0,12.87,13,119.0
2026-06-30 20:27:06.233,027673bb-1af7-4818-be27-3618990915a5,Warm,0,13.67,14,119.0
2026-06-30 20:27:06.244,73bbfd83-dc41-4f79-bf09-5ef5f3580443,Warm,0,13.8,14,119.0
2026-06-30 20:27:06.253,9d855adb-b92e-41fa-b90e-264c07ef75ba,Warm,0,13.19,14,119.0
2026-06-30 20:27:06.254,96862ebc-8ae9-4753-b52b-48ad0483a39d,Warm,0,12.41,13,119.0
2026-06-30 20:27:06.255,86d1a64f-a08f-4823-befa-7eef37bb6c3b,Warm,0,14.84,15,119.0
2026-06-30 20:27:06.266,ea3583c4-2571-4f6a-be9b-106a9cd2e0c4,Warm,0,15.08,16,119.0
2026-06-30 20:27:06.266,0f81319e-947d-499c-9b45-4e174beb0efc,Warm,0,12.38,13,151.0
2026-06-30 20:27:06.297,ef25072c-8008-4a1e-b478-1f8d14ccfd68,Warm,0,41.95,42,152.0
2026-06-30 20:27:06.299,dd2ab75c-a595-4e67-ba1b-1d57d7a2b0e9,Warm,0,42.41,43,119.0
2026-06-30 20:27:06.300,e604c318-c9fd-4880-8125-7790ce4217ea,Warm,0,48.31,49,151.0
2026-06-30 20:27:06.509,d1f8cd95-a002-4287-af55-30cf4e1a2925,Warm,0,13.06,14,151.0
2026-06-30 20:27:07.328,93ea02b7-362a-4de3-99a1-8401b95b3482,Warm,0,12.69,13,152.0
2026-06-30 20:27:07.328,08f45ae1-7658-4593-b327-942b4edeea19,Warm,0,14.08,15,151.0
2026-06-30 20:27:07.329,7a8d6741-a95f-4030-829a-114effc5dca7,Warm,0,12.97,13,119.0
2026-06-30 20:27:07.331,69228bb5-cfbd-4608-aeff-54347fc501c4,Warm,0,13.49,14,119.0
2026-06-30 20:27:07.334,cdb92d8f-8acf-4ff3-b11f-9c10767cfc87,Warm,0,12.68,13,151.0
2026-06-30 20:27:07.363,343f1be2-53f9-428b-8071-358f619131fa,Warm,0,13.03,14,151.0
2026-06-30 20:27:07.387,40219826-6a11-411f-ac13-b01edd66425a,Warm,0,22.55,23,119.0
2026-06-30 20:27:08.224,2afe44ef-4def-4b24-bc56-ea8b2f71018e,Warm,0,12.63,13,119.0
2026-06-30 20:27:08.239,d9b089a2-eba8-4571-9acd-177cf437b6db,Warm,0,11.85,12,151.0
2026-06-30 20:27:08.254,3597e7de-1e18-4acf-ae28-0ec98cc46e91,Warm,0,12.8,13,119.0
2026-06-30 20:27:08.262,fc768b26-4fa4-42bf-a4d2-0cb38f93e0d9,Warm,0,14.97,15,151.0
2026-06-30 20:27:08.262,66fa5fc2-8792-4a0c-851b-94fc346e4069,Warm,0,13.45,14,119.0
2026-06-30 20:27:08.263,47073897-b06c-4fd9-bb22-10af2918007f,Warm,0,12.77,13,151.0
2026-06-30 20:27:08.917,324395e3-be48-4b4e-bdab-b3c5a64f5627,Warm,0,13.65,14,151.0
2026-06-30 20:27:08.940,50021bce-1df6-49ab-90dd-a39b97f04726,Warm,0,13.83,14,151.0
2026-06-30 20:27:08.942,e83cd396-1621-4fe1-a25c-95a21860dceb,Warm,0,15.07,16,119.0
2026-06-30 20:27:08.942,0e4a1a5d-407f-4dda-bfbf-d6634e607583,Warm,0,16,16,151.0
2026-06-30 20:27:09.842,0c114773-bfab-4458-99b2-2a58abb81af4,Warm,0,12.84,13,119.0
2026-06-30 20:27:16.707,130182c4-b915-4c59-8bee-0dc05dbd1c09,Warm,0,40.09,41,119.0
2026-06-30 20:27:16.709,22650693-21eb-414f-b343-7f6793709b76,Warm,0,40.9,41,151.0
2026-06-30 20:27:17.568,ab1e85cf-dc72-4724-ac4e-4d73de31d404,Warm,0,12.72,13,151.0
2026-06-30 20:27:17.572,9de3ce06-ce03-4aab-ad25-ebb96f91d87f,Warm,0,12.98,13,119.0
2026-06-30 20:27:17.601,e2fcd18c-1846-47cb-9091-03310c38ee46,Warm,0,41.17,42,151.0
2026-06-30 20:27:17.616,b1caba04-23a4-4c31-a8d2-53dfff90d85e,Warm,0,43.05,44,119.0
2026-06-30 20:27:18.434,87bc6c3f-8015-4980-a468-eddd16020be5,Warm,0,13.71,14,119.0
2026-06-30 20:27:18.448,528de846-07f7-447e-b334-e3f1f84ee121,Warm,0,14.24,15,119.0
2026-06-30 20:27:18.449,144f4ca3-27d0-44d9-a4c2-0377b0879814,Warm,0,15.55,16,151.0
2026-06-30 20:27:18.454,b6c041f5-c16b-4649-86d3-b8ddd84a2119,Warm,0,14.62,15,151.0
2026-06-30 20:27:18.488,aaa6bf5b-ef42-46f9-b1c5-af3aaa6dc84d,Warm,0,15.29,16,151.0
2026-06-30 20:27:18.948,c3d94f52-ab62-4883-9582-b3d8d50b022d,Warm,0,12.9,13,151.0
2026-06-30 20:27:18.951,b0e68f8e-5a24-433a-89ca-136a134b8eeb,Warm,0,15.32,16,151.0
2026-06-30 20:27:18.951,5a4989ef-c8b9-4338-8b52-6009314b40d7,Warm,0,13.55,14,119.0
2026-06-30 20:27:18.963,0288ebdd-7066-41f4-84af-83f409ed838d,Warm,0,12.34,13,119.0
2026-06-30 20:27:18.966,1ba23e0b-80ce-4a1d-bc1a-f03d0d0fa208,Warm,0,13.49,14,151.0
2026-06-30 20:27:18.973,ca10d1f9-e1ef-4602-aa10-2fa1ebeb2402,Warm,0,15.98,16,119.0
2026-06-30 20:27:18.995,ab51398a-341d-4fbd-a79c-57ca6878aaf8,Warm,0,39.69,40,152.0
2026-06-30 20:27:19.167,32d8be46-8b74-4893-9d8f-d71d26e916e1,Warm,0,13.18,14,152.0
2026-06-30 20:27:19.170,86e057bd-3cf8-4022-ae22-ddefe6c07773,Warm,0,13.23,14,119.0
2026-06-30 20:27:19.203,40f03296-2b53-42b7-a1a8-2be64af9f6dc,Warm,0,13.53,14,119.0
2026-06-30 20:27:19.923,6663c3d5-bdaf-4fc2-8fca-a7b9028e233e,Warm,0,11.72,12,152.0
2026-06-30 20:27:19.923,60851b05-fe76-4d85-951f-63e80a26c2cc,Warm,0,11.48,12,119.0
2026-06-30 20:27:19.924,12c40edf-31cd-42e6-9282-36b70658f6dc,Warm,0,12.61,13,151.0
2026-06-30 20:27:19.926,bf2de470-8ebc-49a3-8931-a47260c4e7e5,Warm,0,14.31,15,151.0
2026-06-30 20:27:19.927,64b4260f-bc63-4109-917a-d1a3b0b358b6,Warm,0,15.4,16,119.0
2026-06-30 20:27:19.939,b4e83b80-a5e8-44a9-aa26-908d81af7c53,Warm,0,11.61,12,152.0
2026-06-30 20:27:19.940,c5618296-b0b2-47af-8914-5790089abad1,Warm,0,11.69,12,119.0
2026-06-30 20:27:19.941,c409cc4e-afcb-47ed-94f7-d9cde2238cca,Warm,0,12.17,13,151.0
2026-06-30 20:27:19.969,e7681762-0599-46ee-8515-70329a6fb2e2,Warm,0,43.58,44,119.0
2026-06-30 20:27:19.976,c90507f8-677e-4581-952a-dec33a2ce062,Warm,0,46.5,47,119.0
2026-06-30 20:27:20.668,68bf1f36-393c-4822-959f-83b319361b1f,Warm,0,12.53,13,151.0
2026-06-30 20:27:20.671,2beafd5e-e24b-4467-8f6b-1864b24ebd93,Warm,0,16.7,17,119.0
2026-06-30 20:27:20.672,0edcb8cc-fa76-4532-9c31-5f15a90e1452,Warm,0,14.88,15,119.0
2026-06-30 20:27:20.677,38402915-8ca8-44b5-8cd5-f5aaebc23799,Warm,0,14.93,15,119.0
2026-06-30 20:27:20.681,4b258a20-afe5-4370-ba94-71095b9cc5a9,Warm,0,13.04,14,119.0
2026-06-30 20:27:20.682,4248c9f1-3dd8-4194-8511-1a664f982348,Warm,0,14.57,15,152.0
2026-06-30 20:27:20.687,b19ed2f0-195d-4ce3-92bc-1ea3590522c1,Warm,0,13.54,14,151.0
2026-06-30 20:27:20.709,695070d4-5421-4a9d-b906-2eeca8d55508,Warm,0,40.28,41,119.0
2026-06-30 20:27:20.711,b4329a56-1c1f-4180-812c-01c84522e987,Warm,0,41.04,42,119.0
2026-06-30 20:27:20.712,cb6d600f-1bd0-4636-bdb1-6f9d0c031030,Warm,0,41.44,42,152.0
2026-06-30 20:27:21.549,650edcba-2e5e-4431-a7bb-8ef3be07403c,Warm,0,11.43,12,152.0
2026-06-30 20:27:21.559,7929dd73-ae8f-4463-81a6-66627e274635,Warm,0,13.09,14,119.0
2026-06-30 20:27:21.560,4b7281dd-0719-4573-8be5-15b773cb90c0,Warm,0,14.12,15,119.0
2026-06-30 20:27:21.750,f0be8e4b-b481-4768-b15a-e3374b8d25f5,Warm,0,14.22,15,119.0
2026-06-30 20:27:21.759,78226a3b-edf4-4dbf-8896-15ac4e232a38,Warm,0,13.07,14,119.0
2026-06-30 20:27:21.761,968c07e2-ba66-4bdd-a501-8f6096b4df39,Warm,0,12.96,13,152.0
2026-06-30 20:27:21.768,0236b719-2c35-4045-90d5-508340f0b373,Warm,0,14.39,15,119.0
2026-06-30 20:27:21.768,55c37e5c-f8e4-4eea-a071-8a44e175048c,Warm,0,13.55,14,151.0
2026-06-30 20:27:21.768,e3f36ea8-08c5-4671-bee9-91bfdc66d6ec,Warm,0,11.88,12,152.0
2026-06-30 20:27:21.768,a10453a9-e640-4d52-b8cb-8704d9d5aa10,Warm,0,13.41,14,119.0
2026-06-30 20:27:21.769,e413948f-5b30-46bb-8148-839def06c5db,Warm,0,11.35,12,119.0
2026-06-30 20:27:22.649,b6e62a9a-bdb5-40e8-bd12-c22a5cbf5174,Warm,0,11.96,12,119.0
2026-06-30 20:27:22.660,deb46608-8641-490f-b116-4c2bf1d1d590,Warm,0,13.6,14,119.0
2026-06-30 20:27:22.662,00cb02ce-8430-4c1d-962e-7777ef6f6a1c,Warm,0,13.93,14,119.0
2026-06-30 20:27:22.662,ae9ef86a-ef67-477c-8a00-8a6eff7e9512,Warm,0,11.83,12,152.0
2026-06-30 20:27:22.663,beb7b9a7-d737-4592-bfc9-295814b83ee3,Warm,0,11.87,12,152.0
2026-06-30 20:27:22.664,b186555b-4c80-4f55-9ad6-c54d3e6b7dcc,Warm,0,16.57,17,151.0
2026-06-30 20:27:22.711,2d363d64-2cb2-407c-bc75-abed07cf0efb,Warm,0,17.01,18,151.0
2026-06-30 20:27:23.539,59a2a523-c15a-4064-aa71-1283c9f43601,Warm,0,14.15,15,151.0
2026-06-30 20:27:23.551,4ff966ce-b32f-4a16-8e72-db3fd3616907,Warm,0,13.31,14,152.0
2026-06-30 20:27:23.552,5b0f1f23-c150-48a4-a752-adeca13a42f1,Warm,0,12.72,13,119.0
2026-06-30 20:27:23.580,54003ff8-92f8-4c6f-b07f-e410482b7532,Warm,0,13.62,14,119.0
2026-06-30 20:27:23.581,5f60023f-5f63-4ea4-a128-1f675c2835f7,Warm,0,12.71,13,152.0
2026-06-30 20:27:23.586,28de16d4-e084-4c08-b1ca-8d4177d1d9b6,Warm,0,15.29,16,151.0
2026-06-30 20:27:24.263,4cd97d64-c03f-4256-9190-b44e42fa2b97,Warm,0,13.99,14,151.0
2026-06-30 20:27:31.275,cf7dd4c1-552b-424f-b12b-11845a54796e,Warm,0,38.23,39,151.0
2026-06-30 20:27:32.089,ba1fd500-cff2-45bb-a1c3-a12984246f2e,Warm,0,11.28,12,151.0
2026-06-30 20:27:32.113,2cc6a8fd-7e7c-4f5a-ae5b-545d7225cb45,Warm,0,13.52,14,151.0
2026-06-30 20:27:32.123,4401cf39-2cfd-4274-9e35-4ba77beef4d8,Warm,0,44.53,45,152.0
2026-06-30 20:27:32.784,32efea8a-65d1-40a3-85b3-beefdd93b88f,Warm,0,16.87,17,152.0
2026-06-30 20:27:32.789,6313b2ca-1a20-4ede-97b7-83cd3bdf9eeb,Warm,0,14.01,15,151.0
2026-06-30 20:27:32.814,b5899a16-60b5-4c7d-a6d4-4f922837cb8d,Warm,0,39.05,40,119.0
2026-06-30 20:27:32.816,529d6d62-bc3f-4deb-8adb-d72bfec1ae29,Warm,0,40.58,41,152.0
2026-06-30 20:27:32.832,f9633f3b-0749-43ab-944f-860f93f050b4,Warm,0,12.95,13,119.0
2026-06-30 20:27:33.519,82de0b06-f206-4d69-a318-e9a38208c586,Warm,0,12.27,13,119.0
2026-06-30 20:27:33.522,7b77bdd8-b4ce-4e92-a88c-6989c4077bdd,Warm,0,12.43,13,152.0
2026-06-30 20:27:33.523,5b210a6c-9c9d-40d8-aa15-1fdc475f196e,Warm,0,12.14,13,151.0
2026-06-30 20:27:33.526,9fe4f595-5cda-4133-adfe-e3dc2b677dcf,Warm,0,15.59,16,152.0
2026-06-30 20:27:33.540,9b2c9621-d91f-4dd6-ac79-a6413127266c,Warm,0,11.45,12,152.0
2026-06-30 20:27:33.541,482bd34d-745d-4530-9249-12b3cb37dde6,Warm,0,11.78,12,151.0
2026-06-30 20:27:33.543,b15b470b-6ec2-4c60-99e6-af374da2ea4f,Warm,0,14.38,15,119.0
2026-06-30 20:27:33.554,5c80aeb5-1703-48d3-817f-8a4f0e08fbd5,Warm,0,41.32,42,119.0
2026-06-30 20:27:33.555,6c7e0015-7fb7-404d-b365-0a6edd3dd7da,Warm,0,13.62,14,152.0
2026-06-30 20:27:33.580,79e486dc-4f4f-493b-82b5-e86028ccc357,Warm,0,40.65,41,119.0
2026-06-30 20:27:34.414,748c03b0-4eff-4077-ac7a-c2bf331db6ed,Warm,0,12.89,13,152.0
2026-06-30 20:27:34.415,f20a7d27-d4bc-448e-a8b8-60694d81bc99,Warm,0,12.9,13,119.0
2026-06-30 20:27:34.415,3292e0b6-db32-4f31-a614-9d60ace6fccb,Warm,0,14.67,15,119.0
2026-06-30 20:27:34.421,c7e35c99-9a8d-47b2-90a4-ef7a71398b96,Warm,0,14.07,15,119.0
2026-06-30 20:27:34.422,b05ee5de-0487-4575-8fbc-7e0fa0320575,Warm,0,12.38,13,152.0
2026-06-30 20:27:34.423,93fb9c59-b78c-43fd-a58e-f88735ae2238,Warm,0,13.47,14,151.0
2026-06-30 20:27:34.440,a5eb05ab-ad2f-4b0a-b040-6d978a257c70,Warm,0,12.57,13,152.0
2026-06-30 20:27:34.442,ce80f92d-92bc-43f9-abad-abc92c34891b,Warm,0,12.3,13,119.0
2026-06-30 20:27:34.443,f636a515-a2ef-4391-989d-1d713c880185,Warm,0,12.46,13,151.0
2026-06-30 20:27:34.452,77f44213-5f38-45fc-976f-331fce27bb8e,Warm,0,41.4,42,119.0
2026-06-30 20:27:35.308,dc8c9868-b47b-4136-a4b9-9c7b16a22afa,Warm,0,13.47,14,119.0
2026-06-30 20:27:35.309,376a45eb-24b7-4699-9d2b-804ef0e2b77d,Warm,0,13.52,14,151.0
2026-06-30 20:27:35.316,2412befe-67b7-4d11-9de6-b5951c5963cc,Warm,0,16.72,17,119.0
2026-06-30 20:27:35.324,d87e2c18-e710-4d3f-850f-966996e5958f,Warm,0,13.32,14,152.0
2026-06-30 20:27:35.337,46250f07-b3ac-4545-ba98-5722ad4a806d,Warm,0,13.12,14,119.0
2026-06-30 20:27:35.337,d51c48f7-ddf2-4273-90a8-44a95f05084c,Warm,0,11.97,12,119.0
2026-06-30 20:27:35.337,c2ff6380-1d78-437e-b257-94fa8685d023,Warm,0,12.83,13,151.0
2026-06-30 20:27:35.338,d3cf3cb8-9058-4e55-b4a5-b10133f7f2b6,Warm,0,13.21,14,119.0
2026-06-30 20:27:35.359,d5408d1d-e59a-48c6-820e-1fa39d9e8bfb,Warm,0,12.66,13,119.0
2026-06-30 20:27:35.360,95bc1ec9-d58e-44ea-a742-a69b437fd359,Warm,0,12.77,13,151.0
2026-06-30 20:27:36.183,f1f37b15-5a2d-475f-ac3d-eb00c04dc9b2,Warm,0,14.31,15,151.0
2026-06-30 20:27:36.185,1b934877-b62a-4e60-99d1-df596e87adb9,Warm,0,12.62,13,119.0
2026-06-30 20:27:36.187,ad97af00-6f67-437a-9e4d-1e2fe2eb2e33,Warm,0,12.76,13,119.0
2026-06-30 20:27:36.188,97afac9b-0488-48ea-b826-e6cf19a45294,Warm,0,13.05,14,119.0
2026-06-30 20:27:36.189,77adc52f-898c-4963-9514-4e6597437027,Warm,0,13.18,14,152.0
2026-06-30 20:27:36.200,a0f14a8e-6362-401b-b9c6-55cb7b7c9fdc,Warm,0,12.87,13,119.0
2026-06-30 20:27:36.243,b98f230b-9d20-48ba-b765-8a7a777da0e6,Warm,0,13.3,14,152.0
2026-06-30 20:27:36.243,a3b06c8b-eba4-4085-906f-5118528accb7,Warm,0,13.05,14,119.0
2026-06-30 20:27:36.244,6e9bcff6-b071-48fc-afa3-ee685db7c9aa,Warm,0,13.19,14,119.0
2026-06-30 20:27:37.083,6f7ff776-8919-48e6-a4d4-907d24b37dc9,Warm,0,11.28,12,152.0
2026-06-30 20:27:37.085,fb6b0512-1de5-4477-8e0b-189d96026aee,Warm,0,14.59,15,119.0
2026-06-30 20:27:37.087,5b0283c4-0b51-42cc-94d3-37d37c01263a,Warm,0,12.69,13,119.0
2026-06-30 20:27:37.090,e8c7ed8d-fc12-4e0d-9ff2-0b68f9cc300c,Warm,0,14.24,15,119.0
2026-06-30 20:27:37.094,c6dae57a-7f44-4900-825a-564e7b62ff6e,Warm,0,12.03,13,119.0
2026-06-30 20:27:37.099,f5714221-06da-472d-a6fe-0ca310c0253f,Warm,0,12.58,13,152.0
2026-06-30 20:27:37.100,49ecb06d-420f-4aaa-8603-46edad8736ff,Warm,0,13.53,14,151.0
2026-06-30 20:27:37.127,8f143334-107c-4a75-baf5-bd22339c58c0,Warm,0,39.91,40,119.0
2026-06-30 20:27:37.984,ecbe05be-9d51-4c2d-a519-d95eb93ea027,Warm,0,12.63,13,119.0
2026-06-30 20:27:37.988,82cd792c-3c38-4a04-b5b6-b132ddebdbc7,Warm,0,12.42,13,119.0
2026-06-30 20:27:37.988,923a36d3-7160-459a-a2d0-58d970d09811,Warm,0,12.29,13,152.0
2026-06-30 20:27:37.989,84489c85-d01b-494a-9b98-ff19a0e0d17d,Warm,0,13.66,14,151.0
2026-06-30 20:27:37.991,b98dc7dc-3469-4972-a330-6c079db63a8a,Warm,0,13.08,14,119.0
2026-06-30 20:27:37.993,b8ba3059-dd85-403b-bf0f-1f07fe13e237,Warm,0,14.34,15,119.0
2026-06-30 20:27:38.029,cb1c9ac9-e40d-444a-b5f3-811d5535157b,Warm,0,13.59,14,119.0
2026-06-30 20:27:38.890,57813843-9646-492e-afdd-a0b8181cc610,Warm,0,13.65,14,119.0
2026-06-30 20:27:38.896,1fa5311a-e24e-461d-8247-ae86ee608cb8,Warm,0,17.38,18,119.0
2026-06-30 20:27:38.913,e5616b22-9e32-491e-a5b8-5fb854f9b557,Warm,0,14.12,15,119.0
2026-06-30 20:28:41.937,62196402-baf4-404a-ab13-3bb83c0eab10,Warm,0,73.64,74,119.0
2026-06-30 20:28:41.941,e3613ef6-a3a1-4f64-8676-1ea84dc4cb92,Warm,0,70.51,71,151.0
2026-06-30 20:28:41.951,2e86deaa-283a-4d47-9c56-6d3e20a320a2,Warm,0,82.95,83,119.0
2026-06-30 20:28:42.796,9acb0d69-d8b7-4604-9db1-863d06060cfe,Warm,0,48.22,49,119.0
2026-06-30 20:28:42.809,a02da44d-4b90-4b20-bfe4-dc352b3ce794,Warm,0,44.51,45,119.0
2026-06-30 20:28:42.836,6ef88e89-8406-4b44-97cc-1b9b665c1117,Warm,0,70.81,71,151.0
2026-06-30 20:28:42.838,14695130-4d45-4900-88c4-39c20123456d,Warm,0,70.12,71,152.0
2026-06-30 20:28:43.605,d69f23a2-3419-4440-9d2d-0878037714fc,Warm,0,48.06,49,152.0
2026-06-30 20:28:43.606,fa97b0c9-28ae-422f-8f50-6561451c16f5,Warm,0,46.41,47,151.0
2026-06-30 20:28:43.615,006ebb8f-4caa-4be0-a9c0-baf03aaa3e05,Warm,0,49.07,50,119.0
2026-06-30 20:28:43.620,e2c2534a-ae03-4166-8ae2-7e4d0735b6c5,Warm,0,44.44,45,119.0
2026-06-30 20:28:44.582,93245677-6331-4814-83e3-ffe9442e348a,Warm,0,44.88,45,151.0
2026-06-30 20:28:44.582,d8d7ba35-45fb-4f68-bf3e-469fd06cffa8,Warm,0,45.46,46,119.0
2026-06-30 20:28:44.586,903ddd7b-9ca8-487b-838e-abf7966a3f82,Warm,0,49.27,50,152.0
2026-06-30 20:28:44.587,7461c8de-3396-4896-a97e-3f1398f2d142,Warm,0,49.55,50,119.0
2026-06-30 20:28:45.392,3d5d088c-31ca-4d90-9d56-1aa9bb28ca19,Warm,0,45.56,46,152.0
2026-06-30 20:28:45.393,fd85c695-b197-45a2-a66e-d3e3f50efb96,Warm,0,46.33,47,119.0
2026-06-30 20:28:45.403,dc104f92-55a4-40a0-ab29-3e685a1db46b,Warm,0,46.73,47,151.0
2026-06-30 20:28:46.195,ecb7654f-9b42-4944-a867-a9e815e91952,Warm,0,46.7,47,151.0
2026-06-30 20:28:46.204,d8131fe2-3fe6-44d9-9fc6-e1827e23acbf,Warm,0,46.34,47,152.0
2026-06-30 20:28:46.218,d2dc1c89-7d93-41ad-96b0-2c8258810a57,Warm,0,70.34,71,119.0
2026-06-30 20:28:46.999,1c60c3d4-245f-461d-8c42-67a2669b998c,Warm,0,46.31,47,119.0
2026-06-30 20:28:49.590,86e9f44a-6362-4fbc-a917-aaeefd82ec8c,Warm,0,11.29,12,152.0
2026-06-30 20:28:49.594,de2de14e-a1c7-4818-a829-bf84c868f632,Warm,0,14.74,15,119.0
2026-06-30 20:28:49.594,09f8b728-34fc-4026-b15e-811fbc0c84ac,Warm,0,14.19,15,151.0
2026-06-30 20:28:50.269,c5abc191-aa57-41c0-9105-99285ec9985d,Warm,0,12.18,13,151.0
2026-06-30 20:28:50.280,425129a5-c052-411e-baaf-414e9b929c54,Warm,0,13.87,14,119.0
2026-06-30 20:28:50.285,75907106-38c9-4e74-87ea-43312a8fc44b,Warm,0,15.38,16,152.0
2026-06-30 20:28:50.286,79bcb823-c10d-4978-9d40-143cd78880d8,Warm,0,16.36,17,119.0
2026-06-30 20:28:50.289,b757dda1-0dfb-46f2-a852-1bcaf582ea6b,Warm,0,12.7,13,151.0
2026-06-30 20:28:50.319,1c6a5059-01fb-4dac-a7e3-c8c4844ac40b,Warm,0,44.35,45,119.0
2026-06-30 20:28:50.321,8634b86e-dd1e-4f97-ad28-277216ecc5c1,Warm,0,46.77,47,119.0
2026-06-30 20:28:51.269,c30dba62-de8e-4287-adfc-ca28a159713a,Warm,0,12.54,13,119.0
2026-06-30 20:28:51.272,174f5bbf-2db4-4693-8d3c-6f8e5bcb70f5,Warm,0,14.94,15,119.0
2026-06-30 20:28:51.277,c96543d6-c969-4e7f-883e-42fc45fe1c8f,Warm,0,15.11,16,119.0
2026-06-30 20:28:51.282,507ebb05-756e-4307-a205-c6b707f4a034,Warm,0,23.82,24,151.0
2026-06-30 20:28:51.284,d1e82fa8-3588-4ad9-b043-73edbd8c6aef,Warm,0,23.02,24,152.0
2026-06-30 20:28:51.285,901cd9be-662a-484c-9d37-b3d8c3bc5f5a,Warm,0,14.62,15,119.0
2026-06-30 20:28:51.310,87d27e02-3d70-4637-b0dc-0d19a8b959eb,Warm,0,39.4,40,119.0
2026-06-30 20:28:51.359,eba8a9c8-821b-46fa-800f-d709faa1a0d2,Warm,0,11.83,12,119.0
2026-06-30 20:28:51.367,a500593c-13be-4891-b641-2a9d3e7bf7fe,Warm,0,12.73,13,119.0
2026-06-30 20:28:51.888,22a2f14e-8edc-480f-ae8d-b5e69775db5f,Warm,0,15.7,16,119.0
2026-06-30 20:28:51.891,9a4fdae8-a695-4427-9a39-39c630fc63d4,Warm,0,12.48,13,119.0
2026-06-30 20:28:51.901,b06a083e-3450-4a6f-8c26-f09df921818a,Warm,0,12.33,13,152.0
2026-06-30 20:28:51.903,ad45a0f1-ac2b-4c05-8359-1b5d3e9d1169,Warm,0,12.03,13,151.0
2026-06-30 20:28:51.904,9622c67b-5ab4-4208-9afa-db510b0b35c2,Warm,0,12.72,13,119.0
2026-06-30 20:28:51.907,3ca66e5e-0683-4867-8256-2f2f8cd85725,Warm,0,14.01,15,119.0
2026-06-30 20:28:51.907,b1bdef8d-968d-4db5-b761-8f8cddcbc6ed,Warm,0,13.7,14,119.0
2026-06-30 20:28:51.909,06904637-4575-4dc3-b411-67488811a5cd,Warm,0,15.27,16,119.0
2026-06-30 20:28:51.936,51838d7d-76ca-4f4f-af30-e4ff7c3f7c3d,Warm,0,41.71,42,152.0
2026-06-30 20:28:52.102,7297f5ac-f8bf-4f82-82fe-f9caaa344d27,Warm,0,13.94,14,152.0
2026-06-30 20:28:52.103,bce9648f-d7b1-4888-96db-843e545935ed,Warm,0,12.98,13,119.0
2026-06-30 20:28:52.103,edacd42d-e369-45ab-8ebb-5b7b514bb59a,Warm,0,12.84,13,119.0
2026-06-30 20:28:52.105,a7a2eb43-daae-4ba9-85aa-88954495dc63,Warm,0,15.43,16,119.0
2026-06-30 20:28:52.784,7092671a-841d-49c7-a2b7-a4d7401aa4f0,Warm,0,11.67,12,119.0
2026-06-30 20:28:52.805,47274240-f696-4b9c-aa47-82b5651a0740,Warm,0,11.74,12,119.0
2026-06-30 20:28:52.816,764c6f3d-560a-4a40-8173-6f1e024b0428,Warm,0,12.32,13,152.0
2026-06-30 20:28:52.817,00d64d2c-056e-4cc3-9323-3b1828e1af62,Warm,0,13.42,14,119.0
2026-06-30 20:28:52.820,579cfd6a-6921-4177-b3ef-e47110e4ad0b,Warm,0,15.11,16,119.0
2026-06-30 20:28:52.820,f7a06148-24ab-4614-93f5-2f34c60ef535,Warm,0,12.19,13,119.0
2026-06-30 20:28:52.823,8790c616-38dd-4bd6-b724-8d33a90b67ba,Warm,0,13.41,14,152.0
2026-06-30 20:28:52.823,f19ddb51-9506-4283-94d2-90fbe167a8ac,Warm,0,14.14,15,151.0
2026-06-30 20:28:53.006,1128ddf8-5b90-45ae-bdc6-10f0244b5f60,Warm,0,11.36,12,151.0
2026-06-30 20:28:53.713,81b6688a-62ee-4007-9970-1f2d7db93d33,Warm,0,13.49,14,151.0
2026-06-30 20:28:53.714,539feb26-914d-44de-85cd-bc2c3c2238f7,Warm,0,12.34,13,119.0
2026-06-30 20:28:53.715,6fff2270-53fd-4ad2-b242-af9f3e901355,Warm,0,13.63,14,152.0
2026-06-30 20:28:53.716,ed29e443-ad2e-4463-8b91-d497e9258a01,Warm,0,14.27,15,119.0
2026-06-30 20:28:53.718,0c68c168-ad99-4354-9d1c-0662775201b9,Warm,0,12.77,13,119.0
2026-06-30 20:28:53.720,daa24979-6048-4580-acde-63afaffe5e46,Warm,0,13.62,14,152.0
2026-06-30 20:28:53.722,6b1eeb0a-61c8-4e2b-b965-9dcbbc914478,Warm,0,11.89,12,119.0
2026-06-30 20:28:53.723,a73b07b9-af5f-47ed-8c90-b30e2f2f5303,Warm,0,12.59,13,119.0
2026-06-30 20:28:53.923,27499bdb-1815-4f9a-9946-69c3f2beafd0,Warm,0,14.86,15,119.0
2026-06-30 20:28:53.930,0291136b-4f51-499f-bbbc-14636565273b,Warm,0,12.86,13,119.0
2026-06-30 20:28:53.930,f687ae41-5427-41e7-86a6-37c89557a3e2,Warm,0,12.01,13,152.0
2026-06-30 20:28:54.477,eaa0d238-0509-4026-a60a-b2e92e7f0e70,Warm,0,12.81,13,119.0
2026-06-30 20:28:54.487,e1d12f14-3fef-473b-ae91-27a473e08a4e,Warm,0,12.51,13,152.0
2026-06-30 20:28:54.674,bb7b7e9d-9825-4226-8796-af38c63d42f7,Warm,0,12.02,13,152.0
2026-06-30 20:28:54.686,493d5887-3d72-4e82-aa7c-da26c9fde94e,Warm,0,12.36,13,152.0
2026-06-30 20:28:54.687,c2c3ed98-c631-4be0-9c93-622909dc09d9,Warm,0,12.32,13,119.0
2026-06-30 20:28:54.688,723e7ede-39b8-4db8-848d-3ca7b880c054,Warm,0,12.99,13,119.0
2026-06-30 20:28:54.689,de0fe290-9901-44c5-9c7d-086b0f9863c4,Warm,0,15.16,16,119.0
2026-06-30 20:28:54.703,b3336c92-3355-4fcd-b9db-a6fe9b500e92,Warm,0,30.28,31,119.0
2026-06-30 20:28:55.589,c3d0bb9c-9dc7-4014-99c2-7edfe35250ac,Warm,0,14.35,15,119.0
2026-06-30 20:28:55.590,cb6681b9-5e4e-4881-835f-be1736754532,Warm,0,15.13,16,119.0
2026-06-30 20:28:55.616,2b4a9bed-ae88-44a2-80ad-6b9090364827,Warm,0,13.92,14,119.0
2026-06-30 20:28:56.392,fcaebe83-2ba5-4cf2-918a-a84e6924214a,Warm,0,15.65,16,119.0
2026-06-30 20:28:56.417,6ab0f0a3-9bf4-46e4-8e79-e459ba321ebd,Warm,0,12.68,13,119.0
2026-06-30 20:28:56.451,2a723003-0a0a-44a5-b760-f7bc6e6895e6,Warm,0,12.78,13,119.0
2026-06-30 20:29:05.890,9c231293-0d5a-4de9-a438-c3d0a89d2de9,Warm,0,41.95,42,119.0
2026-06-30 20:29:05.923,1f070970-5a64-45f0-ad55-e68077132478,Warm,0,38.45,39,119.0
2026-06-30 20:29:06.736,7ddc8f2e-0847-4377-9b6d-4e8ac932dfb2,Warm,0,11.86,12,119.0
2026-06-30 20:29:06.737,042f6fba-fb03-483a-b7af-a893a337c82c,Warm,0,13.55,14,119.0
2026-06-30 20:29:06.766,3fb7d609-78a0-41ad-9481-9781e2efee03,Warm,0,41.88,42,119.0
2026-06-30 20:29:06.768,5ca1295c-4567-48de-ab71-ebbf477c33c8,Warm,0,42.53,43,119.0
2026-06-30 20:29:07.424,0f864005-0541-4bc2-baec-a78d42e0f150,Warm,0,12.85,13,119.0
2026-06-30 20:29:07.431,2a0e02f6-0843-4cfa-8c6d-1ecc2c064024,Warm,0,13.82,14,119.0
2026-06-30 20:29:07.441,1264b825-3134-4846-b2b6-01a92d96d6f8,Warm,0,13.19,14,119.0
2026-06-30 20:29:07.450,68e2f7db-d012-43bc-a537-dc0ba30d4079,Warm,0,34.37,35,119.0
2026-06-30 20:29:07.467,1632ec54-0bf3-40f3-9dc9-3c9881f6ee91,Warm,0,42.82,43,152.0
2026-06-30 20:29:08.218,285d72c7-4d8d-437e-ac4f-24ab7ec4ad5f,Warm,0,12.77,13,152.0
2026-06-30 20:29:08.225,6c3a3c8e-9718-464d-9077-4ff6f32539fb,Warm,0,13.15,14,119.0
2026-06-30 20:29:08.243,53f6aa6e-d9a6-499a-8f46-d085a6d7f19a,Warm,0,12.88,13,119.0
2026-06-30 20:29:08.247,321945d7-a2e7-4caa-b9dc-77115c4ae3b8,Warm,0,13.62,14,119.0
2026-06-30 20:29:08.247,d7b9f066-507f-4b51-b7ad-54e2f3a62f38,Warm,0,14.74,15,152.0
2026-06-30 20:29:08.250,da0e7f8a-2031-4096-bd30-e15536451779,Warm,0,11.94,12,119.0
2026-06-30 20:29:08.419,28e2ccee-4afe-4b23-afdb-78f790789ca5,Warm,0,12.88,13,119.0
2026-06-30 20:29:08.424,99bcdea2-5fcf-4013-b6b2-63aa824c6ee7,Warm,0,14.62,15,119.0
2026-06-30 20:29:08.485,02a0900f-9358-4b35-b8c5-c7de2d764f98,Warm,0,14.76,15,119.0
2026-06-30 20:29:08.937,fe80246b-7eb8-4528-9335-ffc86b83f373,Warm,0,13.96,14,119.0
2026-06-30 20:29:08.949,4baba26f-71c2-4130-9206-e09d57ef9e2a,Warm,0,13.39,14,119.0
2026-06-30 20:29:08.961,7c1b03e6-2049-4874-8e02-96110e9616ff,Warm,0,15.7,16,119.0
2026-06-30 20:29:08.972,a08d2258-9b3b-406f-8e9e-d8bb25a4061f,Warm,0,14.31,15,119.0
2026-06-30 20:29:08.972,d648fcf3-b6c2-46fa-9043-76dc9073408e,Warm,0,12.8,13,119.0
2026-06-30 20:29:08.972,39eb42a6-7766-4cab-bcd1-1c16f689b099,Warm,0,15.14,16,119.0
2026-06-30 20:29:08.994,45b79c1b-1c43-49ee-8273-21f1b81deb98,Warm,0,48.27,49,152.0
2026-06-30 20:29:09.844,3a560293-b373-45ba-9049-4a226fec5607,Warm,0,13.55,14,152.0
2026-06-30 20:29:09.845,23049bd5-44e5-47a7-be31-70cb6f8cc3a3,Warm,0,12.78,13,119.0
2026-06-30 20:29:09.845,a2027adf-aa50-4746-a756-2644d222fd79,Warm,0,12.94,13,119.0
2026-06-30 20:29:09.856,627f6063-5e12-48c5-9327-283b48eb7df4,Warm,0,13.98,14,119.0
2026-06-30 20:29:09.857,5a479504-7e3d-4f32-b19f-f4895c6cd734,Warm,0,14.45,15,119.0
2026-06-30 20:29:09.890,fa66a3e1-6a5a-4b63-b1f1-ce257e607eba,Warm,0,12.43,13,119.0
2026-06-30 20:29:09.925,c11e4405-e602-4e04-96c7-10898957855d,Warm,0,13.21,14,119.0
2026-06-30 20:29:10.897,c303ee39-5df6-4b7c-b9de-62f53f0f974a,Warm,0,13.06,14,119.0
2026-06-30 20:29:10.915,23161625-e40e-4ef6-8005-03bc3975d06b,Warm,0,13.01,14,119.0
2026-06-30 20:29:10.916,c83ff775-df33-4a57-ba51-f74a8861091f,Warm,0,12.3,13,119.0
2026-06-30 20:29:10.917,088a2c21-a21a-490a-98b3-d89fececa617,Warm,0,13.8,14,119.0
2026-06-30 20:29:10.929,026d4e48-935b-434e-8649-c9a708803610,Warm,0,14.07,15,119.0
2026-06-30 20:29:10.929,2b04e440-e787-4297-8ec2-60c93d1ffad8,Warm,0,13.78,14,152.0
2026-06-30 20:29:11.745,474fafa6-b82d-4d7e-a584-7eb709021263,Warm,0,13.51,14,119.0
2026-06-30 20:29:11.752,015f4130-bd44-48b2-a643-45c05a33c79b,Warm,0,12.01,13,119.0
2026-06-30 20:29:11.753,d14c7f69-fb96-4d73-8ae6-30e948b5db72,Warm,0,11.44,12,119.0
2026-06-30 20:29:11.753,af90fa4a-2d9d-4139-a7b9-a96f1acc8892,Warm,0,12.7,13,119.0
2026-06-30 20:29:11.759,b531e4d1-4829-425d-bf8c-e31c3938b649,Warm,0,21.82,22,152.0
2026-06-30 20:29:11.781,c700be3c-f82d-4e28-be27-60d4ffc109e3,Warm,0,38.41,39,152.0
2026-06-30 20:29:12.341,aafe69f8-d257-479b-869e-5d7d488a62f2,Warm,0,14.44,15,152.0
2026-06-30 20:29:12.341,dcfe2625-3dc1-46be-af53-8dc6356b7212,Warm,0,12.74,13,152.0
2026-06-30 20:29:12.348,a3eb6004-eb64-4b9d-907e-7496c381a5a7,Warm,0,13.64,14,119.0
2026-06-30 20:29:12.352,d1f571f8-64a0-4d75-aed5-8a087ee37030,Warm,0,13.37,14,119.0
2026-06-30 20:29:12.355,115fc738-3f30-4555-b0ad-f8fe0509be03,Warm,0,13.89,14,119.0
2026-06-30 20:29:12.357,cc614d0c-f785-43b7-a6c6-024f3998f855,Warm,0,12.31,13,119.0
2026-06-30 20:29:12.361,440802c4-a4bb-4af2-9001-6901985cad77,Warm,0,12.78,13,152.0
2026-06-30 20:29:12.364,da218da1-1fc3-4620-8d8e-b256811dc48f,Warm,0,14.58,15,152.0
2026-06-30 20:29:13.335,1a52b3ce-3a11-454b-a4a9-94edf53487a6,Warm,0,12.39,13,152.0
2026-06-30 20:29:13.344,7845013c-7cad-48c7-a5d7-d8bd5ef05086,Warm,0,13.65,14,152.0
2026-06-30 20:29:13.344,750da5c4-5aee-4128-8e0b-214a89d21c27,Warm,0,13.62,14,119.0
2026-06-30 20:29:13.348,88af2dab-9a3b-4541-b296-cc1826e522df,Warm,0,13.47,14,119.0
2026-06-30 20:29:13.351,e6ffd8ee-e54c-4482-b8e2-d4f3e714e870,Warm,0,13.32,14,119.0
2026-06-30 20:29:13.351,5326e276-8d27-4b44-b604-a31617d00e25,Warm,0,12.73,13,119.0
2026-06-30 20:29:13.379,7c9bdb22-f0de-4fc0-bf6c-287db6a3f8f2,Warm,0,41.1,42,119.0
2026-06-30 20:29:13.381,ec341466-7500-4f31-8b10-bcc48f00e334,Warm,0,40.98,41,151.0
2026-06-30 20:29:14.165,3eb3d281-29f7-49bf-a504-82c8e9c1c886,Warm,0,13.74,14,151.0
2026-06-30 20:29:14.180,8fda0dec-3b6c-4209-84e0-2859dc1ac264,Warm,0,12.24,13,119.0
2026-06-30 20:29:14.181,d3688f5e-cf8d-4b7a-96a1-1e9153783ca3,Warm,0,12.68,13,119.0
2026-06-30 20:29:15.240,b6bd88c2-71cd-49df-a69c-b5813f494442,Warm,0,13.04,14,119.0
2026-06-30 20:29:24.614,583edaf7-07e0-4201-9efe-14a8e5ffd94f,Warm,0,38.27,39,119.0
2026-06-30 20:29:24.617,325270c8-1e4c-48c4-983d-c7c04859234f,Warm,0,41.09,42,119.0
2026-06-30 20:29:24.623,8930ac6e-5694-4890-8f13-9235fd32c6cd,Warm,0,39.46,40,151.0
2026-06-30 20:29:25.304,92e6e6e2-addf-4ea8-aeeb-098b21cdc463,Warm,0,13.32,14,151.0
2026-06-30 20:29:25.307,df2b156f-4e10-4177-9116-cd2173c34a63,Warm,0,14.13,15,119.0
2026-06-30 20:29:25.307,ddbba85e-795f-4d71-847b-884177a8728e,Warm,0,12.82,13,119.0
2026-06-30 20:29:25.349,a2b75107-57c2-4a49-8d3c-42faef61c0d1,Warm,0,41.69,42,119.0
2026-06-30 20:29:25.352,53f3443a-9a2c-4b06-ad61-1793f00153d0,Warm,0,41.5,42,119.0
2026-06-30 20:29:25.368,64a9a562-3cc6-4011-a0c2-e9c55bba5b43,Warm,0,14.36,15,119.0
2026-06-30 20:29:25.372,22311b51-80d4-4944-9608-f00b3eb5df58,Warm,0,10.94,11,119.0
2026-06-30 20:29:25.506,5c0f979a-f471-451f-91e1-ccaa55eca5ea,Warm,0,13.96,14,119.0
2026-06-30 20:29:25.533,4c0e6631-01af-430b-90c8-092ca372a527,Warm,0,13.63,14,119.0
2026-06-30 20:29:26.085,8d62daa8-efb1-40d5-a1de-10ab0b5b49b3,Warm,0,11.47,12,119.0
2026-06-30 20:29:26.087,38681580-7816-4dea-8474-3455cb8eaabc,Warm,0,12.51,13,119.0
2026-06-30 20:29:26.087,28286b98-64a0-4705-914c-844ab1504150,Warm,0,13.04,14,119.0
2026-06-30 20:29:26.097,f5e34036-a412-4ea4-9a4a-747b2e85dafc,Warm,0,14.91,15,119.0
2026-06-30 20:29:26.097,de705e69-6d84-4de3-a2d0-271a3cfa8df7,Warm,0,13.35,14,151.0
2026-06-30 20:29:26.105,e5d49438-fab4-470a-8833-446d866ffd01,Warm,0,11.8,12,119.0
2026-06-30 20:29:26.107,972c3324-2839-4815-bdfe-fe41bf8676d3,Warm,0,11.34,12,119.0
2026-06-30 20:29:26.108,00f120e1-c986-4c12-8036-00b15f25779e,Warm,0,13.17,14,119.0
2026-06-30 20:29:26.237,270ae05f-dd95-4842-b593-a5f6c9e1b157,Warm,0,12.32,13,119.0
2026-06-30 20:29:26.970,5cc5158c-6d2f-4c44-b64d-739ec2a8f5fd,Warm,0,13.22,14,119.0
2026-06-30 20:29:27.064,27355b53-adc7-4f28-a4fa-45ba881ca9a3,Warm,0,12.35,13,119.0
2026-06-30 20:29:27.066,266a5f04-876e-47cb-ba23-dd290962b855,Warm,0,14.02,15,119.0
2026-06-30 20:29:27.066,1d88ac05-533a-4b77-b7ff-a03250986f10,Warm,0,14.4,15,119.0
2026-06-30 20:29:27.069,472c9ebc-2a24-4114-81c0-652519e3326b,Warm,0,15.69,16,151.0
2026-06-30 20:29:27.070,017a36b2-75f0-4268-acbc-fb53b7ef7652,Warm,0,12.76,13,119.0
2026-06-30 20:29:27.094,e36cb39e-8473-48c2-a207-be090c221e97,Warm,0,12.95,13,119.0
2026-06-30 20:29:27.096,3e58977a-111a-4db7-975f-2f2ef5687e8b,Warm,0,39.05,40,119.0
2026-06-30 20:29:27.775,0e293ae8-9b79-4135-96a9-fa85a5c75456,Warm,0,13.74,14,119.0
2026-06-30 20:29:27.779,41c4f9d2-123f-43f6-a083-e66537447a95,Warm,0,13.52,14,119.0
2026-06-30 20:29:27.781,ccd3b53c-cc95-457b-84f4-56f1fa7a3388,Warm,0,13.73,14,151.0
2026-06-30 20:29:27.782,ae227a35-89d1-470c-bbf0-8e8e787fd6a4,Warm,0,13.31,14,119.0
2026-06-30 20:29:27.785,c48b19d8-43d9-421a-b099-3bb20246a219,Warm,0,13.93,14,119.0
2026-06-30 20:29:27.785,64094ba0-954c-40e0-9f06-45017c56956c,Warm,0,13.6,14,119.0
2026-06-30 20:29:27.981,3d596f7a-cbd5-4275-89c0-2d2d0a01dc7a,Warm,0,12.45,13,119.0
2026-06-30 20:29:27.989,54e44ebd-bd09-4b8a-97d8-3ac646f69d40,Warm,0,12.63,13,119.0
2026-06-30 20:29:27.992,6779b2db-bd2c-4e4c-8f81-1cb326b7dc98,Warm,0,14.46,15,119.0
2026-06-30 20:29:28.709,4f993cd4-1503-402d-a62c-92332b29caa9,Warm,0,14.29,15,119.0
2026-06-30 20:29:28.711,fd1c63e2-db59-4c51-919d-c26056af6c6a,Warm,0,13.65,14,119.0
2026-06-30 20:29:28.714,e8c1a9a9-3350-462d-9638-46cfa5c375fa,Warm,0,13.32,14,119.0
2026-06-30 20:29:28.723,aa4219f2-e4af-4c4c-be2c-7b0250c44e0e,Warm,0,13.42,14,151.0
2026-06-30 20:29:28.745,2042228f-0c76-471f-bef6-dc3408cbd4e3,Warm,0,12.58,13,119.0
2026-06-30 20:29:28.748,f75e8733-fdc3-4bdc-897f-f719ae3d3d59,Warm,0,15.56,16,151.0
2026-06-30 20:29:28.925,10aab808-e055-4608-a9e2-0643079cefed,Warm,0,13.33,14,151.0
2026-06-30 20:29:28.925,d4902b14-fd5f-4ab1-a713-d934505949d0,Warm,0,11.59,12,119.0
2026-06-30 20:29:29.503,091dc4dc-2610-4831-803c-6c6ad8fffc76,Warm,0,13.09,14,151.0
2026-06-30 20:29:29.511,76042779-1c7a-4725-b7ca-eb1d353f80bc,Warm,0,11.17,12,119.0
2026-06-30 20:29:29.512,9a8f7c92-8e3d-4bdf-aafe-85c8fa31a763,Warm,0,12.32,13,119.0
2026-06-30 20:29:29.518,39022257-15b1-42ea-96b1-3b5ca2f60985,Warm,0,12.56,13,119.0
2026-06-30 20:29:29.518,93cd0073-f94c-416d-8988-599912b2997d,Warm,0,12.31,13,119.0
2026-06-30 20:29:29.522,839dee46-122d-43e5-b6af-ea167bb94213,Warm,0,15.39,16,119.0
2026-06-30 20:29:29.524,aa402547-4b6e-4abe-a1b2-1d8219f30a2b,Warm,0,11.71,12,151.0
2026-06-30 20:29:29.592,f1f35c91-1da0-4ef8-a21c-6db4878c6e39,Warm,0,78.81,79,152.0
2026-06-30 20:29:29.724,7796f4b0-e4d3-4104-a3be-d1b7ded036b3,Warm,0,13.05,14,152.0
2026-06-30 20:29:30.434,0fbed86b-0b3e-412e-bed6-092cd4b57688,Warm,0,12.12,13,152.0
2026-06-30 20:29:30.440,ea28aeea-690d-4fd8-a206-90f3bbfc244c,Warm,0,14.46,15,151.0
2026-06-30 20:29:30.444,1c80e40e-3758-4324-bc4e-55371d2e68b2,Warm,0,11.92,12,119.0
2026-06-30 20:29:30.454,1245fc68-c4f0-4252-aad2-95ad13472273,Warm,0,13.62,14,152.0
2026-06-30 20:29:30.536,3244964e-9c01-4fe0-b6ec-804ec70bfc5e,Warm,0,13.09,14,152.0
2026-06-30 20:29:31.257,fd145f96-0460-4f57-9070-50c0e5569043,Warm,0,10.99,11,152.0
2026-06-30 20:29:31.259,7315a53e-475b-4844-8cf2-314c408ebd9d,Warm,0,12.52,13,119.0
2026-06-30 20:29:31.260,68405b1e-d415-4819-b2b7-36f22ee3a042,Warm,0,13.34,14,151.0
2026-06-30 20:29:31.263,11f70284-f833-4c49-b41f-714144805585,Warm,0,13.66,14,119.0
2026-06-30 20:29:31.264,612bf8c3-bca9-4fd1-8ddc-f02ad9de6d5e,Warm,0,13.63,14,119.0
2026-06-30 20:29:32.269,524dfd8f-1a54-40a4-b226-dd585bfb2f0b,Warm,0,13.04,14,119.0
2026-06-30 20:29:39.802,4fb8b756-9b7b-4775-beee-5d2ca1422756,Warm,0,40.91,41,119.0
2026-06-30 20:29:39.820,a3b57e36-aafe-47ac-82d2-db94841104ae,Warm,0,39.05,40,119.0
2026-06-30 20:29:40.779,d3ab2965-d521-4818-bb29-aa01eeb98d19,Warm,0,14.65,15,119.0
2026-06-30 20:29:40.782,d2036000-ac3b-4dce-9a79-5dd75fe99802,Warm,0,14.27,15,119.0
2026-06-30 20:29:40.817,df843386-7a99-4560-933a-3bd5300272d9,Warm,0,38.12,39,151.0
2026-06-30 20:29:40.824,4ee3e121-afd2-49b0-9d35-f2b7b0703dd1,Warm,0,42.78,43,119.0
2026-06-30 20:29:40.944,c6dd823b-1599-4629-978e-3c83fd375c34,Warm,0,13.15,14,119.0
2026-06-30 20:29:41.533,1424896a-5b45-49c9-9b1b-0e36e7edce7e,Warm,0,13.16,14,119.0
2026-06-30 20:29:41.545,20d0c206-7825-4181-b5b8-9739c414fbb0,Warm,0,13.07,14,151.0
2026-06-30 20:29:41.556,5102379d-cead-4eb5-b21c-1268879d3ad5,Warm,0,12.45,13,119.0
2026-06-30 20:29:41.557,3425fdd5-231a-450a-b248-0484d323807d,Warm,0,13.58,14,119.0
2026-06-30 20:29:41.558,eccf94d3-c5be-4b73-a696-8f193e6e6861,Warm,0,13.22,14,119.0
2026-06-30 20:29:41.585,6a60f88e-74cb-40b4-bd18-a74bc8b02e5e,Warm,0,40.22,41,152.0
2026-06-30 20:29:41.665,29dc56e9-beaf-4a17-8f27-50a857a82e8e,Warm,0,12.81,13,152.0
2026-06-30 20:29:42.395,65157b4d-e163-481b-8ab3-b923d033dac5,Warm,0,14.05,15,152.0
2026-06-30 20:29:42.396,6992d558-d759-4b88-a8a7-4154fbcd5e96,Warm,0,14.95,15,119.0
2026-06-30 20:29:42.403,3b7bc2cd-1599-4267-8c32-84eae5f5d5e4,Warm,0,14.13,15,119.0
2026-06-30 20:29:42.404,0264c5e5-cc7f-4b38-acd8-bfdd50205e04,Warm,0,13.54,14,119.0
2026-06-30 20:29:42.416,65c15603-bd02-49ef-a334-1eefb41cb58b,Warm,0,12.89,13,152.0
2026-06-30 20:29:42.421,a0d2dfd1-9b31-4924-b282-784c2bd09f48,Warm,0,13.53,14,151.0
2026-06-30 20:29:42.427,7888a32d-d2e8-41d8-aff2-c1f5b4cafa26,Warm,0,13.02,14,119.0
2026-06-30 20:29:42.451,bae60f50-ba21-470b-bda6-de677400812e,Warm,0,43.56,44,119.0
2026-06-30 20:29:43.136,097e69fb-6b96-49c6-bdbc-4e293b887b50,Warm,0,12.62,13,119.0
2026-06-30 20:29:43.140,78a50c40-0767-4409-9aa8-42c31d3076a8,Warm,0,12.8,13,151.0
2026-06-30 20:29:43.140,1692dfbc-c3a5-44d9-87c3-03fa83fc1774,Warm,0,12.59,13,152.0
2026-06-30 20:29:43.141,e1e40bcb-d6e7-4068-a846-a43c08321d61,Warm,0,14.49,15,119.0
2026-06-30 20:29:43.142,1307a85d-a2fb-46a5-a5a8-4fb5bcee5c98,Warm,0,13.61,14,119.0
2026-06-30 20:29:43.142,ca2d3bb1-2eaa-42f5-a169-be9b0834fe3a,Warm,0,12.01,13,119.0
2026-06-30 20:29:43.153,6b514447-3aed-4891-8d16-40b92604fa52,Warm,0,11.55,12,119.0
2026-06-30 20:29:43.182,a47d5e08-e4a1-491a-aa30-26b028c98f04,Warm,0,40.38,41,119.0
2026-06-30 20:29:43.183,680dfd09-fd10-4f47-a5f6-8b3b1c603450,Warm,0,39.71,40,152.0
2026-06-30 20:29:43.327,d20e8291-168e-4f4b-a515-742158414149,Warm,0,13.26,14,152.0
2026-06-30 20:29:43.338,3efe9937-0f98-4388-bc90-5a0135746776,Warm,0,12.95,13,119.0
2026-06-30 20:29:44.018,b4b2da5c-37d1-45e4-9b83-b6c6da25afcd,Warm,0,13.01,14,119.0
2026-06-30 20:29:44.035,9045c4c7-f223-4ecd-8f7d-a77d831fa235,Warm,0,12.82,13,119.0
2026-06-30 20:29:44.036,be2083b9-1e5d-4936-aed8-39544b1a018c,Warm,0,14.79,15,152.0
2026-06-30 20:29:44.037,a8d96e18-1bc4-49d5-b1b2-050598dbfcb8,Warm,0,13.48,14,119.0
2026-06-30 20:29:44.037,fe225d79-eaa5-4903-8b41-250ae94b9a22,Warm,0,14.07,15,119.0
2026-06-30 20:29:44.038,bf80e3e7-2b35-4df2-8843-f76b94f7d258,Warm,0,13.84,14,119.0
2026-06-30 20:29:44.038,f205b106-59b6-46f1-915a-07b5f5dbab6f,Warm,0,11.2,12,151.0
2026-06-30 20:29:44.039,8dee65e8-6fbb-4948-a0d1-1072868b246c,Warm,0,13.39,14,119.0
2026-06-30 20:29:44.040,e0a2ee09-5ed5-4502-9f2e-195816dc7b0e,Warm,0,13.82,14,152.0
2026-06-30 20:29:44.231,750e5940-ddd1-4b53-b2a3-6649d0a52039,Warm,0,13.05,14,152.0
2026-06-30 20:29:44.814,48e564dd-a22e-4b94-87fa-8934c434e442,Warm,0,14.06,15,152.0
2026-06-30 20:29:44.818,667fa4a4-affe-468f-a191-9dc876060ab2,Warm,0,12.64,13,119.0
2026-06-30 20:29:44.932,baf2b71e-f4b4-4acc-8e14-e84a73ca3185,Warm,0,12.15,13,119.0
2026-06-30 20:29:44.933,06d28df7-3d7d-4f72-9ece-e2844f9eadd7,Warm,0,13.08,14,152.0
2026-06-30 20:29:44.939,87616ab7-6391-4986-899f-f548aad11979,Warm,0,13,14,151.0
2026-06-30 20:29:44.941,ea71e818-e480-4aac-836b-786f77d473df,Warm,0,12.55,13,119.0
2026-06-30 20:29:44.942,b699b1e4-a70e-42c2-a550-cd8530712e1d,Warm,0,14.8,15,119.0
2026-06-30 20:29:44.948,8cb4e42f-0cf6-4d19-95b1-dbfc95c5286f,Warm,0,12.72,13,119.0
2026-06-30 20:29:44.949,7ef36d0f-e051-4733-b30e-c4107992e168,Warm,0,13.31,14,119.0
2026-06-30 20:29:44.965,61dec520-4a12-441c-9c1a-12b042339165,Warm,0,13.58,14,119.0
2026-06-30 20:29:45.778,9fa69960-bbf1-4273-a2d9-83fa91954edc,Warm,0,12.9,13,119.0
2026-06-30 20:29:45.788,c8dbadeb-4e78-4927-8a49-f9521b98df75,Warm,0,12.76,13,119.0
2026-06-30 20:29:45.788,6e711852-dbc1-459f-b5a8-742341255066,Warm,0,12.07,13,119.0
2026-06-30 20:29:45.789,24c1c5c2-ecee-41c6-a5b4-f7de8f253e89,Warm,0,12.19,13,119.0
2026-06-30 20:29:45.791,0f25525f-498e-4355-a6ea-29d532f7eaee,Warm,0,12.84,13,151.0
2026-06-30 20:29:45.793,ba8ccf99-5f42-4035-94b3-48cdb7185093,Warm,0,12.45,13,152.0
2026-06-30 20:29:45.819,b2c08823-3559-404d-b537-5168dee1f199,Warm,0,13.43,14,152.0
2026-06-30 20:29:46.535,de2c9457-a3b6-413d-9756-0e52c22c77eb,Warm,0,12.4,13,152.0
2026-06-30 20:29:46.552,da47859d-b156-442b-91ab-7d130ff6d4ae,Warm,0,12.63,13,152.0
2026-06-30 20:29:46.554,f989b39c-9289-4446-b779-650c85428d85,Warm,0,14.04,15,151.0
2026-06-30 20:29:46.559,87cb81c9-c3c5-4e6a-b179-916d89230d99,Warm,0,11.84,12,119.0
2026-06-30 20:29:46.744,6d246b07-8851-41bd-8a9d-615b975053e8,Warm,0,12.77,13,119.0
2026-06-30 20:29:47.595,ccadcc3b-e333-40ff-b2cf-5d64b8a9c0cb,Warm,0,13.74,14,119.0
2026-06-30 20:29:54.523,70d7f542-b361-40c3-9079-1886ee9b7d13,Warm,0,40.98,41,119.0
2026-06-30 20:29:54.942,79f21f75-4762-48cb-8de8-708911718bcf,Warm,0,12.76,13,119.0
2026-06-30 20:29:54.971,7380cf29-aec5-403b-9064-d68348cb2dea,Warm,0,38.89,39,152.0
2026-06-30 20:29:54.975,d14b85c1-1baf-48f0-b3fd-10619729a536,Warm,0,41.85,42,151.0
2026-06-30 20:29:56.041,46fad52d-c41a-431f-83b0-8ec6efc024c7,Warm,0,12.88,13,152.0
2026-06-30 20:29:56.042,2e1ff4e3-c50d-4f7f-9a19-fe840194b02d,Warm,0,14.03,15,151.0
2026-06-30 20:29:56.048,72570062-0df1-40b0-ae6b-144a0be78f74,Warm,0,13.22,14,119.0
2026-06-30 20:29:56.068,bb9c9f9d-491c-40c0-ab34-8830ccc9ab12,Warm,0,11.78,12,119.0
2026-06-30 20:29:56.076,09f2fdb9-0117-44ff-a719-64fa75ee7ac2,Warm,0,15.47,16,151.0
2026-06-30 20:29:56.086,81cbcc7a-b7db-4cd2-b615-707ca642343b,Warm,0,40.69,41,119.0
2026-06-30 20:29:56.656,2d006bb9-607f-437d-a062-5c7db542187f,Warm,0,12.71,13,119.0
2026-06-30 20:29:56.673,72dc90cb-e7a0-4456-bfd1-25d4612896b2,Warm,0,12.72,13,151.0
2026-06-30 20:29:56.673,2701fd44-8656-475b-8bd3-56d9798d2e63,Warm,0,13.14,14,152.0
2026-06-30 20:29:56.673,44eff8c9-1420-4719-9f12-caaa0aa78095,Warm,0,12.62,13,119.0
2026-06-30 20:29:56.696,e8416396-8de1-403c-a0f1-1f055812a913,Warm,0,14.12,15,151.0
2026-06-30 20:29:56.708,38365cd8-8d34-43c9-aa9f-5553513fb2d2,Warm,0,11.54,12,152.0
2026-06-30 20:29:56.867,16fe1be2-d8ba-4582-a0da-b472b7fdfbd2,Warm,0,12.12,13,152.0
2026-06-30 20:29:57.575,4be3d411-0d15-49cd-8e11-2885f426ac8d,Warm,0,14.32,15,151.0
2026-06-30 20:29:57.576,22650264-1a38-41b9-ba1d-9a5964bb00ef,Warm,0,20.7,21,152.0
2026-06-30 20:29:57.576,29e750be-36ad-495e-8247-f02c710a244a,Warm,0,12.45,13,119.0
2026-06-30 20:29:57.576,f1015d10-42aa-4207-9bcc-613b0f8a8a2e,Warm,0,12.62,13,119.0
2026-06-30 20:29:57.603,59653db9-64de-417f-bf86-dac6e460cfae,Warm,0,38.53,39,119.0
2026-06-30 20:29:57.609,f75e7ce0-765f-4b1c-998c-dc44c333d770,Warm,0,41.01,42,119.0
2026-06-30 20:29:57.609,ab7ec843-38ca-4f1e-8b54-3561b8c58563,Warm,0,40.03,41,119.0
2026-06-30 20:29:57.778,5ae5a581-da92-43ec-8c9f-42743b214ada,Warm,0,13.25,14,119.0
2026-06-30 20:29:58.351,6ac31973-5173-4fd5-bfaa-d74405d84508,Warm,0,13.82,14,119.0
2026-06-30 20:29:58.352,0d1024c3-2aeb-469b-8bf2-d5bd7914c84c,Warm,0,13.72,14,119.0
2026-06-30 20:29:58.354,08d50f6b-e040-47f7-a8cb-3b50308f3bb7,Warm,0,12.45,13,119.0
2026-06-30 20:29:58.366,c5edb5f4-28e3-461e-ac1f-ebddd1639b61,Warm,0,13.51,14,119.0
2026-06-30 20:29:58.367,64d6a828-7c09-45a7-b579-3a6531d7389a,Warm,0,12.05,13,119.0
2026-06-30 20:29:58.547,c11f064b-43af-4ab6-aa3e-acc43359df2a,Warm,0,14.21,15,119.0
2026-06-30 20:29:58.549,5884c6e8-1427-40ba-bc9a-d7403fb93366,Warm,0,12.73,13,119.0
2026-06-30 20:29:58.550,c9dcc962-58f9-4b42-b975-064059945113,Warm,0,12.35,13,119.0
2026-06-30 20:29:58.557,96b0c2d1-c7af-42d0-a686-598d9eaf8861,Warm,0,12.63,13,119.0
2026-06-30 20:29:58.564,1dc4cfd9-d999-4fbd-8ff9-ff2ec958bdff,Warm,0,13.95,14,119.0
2026-06-30 20:29:58.590,730d5c9c-4b49-4607-a9f4-42874288a916,Warm,0,13.27,14,119.0
2026-06-30 20:29:59.284,98465cf9-cd92-4b83-ab3a-3e45d67baca8,Warm,0,13.79,14,119.0
2026-06-30 20:29:59.284,37c2115b-4778-47b2-b658-93efcc947295,Warm,0,12.99,13,119.0
2026-06-30 20:29:59.284,bc3bef89-4856-4036-b89c-ed37734d4e17,Warm,0,12.43,13,119.0
2026-06-30 20:29:59.284,1ebceee6-d242-4b1e-b992-2d45d34040bd,Warm,0,13.12,14,119.0
2026-06-30 20:29:59.286,b644f44b-a8c0-4414-a968-aedf4e56ef6b,Warm,0,12.85,13,119.0
2026-06-30 20:29:59.290,565776e0-43b6-4dbb-9a40-f4c1922b7cb4,Warm,0,14.02,15,152.0
2026-06-30 20:29:59.292,a6f4e0de-6a07-477a-a424-7aaa4d94b7f9,Warm,0,14.76,15,151.0
2026-06-30 20:29:59.321,9464ec56-3042-4b66-8db7-2c27e48b06da,Warm,0,13.41,14,151.0
2026-06-30 20:29:59.322,0e7154f0-71cf-434c-9abb-ffbf4027a78f,Warm,0,40.93,41,152.0
2026-06-30 20:30:00.067,b8069092-e174-4f0d-81ec-3979b4a89771,Warm,0,12.83,13,152.0
2026-06-30 20:30:00.069,5d53f9f8-424d-42d2-8cfd-4f146226b8ab,Warm,0,12.11,13,152.0
2026-06-30 20:30:00.071,1bd07a95-ecb5-4f02-96ac-3e010269718f,Warm,0,12.54,13,119.0
2026-06-30 20:30:00.072,5ba7b9cc-e485-476f-b5ba-643d7210af21,Warm,0,15.79,16,151.0
2026-06-30 20:30:00.078,01a24e52-15e0-4cae-8941-e5ff65758730,Warm,0,14.08,15,119.0
2026-06-30 20:30:00.078,a2723d37-2bd1-4547-afd1-e21c64e343fb,Warm,0,12.87,13,119.0
2026-06-30 20:30:00.078,71af69b0-dd21-40e1-9e16-fb1e0517e4c2,Warm,0,12.61,13,119.0
2026-06-30 20:30:00.114,8369b550-295f-4712-9074-9f857e8c038b,Warm,0,14.31,15,119.0
2026-06-30 20:30:00.119,24b35cc8-2e53-41d6-a99e-fd86c75da741,Warm,0,15.39,16,119.0
2026-06-30 20:30:00.273,45a6e713-b57e-4416-9004-bbe63f24d18d,Warm,0,12.26,13,119.0
2026-06-30 20:30:01.094,2ae7ab54-afc3-401a-a4bb-32f3cd5ebf90,Warm,0,14.31,15,119.0
2026-06-30 20:30:01.238,3f4fa007-bfab-4bff-a641-c04756f2db98,Warm,0,12.07,13,119.0
2026-06-30 20:30:01.255,5dfe83d8-17b1-4392-ac1a-7a08a560066c,Warm,0,13.65,14,119.0
2026-06-30 20:30:01.267,abd2086a-6f98-47d3-aeaa-bcfc02399e0a,Warm,0,14.35,15,119.0
2026-06-30 20:30:02.023,3c880554-acb9-49b5-8906-047eeae2c9f1,Warm,0,14.32,15,119.0
2026-06-30 20:30:02.041,c76e4c3d-38d9-41f8-b7db-5c4258776813,Warm,0,11.53,12,119.0
2026-06-30 20:30:02.047,5a664167-b12e-4b6d-bd23-a222026db7ab,Warm,0,31.88,32,119.0
2026-06-30 20:30:02.058,67e1702f-708e-4e45-9a14-ebb427542c16,Warm,0,26.94,27,119.0
2026-06-30 20:30:02.859,5a67b186-c3a1-4b9f-bddf-328a743b2dd1,Warm,0,13.49,14,119.0
2026-06-30 20:30:02.870,bda7451d-7234-4806-81bf-2585c02ef9e1,Warm,0,12.82,13,119.0
2026-06-30 20:30:02.879,b7e1367a-fdbb-4b37-8e40-e8ff13dc1b3c,Warm,0,14.19,15,119.0
2026-06-30 20:30:36.239,47190a4d-5f29-4d9e-9192-9559dc7e210d,Warm,0,86.4,87,119.0
2026-06-30 20:30:37.007,0309d79e-2754-4583-ad40-7ae8496f413c,Warm,0,47.07,48,119.0
2026-06-30 20:30:37.040,40aac521-9f17-40ba-83ba-e5542b7c1fa1,Warm,0,78.3,79,119.0
2026-06-30 20:30:37.045,e91ff2a8-bce9-48e9-9505-1547f99dc473,Warm,0,77.51,78,151.0
2026-06-30 20:30:37.047,e2b275ba-b76b-4e36-aa37-da4bbec109b8,Warm,0,79.55,80,119.0
2026-06-30 20:30:37.055,acca8f31-40c7-4050-80a3-eec45bf568cc,Warm,0,76.91,77,119.0
2026-06-30 20:30:37.773,b2911c8f-848e-4a55-9a90-f5708f5aee8f,Warm,0,44.63,45,119.0
2026-06-30 20:30:37.783,b98cf2e0-d45c-43fe-9a1e-0378506f721c,Warm,0,43.87,44,119.0
2026-06-30 20:30:37.794,8ff2f089-d750-410a-aa82-8c982b0e21d1,Warm,0,43.84,44,119.0
2026-06-30 20:30:37.798,dddda2be-1880-49e2-adf3-0fe4e6cf832a,Warm,0,47.82,48,151.0
2026-06-30 20:30:37.802,b8707b9c-3848-4b62-8e53-9370ea4318d0,Warm,0,43.56,44,119.0
2026-06-30 20:30:38.590,e5f8887a-5282-4fff-ae6c-a472ea2a9ee7,Warm,0,44.83,45,151.0
2026-06-30 20:30:38.591,23b0dd42-53e2-45a5-8738-5b9da0cfb156,Warm,0,44.96,45,119.0
2026-06-30 20:30:38.606,066f8c62-e473-4d99-ad19-7bcf5dee7a6f,Warm,0,46.34,47,119.0
2026-06-30 20:30:38.608,b737bb30-b4b2-485b-8be8-5d41f8118e63,Warm,0,47.04,48,119.0
2026-06-30 20:30:39.618,66facda6-d087-458a-85aa-73fc60f97a1b,Warm,0,43.55,44,119.0
2026-06-30 20:30:39.630,28fbfb3b-92e9-42e5-80d5-9e15ea04079a,Warm,0,48.6,49,119.0
2026-06-30 20:30:39.649,75443513-0240-438a-b9a9-bd21de33523c,Warm,0,47.87,48,151.0
2026-06-30 20:30:40.185,47adc618-d75d-433e-a43e-93ee93424ba8,Warm,0,47.81,48,151.0
2026-06-30 20:30:40.201,f1d46bc6-41fc-469e-8019-00d90bd6c759,Warm,0,47,48,119.0
2026-06-30 20:30:40.380,7ac5da91-cd01-4e4a-b707-017a0d8ea500,Warm,0,47.13,48,119.0
2026-06-30 20:30:41.117,b66182d7-142c-433b-a6af-75ff868a422d,Warm,0,45.91,46,119.0
2026-06-30 20:30:42.920,d166cd1d-90dd-4c63-a600-40104f475d50,Warm,0,13.05,14,119.0
2026-06-30 20:30:43.592,d880a0f5-6ef6-4d02-ab8a-e079f99f7455,Warm,0,13.52,14,151.0
2026-06-30 20:30:43.592,376ca5a3-be38-4b45-9bb5-f21db3a614cd,Warm,0,15.07,16,119.0
2026-06-30 20:30:43.594,a57c313a-9c76-49a5-9c7b-3e41543f1511,Warm,0,11.87,12,119.0
2026-06-30 20:30:43.598,a08b944d-afb2-4479-927f-f8c34ae87f6f,Warm,0,13.94,14,119.0
2026-06-30 20:30:43.599,fc426532-b005-4750-bf77-91d75d15f650,Warm,0,15.71,16,119.0
2026-06-30 20:30:43.637,ae383fda-0037-4de7-9dfa-001b3d34be84,Warm,0,48.75,49,152.0
2026-06-30 20:30:43.640,160cc2df-b063-4dc8-b1dd-8793c71e750a,Warm,0,45.13,46,152.0
2026-06-30 20:30:43.787,d746c073-a3d4-4135-8cb5-2fedf881fc9f,Warm,0,13.88,14,152.0
2026-06-30 20:30:43.789,dd526f6c-26fe-4224-9dcd-31980b51d83f,Warm,0,14.01,15,152.0
2026-06-30 20:30:44.380,57cc209b-c3b7-4404-afdc-d6a545b7ff71,Warm,0,12.44,13,152.0
2026-06-30 20:30:44.383,f9fc9a5f-2e2a-4f91-83a4-f20ef2c41682,Warm,0,13.89,14,152.0
2026-06-30 20:30:44.385,e57ec44a-e924-457e-9534-b094aadfc29b,Warm,0,15.64,16,119.0
2026-06-30 20:30:44.394,ae66225c-3c18-4463-9fde-48f58b9bca64,Warm,0,13.82,14,119.0
2026-06-30 20:30:44.419,4e297245-3ce5-4bb2-8e32-8ba82f913c2f,Warm,0,12.68,13,119.0
2026-06-30 20:30:44.420,5dfcd86f-64fa-45c7-97eb-7b34e2e3eea2,Warm,0,12.72,13,152.0
2026-06-30 20:30:44.420,0474e1d2-97dd-4a68-b2a5-7bbfd3427e09,Warm,0,11.53,12,152.0
2026-06-30 20:30:44.420,c596ca83-eb09-4707-9fd1-c9b110a9b2c3,Warm,0,14.1,15,119.0
2026-06-30 20:30:44.423,9d933fba-3345-420f-b90f-721d6b01c360,Warm,0,13.98,14,119.0
2026-06-30 20:30:44.424,ad5a1745-c438-48e0-98f9-2a2e10f2365e,Warm,0,12.92,13,151.0
2026-06-30 20:30:44.433,f26c20d0-152b-490b-87bc-1c25714eb73e,Warm,0,13.15,14,119.0
2026-06-30 20:30:44.499,c2e0b482-38d4-463d-aab1-e0c9efa56500,Warm,0,60.5,61,119.0
2026-06-30 20:30:45.374,f0397f55-5112-48f8-acb7-7db481cc14bd,Warm,0,13.71,14,119.0
2026-06-30 20:30:45.375,200f5bc5-4573-41cc-9a29-81fc19eac0da,Warm,0,15.03,16,119.0
2026-06-30 20:30:45.376,ac8602ec-022b-44e5-9e63-86ac8bb4661b,Warm,0,13.02,14,151.0
2026-06-30 20:30:45.398,87416b3b-dfc5-452f-9023-8f7e4e551d37,Warm,0,12.97,13,151.0
2026-06-30 20:30:45.402,99bb8139-08dd-430f-95f5-97cd4d3cdc51,Warm,0,16.08,17,119.0
2026-06-30 20:30:45.405,f4dc029c-a092-43e7-841a-070f55194f4d,Warm,0,19.46,20,119.0
2026-06-30 20:30:45.589,e859ab4a-b5e3-4448-9512-a8e7a2c55fa4,Warm,0,15.66,16,119.0
2026-06-30 20:30:45.592,f07a574d-86b2-46df-a45f-0e21aadf878e,Warm,0,12.21,13,119.0
2026-06-30 20:30:46.285,f1004a69-2864-4c9a-a879-d90de43ad852,Warm,0,15.52,16,119.0
2026-06-30 20:30:46.289,961e1e79-4fb1-4b36-abcc-4c96a76945da,Warm,0,14.19,15,151.0
2026-06-30 20:30:46.289,ba8503e5-1998-4164-9313-ed3504ce6800,Warm,0,17.87,18,119.0
2026-06-30 20:30:46.307,6dd069cc-ce6c-45da-9b9a-70d8fe99e4a7,Warm,0,14.15,15,119.0
2026-06-30 20:30:46.317,7af442c8-33e5-4375-8510-92598177299f,Warm,0,15.87,16,151.0
2026-06-30 20:30:46.479,2dae6fa6-0e92-4be4-8998-e65e8893129e,Warm,0,14.58,15,151.0
2026-06-30 20:30:46.484,a8ac4ddd-66dd-4829-92c9-ebc0bfa0475a,Warm,0,13.05,14,119.0
2026-06-30 20:30:46.493,a38db8a6-4a17-450a-b838-56f35f69b2cc,Warm,0,20.39,21,119.0
2026-06-30 20:30:46.502,884290ce-db52-4295-8acb-b45db3ec574e,Warm,0,13.26,14,151.0
2026-06-30 20:30:47.166,6c949200-8ed9-4529-af4c-e541f2b414ad,Warm,0,13.83,14,151.0
2026-06-30 20:30:47.172,b768f32b-8743-477c-aa41-450329da4181,Warm,0,11.57,12,119.0
2026-06-30 20:30:47.173,bb9d3ec8-47c6-4563-bb46-c0c7d5e67c94,Warm,0,12.99,13,119.0
2026-06-30 20:30:47.184,32b75e65-7f3f-40f1-a3f7-72c3f5409362,Warm,0,15.18,16,119.0
2026-06-30 20:30:47.185,b13d71b0-1c33-41b2-8f66-ec626b9e9ef6,Warm,0,24.58,25,119.0
2026-06-30 20:30:47.200,fe68aef9-d93f-4087-b372-8cafeb639962,Warm,0,33.44,34,152.0
2026-06-30 20:30:47.217,aa35afa9-dfe6-4543-94d1-302f4322efa3,Warm,0,13.45,14,119.0
2026-06-30 20:30:47.226,984ddbb2-d2f3-46a8-83a0-aee4babd9faa,Warm,0,25.11,26,119.0
2026-06-30 20:30:48.004,3118b284-d5db-4dc7-be64-9f563671e025,Warm,0,14.07,15,119.0
2026-06-30 20:30:48.009,8488aa13-28a8-4d42-bf70-beb4915ad5ba,Warm,0,23.14,24,119.0
2026-06-30 20:30:48.010,6aa3c93d-97a7-4aa6-95f1-44ae4221ff7b,Warm,0,15.61,16,152.0
2026-06-30 20:30:48.018,5a8ef8f8-ad2d-4e52-9f6e-3717850b8ad3,Warm,0,14.41,15,119.0
2026-06-30 20:30:48.018,2ebcea80-40c5-4fc1-905a-e99e22da3b20,Warm,0,13.17,14,151.0
2026-06-30 20:30:48.018,b653b45f-21dd-4134-8c21-57c09678a9f8,Warm,0,13.3,14,119.0
2026-06-30 20:30:48.019,64fb8182-76ac-428e-9aaf-a99b18151194,Warm,0,14.29,15,152.0
2026-06-30 20:30:48.023,4bd3843b-38f0-450f-b944-ccaee10fb9db,Warm,0,13.16,14,119.0
2026-06-30 20:30:48.028,f2ca7630-42e7-428f-89bb-ca44be44100b,Warm,0,16.78,17,119.0
2026-06-30 20:30:48.056,509219c4-3867-4d1a-bf0e-3392cd5bd1fd,Warm,0,42.5,43,119.0
2026-06-30 20:30:48.793,bf6eba07-4498-4a75-905d-280911d13bd9,Warm,0,13.59,14,119.0
2026-06-30 20:30:48.794,037eb68f-f1bb-4aae-84b0-b801b4f62b84,Warm,0,14.48,15,119.0
2026-06-30 20:30:48.979,784730d4-e47b-4e92-aeee-a6ad662329a3,Warm,0,13.95,14,119.0
2026-06-30 20:30:48.996,c406cb67-0615-42ce-b85a-a4fa3d434d5a,Warm,0,11.88,12,119.0
2026-06-30 20:30:49.000,9896907d-20d4-467e-9ee6-8f129c1fb82b,Warm,0,15.3,16,119.0
2026-06-30 20:30:49.758,c5ec47e7-78f6-4027-b68b-706017597a8f,Warm,0,15.5,16,119.0
2026-06-30 20:30:49.759,1ca281bd-804c-4adc-a8da-81420118f7f8,Warm,0,12.23,13,119.0
2026-06-30 20:30:49.769,b05718a8-a4e4-4ea2-a303-8bff937451ba,Warm,0,14.29,15,119.0
2026-06-30 20:30:49.779,bb46e3be-b119-41da-b0a6-2a07aff729bc,Warm,0,12.69,13,119.0
2026-06-30 20:30:58.378,a746d063-7c73-4e5a-a7c4-afb91ee95a20,Warm,0,40.54,41,119.0
2026-06-30 20:30:58.933,1e3c42df-e0a2-44fe-bb03-fb65cf576f73,Warm,0,11.82,12,119.0
2026-06-30 20:30:58.958,185994d5-f173-48b7-bf38-633e8bbbfe03,Warm,0,14.22,15,119.0
2026-06-30 20:30:58.973,f5e79a6f-cb9c-4570-8074-8468adae68bc,Warm,0,39.6,40,119.0
2026-06-30 20:30:58.975,51f99415-b846-43bc-964d-2f030b4823fc,Warm,0,41.46,42,152.0
2026-06-30 20:30:58.977,31568743-e856-48f8-9f72-e99286c0189a,Warm,0,41.82,42,119.0
2026-06-30 20:30:58.977,7043c4ae-e6da-4de2-b0d7-6994c08ff798,Warm,0,47,47,119.0
2026-06-30 20:30:59.024,c5f2e651-dd31-4332-b3d8-c0912632bfda,Warm,0,15.88,16,119.0
2026-06-30 20:30:59.119,d4bd9470-28db-4f7c-a966-d8527247634f,Warm,0,14.2,15,119.0
2026-06-30 20:30:59.933,a140c17c-f66a-4078-8a63-8ae311fda35e,Warm,0,13.9,14,119.0
2026-06-30 20:30:59.934,76f4df06-20c0-4ac1-854e-27f88c79d41b,Warm,0,13.37,14,119.0
2026-06-30 20:30:59.939,76692c0d-ecf9-4a0c-93b2-89d986432db8,Warm,0,12.33,13,119.0
2026-06-30 20:30:59.940,3de41418-8b94-48f8-a453-9e6fa4b4c72b,Warm,0,13.44,14,152.0
2026-06-30 20:30:59.941,7442d443-dfc2-45f5-956e-d268eafa5b95,Warm,0,13.71,14,119.0
2026-06-30 20:30:59.970,b572ecfb-a747-4ed1-9162-9a0c7d2581ba,Warm,0,40.22,41,152.0
2026-06-30 20:30:59.971,f179b140-ff9f-495a-9df6-6de75974d991,Warm,0,41.35,42,119.0
2026-06-30 20:30:59.972,1941ef1f-650c-4bc2-b9e6-ce22eb069970,Warm,0,37.08,38,119.0
2026-06-30 20:30:59.973,20926aba-a589-4bef-9c64-c4e9ba39175b,Warm,0,43.7,44,151.0
2026-06-30 20:31:00.721,5986b0f8-52d9-470b-928d-d9a69c018a7b,Warm,0,13.13,14,151.0
2026-06-30 20:31:00.804,601e3a82-4cd6-45e6-8810-afb6fd20fce2,Warm,0,11.66,12,151.0
2026-06-30 20:31:00.806,997fa17f-5d59-418a-a122-8fe002529859,Warm,0,12.8,13,119.0
2026-06-30 20:31:00.812,6817b9ad-1e30-407d-8c7e-c66f0e955fb3,Warm,0,11.8,12,119.0
2026-06-30 20:31:00.814,13280844-e750-4420-9746-6b42ae515e62,Warm,0,14.27,15,152.0
2026-06-30 20:31:00.814,35eb7eb8-f861-43a9-a1c6-5d58c3b2a7b2,Warm,0,12.43,13,152.0
2026-06-30 20:31:00.816,e7f8c5a8-6761-44c5-a622-cd36baeea795,Warm,0,13.5,14,119.0
2026-06-30 20:31:00.817,12c9381e-a2de-436f-b4a4-f85c94c62a7b,Warm,0,17.7,18,119.0
2026-06-30 20:31:00.819,295e34dd-fde3-449d-8557-be92c96378ca,Warm,0,15.01,16,119.0
2026-06-30 20:31:01.521,fb9208c8-a43a-45fb-919d-d2ccda4eb76c,Warm,0,12.78,13,119.0
2026-06-30 20:31:01.522,213680ac-616b-430b-8b08-d25c5ee4a8d1,Warm,0,15.47,16,119.0
2026-06-30 20:31:01.540,b3e128a2-cf23-49af-ac1e-bd4230c71ebc,Warm,0,17.44,18,119.0
2026-06-30 20:31:01.547,9dbc83b7-c185-441b-bfdd-3d1c12aee93b,Warm,0,12.91,13,119.0
2026-06-30 20:31:01.549,347f4d6f-0b54-403b-a22e-669f02c6d5b5,Warm,0,13.39,14,152.0
2026-06-30 20:31:01.552,a08615f1-dce2-4a9f-bd1c-837c4c1c6330,Warm,0,17.82,18,119.0
2026-06-30 20:31:01.556,38d303e2-1781-4b9c-b531-d0a20d35ff92,Warm,0,19.38,20,152.0
2026-06-30 20:31:01.559,a2e4ced3-5e24-410a-a559-90e3875add87,Warm,0,11.26,12,119.0
2026-06-30 20:31:02.320,7b217543-d8a5-4234-bf56-57a3b67f0cfd,Warm,0,15.45,16,119.0
2026-06-30 20:31:02.322,80534ff5-2e4b-404b-be77-0db07d8f7c83,Warm,0,13.56,14,119.0
2026-06-30 20:31:02.325,dd44cc86-f7cf-406a-8324-4f2137f3c095,Warm,0,19.88,20,152.0
2026-06-30 20:31:02.325,7180d33c-d7b0-4fd4-89ac-aaad3f768829,Warm,0,12.58,13,152.0
2026-06-30 20:31:02.328,f19da40b-48a2-427a-80cd-f007c50b6496,Warm,0,12.07,13,119.0
2026-06-30 20:31:02.517,9b298cf8-47a5-47a0-9089-7adb329563bb,Warm,0,12.31,13,119.0
2026-06-30 20:31:02.520,6a6b03db-fba0-46bf-9b52-2561e77efdd1,Warm,0,12.58,13,152.0
2026-06-30 20:31:02.526,8dc736c5-080e-4922-8af9-0299f15fc9cd,Warm,0,13.7,14,152.0
2026-06-30 20:31:03.333,10dceaec-5508-4e24-b130-ec22dae35722,Warm,0,20.2,21,152.0
2026-06-30 20:31:03.343,46fe648a-a717-4344-bb95-fef14d5ab7ad,Warm,0,13.52,14,152.0
2026-06-30 20:31:03.350,527a1ce4-ef52-4c93-a24e-8066a6b73965,Warm,0,20.34,21,119.0
2026-06-30 20:31:03.350,97e1be49-d105-4fef-8be5-8cb2f9fec63e,Warm,0,12.7,13,119.0
2026-06-30 20:31:03.353,1e1f4ad5-3d88-4dc0-be43-a28e58d326fb,Warm,0,14.35,15,152.0
2026-06-30 20:31:03.355,612dbfbc-876d-4fa6-9110-aaf1f213c791,Warm,0,12.21,13,119.0
2026-06-30 20:31:03.356,56fc041d-3a39-40c7-8f29-ffaa1f4b2711,Warm,0,15.3,16,119.0
2026-06-30 20:31:03.359,9be31e60-95e0-4f8f-be84-d6e8f29d619c,Warm,0,12.11,13,151.0
2026-06-30 20:31:03.360,b1df591e-9660-4457-a6dd-8233c1e2ea0d,Warm,0,13.77,14,119.0
2026-06-30 20:31:03.396,77787eb4-0fac-4934-ada4-1f072ce24506,Warm,0,12.23,13,151.0
2026-06-30 20:31:04.085,260a7210-759b-4bcd-a919-3c48afd0b67f,Warm,0,11.91,12,119.0
2026-06-30 20:31:04.086,0718bbbd-76f8-4924-9f0b-9cd6607d26b8,Warm,0,13.48,14,151.0
2026-06-30 20:31:04.100,3d3dca72-3b31-4acb-854f-56abb9a162ed,Warm,0,15.5,16,119.0
2026-06-30 20:31:04.101,6096a34c-1ba3-4a1f-888a-464ad06b2091,Warm,0,12.85,13,119.0
2026-06-30 20:31:04.102,335dbf27-b82d-42c2-81b1-f1d3850cecd1,Warm,0,12.79,13,152.0
2026-06-30 20:31:04.102,8da3fa32-03f7-42ca-b313-635ce5c71f1e,Warm,0,12.97,13,119.0
2026-06-30 20:31:04.102,c3dae485-e769-41c8-a16a-58caf5f114af,Warm,0,15.02,16,152.0
2026-06-30 20:31:04.102,96b006f4-df12-4f8a-b4b4-1223aea034ab,Warm,0,13.32,14,119.0
2026-06-30 20:31:04.933,7f353ef6-42c4-4b90-8548-1705472237b8,Warm,0,13.55,14,119.0
2026-06-30 20:31:04.936,dd9a5aac-d4d4-453a-ac0f-b9d25789e311,Warm,0,12.07,13,119.0
2026-06-30 20:31:04.952,f4a33968-fa2c-403c-9600-7ed50b258187,Warm,0,13.22,14,119.0
2026-06-30 20:31:04.953,750ed657-6539-4411-86f8-fcf831e1a7df,Warm,0,14.4,15,152.0
2026-06-30 20:31:05.724,999a3f84-49ab-4b45-84f3-c7a4d17afabc,Warm,0,15.03,16,152.0
2026-06-30 20:31:15.403,8c988d58-f5c3-479c-ab5b-3e1b0fc9dfd9,Warm,0,44.04,45,152.0
2026-06-30 20:31:15.404,4ba50199-87c3-43a2-8bec-a6db54b62da9,Warm,0,42.27,43,119.0
2026-06-30 20:31:15.405,b21c9e57-49ce-4478-a4ba-dfb54cecd6e7,Warm,0,41.25,42,119.0
2026-06-30 20:31:15.405,1423b2cf-e150-427a-82ba-092fbc54620e,Warm,0,41.56,42,152.0
2026-06-30 20:31:15.408,48f87279-2117-4b9d-b88e-feffe5584db9,Warm,0,39.72,40,119.0
2026-06-30 20:31:15.413,7c4a3239-da43-4188-9fb1-8877786a1b5e,Warm,0,42.81,43,119.0
2026-06-30 20:31:15.935,c3ff1e89-567c-44d1-ae8b-61f12f97a346,Warm,0,14.16,15,119.0
2026-06-30 20:31:15.963,95ecd606-9610-4480-a445-45e38489b51d,Warm,0,13.16,14,119.0
2026-06-30 20:31:16.026,779b72a5-58dd-4d35-987c-332a33085bf5,Warm,0,14.47,15,119.0
2026-06-30 20:31:16.028,4f43d105-a61d-4075-89e3-df14bd01b8e8,Warm,0,12.33,13,119.0
2026-06-30 20:31:16.032,86b479c2-dae6-4ad4-98f3-b70c847e1577,Warm,0,13.53,14,119.0
2026-06-30 20:31:16.040,3e6b7412-c157-4ade-9be2-cb22008babe4,Warm,0,13.1,14,119.0
2026-06-30 20:31:16.048,2534c1ed-a320-4900-831d-231d9039af63,Warm,0,11.46,12,119.0
2026-06-30 20:31:16.048,26d80d0d-3281-4054-86ea-787970cb1ebc,Warm,0,10.86,11,119.0
2026-06-30 20:31:16.053,6fbe26ca-df08-4fc8-9c79-dfb27aea9341,Warm,0,15.64,16,119.0
2026-06-30 20:31:16.057,78341b83-499e-451c-a4a0-90186ea1abea,Warm,0,14.88,15,152.0
2026-06-30 20:31:16.953,34a78264-c88f-4cdd-a89e-e5adf038d35f,Warm,0,14.05,15,152.0
2026-06-30 20:31:16.957,ba427ebf-4b2b-4657-849d-2fb4d7c1d00c,Warm,0,13.74,14,119.0
2026-06-30 20:31:16.962,190eacac-2523-4cf2-9d43-0da1f7dcaa07,Warm,0,15.42,16,119.0
2026-06-30 20:31:16.963,7a3439c1-6b86-43b7-be91-2be8f4de8916,Warm,0,12.24,13,119.0
2026-06-30 20:31:16.971,04ff8bc4-88c8-46c8-8fe4-01d32a18df06,Warm,0,14.24,15,119.0
2026-06-30 20:31:16.972,924ef5ec-cccb-4902-b0c6-dbf1f131ee54,Warm,0,13.17,14,152.0
2026-06-30 20:31:16.972,dcbf43b2-bfb2-4339-a592-ea5a517a2f38,Warm,0,16.58,17,152.0
2026-06-30 20:31:17.150,03ef11f8-29b3-42f4-a5bd-01a371c1ebda,Warm,0,12.49,13,152.0
2026-06-30 20:31:17.165,931068ac-0524-4f47-b1fe-fe4e9f66abcb,Warm,0,16.18,17,152.0
2026-06-30 20:31:17.166,deddf155-90ea-48d9-af6a-1c1e6fe9ba92,Warm,0,13.63,14,119.0
2026-06-30 20:31:17.668,498da91e-966a-4c65-99f4-d63f5ceb7af2,Warm,0,11.4,12,119.0
2026-06-30 20:31:17.671,e254e980-ffef-49a5-9632-c8201179c33b,Warm,0,14.33,15,152.0
2026-06-30 20:31:17.678,f20d5119-6e36-40c7-b801-aa930b11839a,Warm,0,11.44,12,119.0
2026-06-30 20:31:17.681,e898cffe-959a-404e-a4ad-7b798c9ec16e,Warm,0,15.06,16,152.0
2026-06-30 20:31:17.695,b4f95e47-759b-4eda-a09d-59cb12547b46,Warm,0,14.21,15,152.0
2026-06-30 20:31:17.697,7257b44a-2aff-4260-8beb-7537f812f00a,Warm,0,15.67,16,119.0
2026-06-30 20:31:17.701,91e53043-324b-437f-b2f2-70529fd9735d,Warm,0,12.43,13,119.0
2026-06-30 20:31:17.868,9e4328fe-7cf0-4276-9f5e-851ef8e40e0e,Warm,0,12.42,13,119.0
2026-06-30 20:31:17.874,9479b8a4-9d7a-41d1-8273-65551260b10e,Warm,0,12.82,13,119.0
2026-06-30 20:31:17.876,bc5be1a8-d1ad-4365-8ca6-9b40e4c7da2f,Warm,0,13.84,14,152.0
2026-06-30 20:31:17.878,79a82c68-20c6-4cfd-be0e-92b8428d5086,Warm,0,12.77,13,152.0
2026-06-30 20:31:18.662,4a47c32d-bc17-4b4b-bd5c-0797757b19bf,Warm,0,13.66,14,152.0
2026-06-30 20:31:18.684,a3fb1702-15c0-41a3-9898-1384a28a034d,Warm,0,10.85,11,119.0
2026-06-30 20:31:18.687,441b5a89-38b0-4f29-b120-80d19cb1fbcc,Warm,0,13.61,14,119.0
2026-06-30 20:31:18.689,09abfb17-9cd7-4fcb-8d09-c49fbe297366,Warm,0,16.34,17,152.0
2026-06-30 20:31:18.689,0371588d-889b-454b-9845-835a5f5875bf,Warm,0,13.2,14,152.0
2026-06-30 20:31:18.697,dd86d1a5-f984-4f71-8034-1c9d2641ad5b,Warm,0,12.42,13,119.0
2026-06-30 20:31:18.717,1cd3bde2-17d7-412f-a12e-505958357bf9,Warm,0,19.08,20,152.0
2026-06-30 20:31:18.876,9a4d50e8-06f1-482f-9b99-90233017470a,Warm,0,14.42,15,119.0
2026-06-30 20:31:18.876,8bb519ab-7411-4b03-953e-02f678ffbc33,Warm,0,14.34,15,152.0
2026-06-30 20:31:19.437,b8f6f7cf-d435-4932-a749-1a354a9b8058,Warm,0,12.46,13,119.0
2026-06-30 20:31:19.440,36d829c4-9d10-48e5-ae01-eec168e4b01d,Warm,0,12.75,13,119.0
2026-06-30 20:31:19.440,ac19de81-abef-4c59-a01a-1a7ae0ee851b,Warm,0,14.15,15,152.0
2026-06-30 20:31:19.443,abf8b782-ff95-45f9-811b-bb7c7fce7218,Warm,0,19.07,20,152.0
2026-06-30 20:31:19.480,ba61152c-e2aa-4fc2-9ca7-7854f22d0b34,Warm,0,14.69,15,152.0
2026-06-30 20:31:19.637,5a6aae10-ddd8-4333-89c5-96b0faea370f,Warm,0,13.93,14,152.0
2026-06-30 20:31:19.656,5efd1e21-b470-4f11-97f8-e2604cd9e7d8,Warm,0,14.07,15,119.0
2026-06-30 20:31:19.657,dc25a002-62a6-4124-8559-47d630e91690,Warm,0,15.12,16,152.0
2026-06-30 20:31:19.659,90729a04-f3cb-45b7-b523-5d5bb3d219a5,Warm,0,13.69,14,152.0
2026-06-30 20:31:20.372,df463579-1a27-4260-a934-5afb5c07c5a3,Warm,0,12.93,13,152.0
2026-06-30 20:31:20.376,0b2fe69e-4c57-49d6-8f15-eefba45db051,Warm,0,16.93,17,152.0
2026-06-30 20:31:20.380,bc5a89fd-0820-4fe8-883a-36cd1bb522b5,Warm,0,15.32,16,119.0
2026-06-30 20:31:20.383,ee753806-7dd8-4140-8272-fbb28c0d4d66,Warm,0,13.43,14,119.0
2026-06-30 20:31:20.389,ea15c5d7-1b99-43c8-bb1c-261b1e97e69b,Warm,0,13.1,14,119.0
2026-06-30 20:31:20.390,54857689-e7cd-4bf1-ad2b-df57206ff374,Warm,0,15.81,16,119.0
2026-06-30 20:31:20.579,7082442d-00b0-4161-813d-199c1ea59f08,Warm,0,13.06,14,119.0
2026-06-30 20:31:20.617,f76e8bbe-c0f8-4115-b277-14f04f9285fc,Warm,0,12.44,13,119.0
2026-06-30 20:31:21.146,b9189f02-3edd-4877-8a38-fc5c00a7a632,Warm,0,12.29,13,119.0
2026-06-30 20:31:21.183,753c9b6f-f509-44d4-982d-3cf88d709255,Warm,0,12.51,13,119.0
2026-06-30 20:31:21.360,d0e2352b-b347-45c4-966e-d71fac7e1b1c,Warm,0,13,13,119.0
2026-06-30 20:31:31.459,eaf4a936-1bc1-48b4-8b51-8796a08cb32b,Warm,0,37.5,38,119.0
2026-06-30 20:31:31.460,23bd64f2-0117-47df-a275-355b6ebde771,Warm,0,63.51,64,119.0
2026-06-30 20:31:32.203,2fd2b1e3-d3ae-41e5-86fa-94aada4e0ca0,Warm,0,13.58,14,119.0
2026-06-30 20:31:32.258,cdd27c8e-d716-46d9-a1bc-ff82064c56ed,Warm,0,13.4,14,119.0
2026-06-30 20:31:32.400,203c61b2-04ce-4b33-b208-0ae1aab3dced,Warm,0,12.72,13,119.0
2026-06-30 20:31:32.401,8b7574fe-6883-4401-8ee9-4b5958e20912,Warm,0,12.42,13,119.0
2026-06-30 20:31:33.082,e163ab6d-87f3-4dd8-a133-7b71bf76d01c,Warm,0,12.85,13,119.0
2026-06-30 20:31:33.099,1346d23a-aac7-4d97-b6d5-b0e0597c012e,Warm,0,13.65,14,119.0
2026-06-30 20:31:33.109,2929f55b-50ed-4635-af5e-f6fc3edac1fd,Warm,0,14.43,15,119.0
2026-06-30 20:31:33.121,95afd74b-4b8e-4d73-a6ab-7595afab0d8e,Warm,0,13.25,14,119.0
2026-06-30 20:31:33.128,5a226e8e-e94d-44c9-ab1f-daf7655f2d5a,Warm,0,39.86,40,119.0
2026-06-30 20:31:34.043,fee940ec-fb14-49da-a9c2-fc01910c2ebe,Warm,0,11.6,12,119.0
2026-06-30 20:31:34.043,8bc6691a-8cae-4851-b9c2-058770e01d36,Warm,0,11.88,12,119.0
2026-06-30 20:31:34.069,8409e13a-72d5-408b-bbb7-e5b16d23a17d,Warm,0,12.91,13,119.0
2026-06-30 20:31:34.073,bda6436e-c7e4-4328-ab89-c6490beedb56,Warm,0,20.51,21,119.0
2026-06-30 20:31:34.788,70cc5030-0369-40dd-b9ec-e83ea8c799be,Warm,0,12.6,13,119.0
2026-06-30 20:31:34.790,3cb706dd-0aa7-4fd2-a6b2-d7a2a83a4a6c,Warm,0,15.43,16,119.0
2026-06-30 20:31:34.792,f6c53e44-ff14-473d-a9d3-ef50d2f6825c,Warm,0,13.9,14,119.0
2026-06-30 20:31:34.807,878dbb7e-fed9-412a-bdfe-01ef797403ff,Warm,0,13.18,14,119.0
2026-06-30 20:31:34.822,2e5955e0-299b-46c2-a110-07f3de171ab3,Warm,0,41.37,42,152.0
2026-06-30 20:31:34.822,988724a3-af87-4b02-8a08-b6cdbb155b86,Warm,0,43.72,44,119.0
2026-06-30 20:31:34.834,1f939652-6544-4cbd-bd77-6c2f0e47ae07,Warm,0,40.92,41,152.0
2026-06-30 20:31:35.004,a578a0a4-8e59-4c4a-9038-4cbc783c0953,Warm,0,12.98,13,152.0
2026-06-30 20:31:35.049,5bea032a-760d-4ef7-8f3b-14c863841e35,Warm,0,14.74,15,152.0
2026-06-30 20:31:35.078,fd5766bd-a539-44e1-a864-f93d33c37157,Warm,0,15.26,16,152.0
2026-06-30 20:31:35.086,20b499f4-719a-47bd-8bf7-ca0bffb97c47,Warm,0,13.91,14,119.0
2026-06-30 20:31:35.562,4addc4e9-ff8a-4093-8253-760146db00df,Warm,0,12.97,13,119.0
2026-06-30 20:31:35.567,8514608d-6c9e-486b-9c78-2b1db8d1bb32,Warm,0,13.26,14,152.0
2026-06-30 20:31:35.631,ba3cd91d-329b-4a55-841e-d97e5ddb7b53,Warm,0,12.12,13,119.0
2026-06-30 20:31:35.631,7f68f25a-437f-41b5-a1d2-b428f3bc46a5,Warm,0,12.92,13,152.0
2026-06-30 20:31:35.631,a3122b8b-3b0d-47ff-a00d-6c6f29936998,Warm,0,13.1,14,119.0
2026-06-30 20:31:35.631,2211bdec-65d1-452f-b7b2-d738212cd85b,Warm,0,12.99,13,152.0
2026-06-30 20:31:35.641,390b0c2d-441a-45fd-b04f-d0f925a8a7d8,Warm,0,12.04,13,119.0
2026-06-30 20:31:35.642,3a77373a-4c3c-409a-aae2-1b9cacfc4dbd,Warm,0,14.17,15,119.0
2026-06-30 20:31:35.675,3aeef704-1638-45d0-8f70-f1e5e7daafc5,Warm,0,13.4,14,119.0
2026-06-30 20:31:35.677,c3c818ff-a023-48fd-bbc0-761298d4571c,Warm,0,12.85,13,119.0
2026-06-30 20:31:35.745,97aee4bc-b88f-4f3c-bbe8-f926482fcafa,Warm,0,11.89,12,119.0
2026-06-30 20:31:36.417,c0f92e32-290f-49fd-b8b2-59d860e4f7f3,Warm,0,11.03,12,119.0
2026-06-30 20:31:36.421,e29c2680-c24c-47eb-8252-286d11d590c3,Warm,0,14.06,15,119.0
2026-06-30 20:31:36.428,42194ca2-f59a-4bdd-9a16-ea8da6b32e8c,Warm,0,15.37,16,152.0
2026-06-30 20:31:36.431,ad334b49-3f69-4381-aa50-6e354bcb971f,Warm,0,13.3,14,119.0
2026-06-30 20:31:36.432,3ec185e3-671a-4544-9d5e-0bba0a115a84,Warm,0,14.78,15,119.0
2026-06-30 20:31:36.606,c0e73e97-a5c2-4dea-accb-f97745ab3f70,Warm,0,12.05,13,119.0
2026-06-30 20:31:36.618,e9821878-4d4f-48f2-897c-a254e8acf06a,Warm,0,12.87,13,119.0
2026-06-30 20:31:36.644,0e0a5d91-8302-4f25-a423-7c078b805408,Warm,0,12.88,13,119.0
2026-06-30 20:31:37.384,68a466e8-ac3a-426c-aa34-812a382da433,Warm,0,13.63,14,119.0
2026-06-30 20:31:37.417,c1dc2ffd-1583-46a7-a413-6ac028efc27a,Warm,0,13.27,14,119.0
2026-06-30 20:31:37.419,3703f6a3-756d-4d2f-8223-639622412cde,Warm,0,13.15,14,119.0
2026-06-30 20:31:37.421,795f6194-e812-4fbc-8c3d-d95803338ae6,Warm,0,13.73,14,152.0
2026-06-30 20:31:37.422,ced9eaec-0140-4458-821a-dcd3244f741f,Warm,0,13.52,14,119.0
2026-06-30 20:31:37.595,a5e766b7-5f48-40d9-a4f1-e3e397cd01a8,Warm,0,12.55,13,119.0
2026-06-30 20:31:37.596,2d4b99bb-ea32-4ec7-8699-4e6ce5b767d4,Warm,0,13.1,14,152.0
2026-06-30 20:31:37.597,4cb076f1-da41-455b-b33b-e2efafe2acf8,Warm,0,12.72,13,119.0
2026-06-30 20:31:37.606,527001e2-da57-452c-a137-99bc5e4f5318,Warm,0,12.4,13,119.0
2026-06-30 20:31:38.254,b8c2e016-9286-42ec-869f-85a58ee26c04,Warm,0,12.99,13,119.0
2026-06-30 20:31:38.260,f1977b19-a6a8-47c1-9434-987c5cc3c7ea,Warm,0,12.3,13,119.0
2026-06-30 20:31:38.274,dce05e79-b9ce-41e4-9a9c-4c364bd930ee,Warm,0,13.28,14,152.0
2026-06-30 20:31:38.274,467104f3-4aae-4c08-8c0a-dbe5dc9179a9,Warm,0,11.71,12,119.0
2026-06-30 20:31:38.274,b0a56a49-3ea1-4d86-9f65-dd381911a1d0,Warm,0,14.03,15,119.0
2026-06-30 20:31:38.276,31793c25-48f2-432a-866e-42a3da2d00ef,Warm,0,13.06,14,119.0
2026-06-30 20:31:38.278,0442f9e7-6e6c-497c-86c1-4b506f19d3af,Warm,0,12.3,13,119.0
2026-06-30 20:31:39.094,eabf1219-3e2b-489a-b5af-4b96a436fb69,Warm,0,18.94,19,119.0
2026-06-30 20:31:39.096,5429ee73-0fab-484c-b6a7-abd3caf16641,Warm,0,12.12,13,119.0
2026-06-30 20:31:39.097,ff5aa62d-0416-498c-97ce-5cc021c32737,Warm,0,13.57,14,119.0
2026-06-30 20:31:39.097,f71977eb-b476-4f9f-8eff-d43e796d87ab,Warm,0,14.12,15,152.0
2026-06-30 20:31:39.098,b499aed0-9823-444f-a2d4-17af4c431aa8,Warm,0,13.69,14,119.0
2026-06-30 20:31:47.094,94a093e2-ab64-4e8e-9423-edb42d92ef47,Warm,0,42.56,43,119.0
2026-06-30 20:31:47.738,2534024e-fd3e-4a0f-8a34-0769a545297e,Warm,0,13.38,14,119.0
2026-06-30 20:31:47.758,7863663c-748b-4220-83bb-0e27e2ccbd51,Warm,0,13.42,14,119.0
2026-06-30 20:31:47.771,32fbda19-7716-46be-a4fb-a12838afbf80,Warm,0,42.88,43,119.0
2026-06-30 20:31:47.774,bd6d5912-73ad-4a22-bf5f-a6c3dcd020fa,Warm,0,43.2,44,152.0
2026-06-30 20:31:47.786,553db9b9-3008-48f8-8ce9-c41f062910fa,Warm,0,42.14,43,119.0
2026-06-30 20:31:48.409,cfae1c1d-1e36-4390-9833-5b2bedd19fc4,Warm,0,16.31,17,119.0
2026-06-30 20:31:48.449,07a58cde-8f55-41f7-adc7-a2a40e8c9e11,Warm,0,12.52,13,152.0
2026-06-30 20:31:48.449,2530b3a3-b0a0-4cd6-b9e4-f083a7d8a15d,Warm,0,14.67,15,119.0
2026-06-30 20:31:48.461,44f8440c-d086-4096-9d89-b3405059c8f0,Warm,0,14.72,15,119.0
2026-06-30 20:31:48.463,8641ba7a-8811-4a81-b6cb-41ce7c41d378,Warm,0,15.12,16,119.0
2026-06-30 20:31:48.490,6ee453dc-72fb-473c-92d4-ca5040983c66,Warm,0,40.83,41,119.0
2026-06-30 20:31:48.491,b2a86d66-03f9-4973-bbf6-f9c67ce34bc9,Warm,0,41.08,42,152.0
2026-06-30 20:31:48.494,d9f0c995-b235-4ac5-b101-5e60e55f353f,Warm,0,42.92,43,151.0
2026-06-30 20:31:48.500,485f2b7c-cf53-4825-a3f0-073d6c2604e2,Warm,0,13.12,14,119.0
2026-06-30 20:31:48.668,5ee0a2f2-c761-4b95-b40a-da7a369165f3,Warm,0,18.16,19,119.0
2026-06-30 20:31:48.671,51b1364c-4fe0-4800-9f10-518580a602b6,Warm,0,14.56,15,151.0
2026-06-30 20:31:48.674,70233ddd-5458-41af-a93e-43b3c54c1c4f,Warm,0,15.06,16,119.0
2026-06-30 20:31:49.264,2357a3bf-7b9d-4463-9e75-0c88d1bcaef9,Warm,0,13,13,119.0
2026-06-30 20:31:49.265,79dee3ca-99bc-4427-acf5-ee7ae4004ec0,Warm,0,11.96,12,151.0
2026-06-30 20:31:49.277,b02d53b0-c55b-421c-a801-ae11dd37806d,Warm,0,11.55,12,152.0
2026-06-30 20:31:49.277,60d83736-5a42-4328-af2f-3d5a86ccd546,Warm,0,13.18,14,119.0
2026-06-30 20:31:49.283,bd9d1355-47b8-48d1-a4f7-355ab0c14d05,Warm,0,14.92,15,119.0
2026-06-30 20:31:49.285,c1c83ef2-bcc3-4f86-b487-6f4bace74f03,Warm,0,10.88,11,152.0
2026-06-30 20:31:49.296,6ff881dc-d4f8-4d27-8729-269360bcb066,Warm,0,13.11,14,119.0
2026-06-30 20:31:49.297,2a33c8e9-574b-4ab5-95fa-ce94d4af5b25,Warm,0,12.4,13,151.0
2026-06-30 20:31:49.297,da77de72-2730-45d3-b959-d64f6fb67fcf,Warm,0,13.64,14,152.0
2026-06-30 20:31:49.301,555d3044-86f8-4368-ae54-73d2336ff932,Warm,0,14.48,15,119.0
2026-06-30 20:31:49.468,00411fb5-72b4-4264-953d-ffdcce40888e,Warm,0,15.78,16,119.0
2026-06-30 20:31:49.476,4d215075-0d1d-4700-9183-2f7821f66b59,Warm,0,14.08,15,151.0
2026-06-30 20:31:49.489,5477294b-a3ab-4ac2-a417-b415ebf1799b,Warm,0,15.55,16,119.0
2026-06-30 20:31:50.236,f47442fe-5d68-4c9a-8792-874bb183b8c3,Warm,0,12.97,13,151.0
2026-06-30 20:31:50.237,5efa7481-1b83-4cc2-b60d-704b273b78e3,Warm,0,14.47,15,119.0
2026-06-30 20:31:50.239,6aa38633-be2d-481e-92d2-96b6da469647,Warm,0,12.36,13,152.0
2026-06-30 20:31:50.242,b90eba75-3320-419b-afa4-5eb39ac7f27d,Warm,0,13.73,14,119.0
2026-06-30 20:31:50.245,4f836adb-797d-4507-b743-e3d799da5931,Warm,0,12.57,13,152.0
2026-06-30 20:31:50.252,f31a7911-5f91-4d17-aacd-8eb7af20bf38,Warm,0,13.11,14,119.0
2026-06-30 20:31:50.356,5e30e7b9-975a-4e42-a2cd-c55d3e0e72d5,Warm,0,16.29,17,119.0
2026-06-30 20:31:50.358,b0619225-488e-47e3-b843-94702a3a4d3b,Warm,0,13.37,14,152.0
2026-06-30 20:31:50.439,703026df-046c-4263-92c9-9baa6a1c1fd0,Warm,0,14.15,15,152.0
2026-06-30 20:31:50.441,bab10a19-aaa4-4094-bfcb-6ae9696f6497,Warm,0,13.75,14,119.0
2026-06-30 20:31:50.447,94978ba9-bb3e-41ca-9595-40b4599b64f0,Warm,0,15.37,16,119.0
2026-06-30 20:31:50.451,aa42620e-e55c-4a15-98ea-6e04276c952c,Warm,0,19.03,20,152.0
2026-06-30 20:31:50.452,64b15989-efa4-4368-a7d8-c3ac0ac7c81c,Warm,0,13.2,14,119.0
2026-06-30 20:31:51.000,8d3bdfed-c560-4ca7-9ee8-c6b774f093f9,Warm,0,12.58,13,119.0
2026-06-30 20:31:51.001,e6ddb136-59da-4633-b6ba-27255a60bdde,Warm,0,12.76,13,152.0
2026-06-30 20:31:51.048,9740dfea-c786-4a51-8fc6-30fb8021fa3e,Warm,0,11.78,12,152.0
2026-06-30 20:31:51.053,36d8cbef-5a31-4ea9-ab18-720148e1433a,Warm,0,14.58,15,119.0
2026-06-30 20:31:51.059,0ba4370c-d0fa-4bec-a1ad-e0012399dcdb,Warm,0,12.18,13,119.0
2026-06-30 20:31:51.063,5315e7cc-2fe5-4661-8f7c-49b5cb4eb041,Warm,0,12.67,13,119.0
2026-06-30 20:31:51.064,212d8377-33cb-471c-a4b9-a6e590750e5a,Warm,0,12.98,13,152.0
2026-06-30 20:31:51.065,10fecf78-5155-4f63-b65a-e75d9fb0836c,Warm,0,13.22,14,119.0
2026-06-30 20:31:51.066,c0521cdc-df39-4821-9289-468616c96294,Warm,0,14.01,15,151.0
2026-06-30 20:31:51.247,196f81b3-718e-4a00-bc84-20abe54f5a71,Warm,0,15.16,16,151.0
2026-06-30 20:31:51.258,133c77cc-7a74-43cb-b46a-ac4b2ee64b73,Warm,0,14.1,15,119.0
2026-06-30 20:31:51.262,e0af1e3c-2943-425a-8b53-46b07ae4dfde,Warm,0,14.59,15,152.0
2026-06-30 20:31:51.801,71c19a0d-c35a-41e3-9971-1bf9605aaab1,Warm,0,14.71,15,152.0
2026-06-30 20:31:51.817,aec12d12-513a-4f8c-8df2-56cd586c4509,Warm,0,15.25,16,119.0
2026-06-30 20:31:52.005,d2831885-f8f3-45b6-94fc-c885162f20ca,Warm,0,13.07,14,152.0
2026-06-30 20:31:52.007,939a7139-3bac-4f63-8fa5-b446d39da00a,Warm,0,13.91,14,119.0
2026-06-30 20:31:52.025,fec3a698-8d88-4000-a485-32c07cff51bf,Warm,0,11.86,12,151.0
2026-06-30 20:31:52.805,004007fd-1769-46f0-8546-d50720ae9ed7,Warm,0,13.06,14,151.0
2026-06-30 20:31:52.806,1f78d1a5-cbf9-4419-90ab-07576e4db392,Warm,0,14.16,15,119.0
2026-06-30 20:31:53.627,5cd69f72-123e-4485-8c83-3f56014a0dd3,Warm,0,14.74,15,151.0
2026-06-30 20:31:53.630,d4b6d061-d151-43f9-8032-a1449f96c202,Warm,0,13.78,14,119.0
2026-06-30 20:31:53.850,bdf544c4-f2f1-4eed-a881-6a75cea92ffc,Warm,0,15.68,16,119.0
2026-06-30 20:32:35.408,ec46b957-15b5-431f-8747-3052685d7a63,Warm,0,65.56,66,152.0
2026-06-30 20:32:35.412,d13b3948-3c7a-4051-a896-4daefe237bcf,Warm,0,77.85,78,119.0
2026-06-30 20:32:35.421,be17990a-d509-4a78-a4cd-2a0f1c6aa64a,Warm,0,78.49,79,151.0
2026-06-30 20:32:35.425,dde83177-ef93-47ba-8806-b5d1d7efc93f,Warm,0,77.69,78,119.0
2026-06-30 20:32:36.446,031026c3-a5c7-4bcd-ab10-fbed519a0caa,Warm,0,47.38,48,119.0
2026-06-30 20:32:36.448,8e008b8e-edab-4844-b75f-66f2fe05f907,Warm,0,44.97,45,151.0
2026-06-30 20:32:36.451,95b22b0c-720b-4530-b6e8-4bc05eaf49bd,Warm,0,37.85,38,152.0
2026-06-30 20:32:36.454,b73ff333-187a-4421-a37f-91e9e3945dd6,Warm,0,41.71,42,119.0
2026-06-30 20:32:37.248,56a1adb0-187c-43b7-baaa-53416d584603,Warm,0,44.44,45,119.0
2026-06-30 20:32:37.266,3155a49d-23a5-4407-86cd-3d3152603008,Warm,0,43.39,44,119.0
2026-06-30 20:32:37.269,2fe128eb-b59a-4274-ab16-d2fb6377c1ed,Warm,0,46.37,47,151.0
2026-06-30 20:32:37.272,97793901-3e4f-4bc5-b044-848b414df4de,Warm,0,50.46,51,152.0
2026-06-30 20:32:37.901,ae9c7f45-1260-415c-8575-23a0001f79ba,Warm,0,39.75,40,152.0
2026-06-30 20:32:37.928,f918a359-87d9-47a6-9818-f5843663332f,Warm,0,46.97,47,151.0
2026-06-30 20:32:37.996,5b5db606-49bd-40cc-8074-b30b2aa8ab19,Warm,0,46.1,47,151.0
2026-06-30 20:32:38.855,60813622-59db-4364-9808-7cccd4ecdba9,Warm,0,49.2,50,151.0
2026-06-30 20:32:39.069,ccbc5ed5-c500-4d16-97c9-59e4a3d9a34d,Warm,0,47.98,48,151.0
2026-06-30 20:32:39.144,86e8405b-df41-4a7a-b037-42952628deb3,Warm,0,47.02,48,151.0
2026-06-30 20:32:39.767,17a47ec4-2a16-4180-b61f-e238cc851bc4,Warm,0,48.93,49,151.0
2026-06-30 20:32:39.781,d98c735d-69f5-4ece-903b-afc6002788b5,Warm,0,39.93,40,152.0
2026-06-30 20:32:40.491,d750ca65-5d18-4fb2-8f58-9ca8abd4c7b0,Warm,0,42.21,43,152.0
2026-06-30 20:32:40.529,4cf806f7-054b-43aa-866e-1308f08830a0,Warm,0,44.64,45,151.0
2026-06-30 20:32:44.122,200f2ebf-f330-426f-a792-9331e8d1fe45,Warm,0,12,12,152.0
2026-06-30 20:32:44.124,51f56194-1c09-4ded-9498-c9660e8de992,Warm,0,13.46,14,151.0
2026-06-30 20:32:44.155,a2825b0b-5277-403b-9f88-7a1958452381,Warm,0,41.53,42,119.0
2026-06-30 20:32:44.158,a4ab5a6d-437f-4f7e-b4a6-cf0f7b9af1a7,Warm,0,12.76,13,151.0
2026-06-30 20:32:44.780,47e7593e-bde8-4ae8-9673-b37c63f12125,Warm,0,13.34,14,151.0
2026-06-30 20:32:44.793,e795087c-df28-4b44-93f0-be1bf2e29288,Warm,0,11.74,12,152.0
2026-06-30 20:32:44.794,36632f18-53b5-4f7b-ae03-ba440b7a2d50,Warm,0,13.05,14,119.0
2026-06-30 20:32:44.800,7817e077-ae85-42fb-bd60-9ced3256f6ca,Warm,0,12.88,13,151.0
2026-06-30 20:32:44.824,6bdf656d-3b48-4145-a85b-fa8aaf4ab603,Warm,0,41.63,42,119.0
2026-06-30 20:32:44.830,062672d8-40fe-4d5f-aad9-eb7dd02579b9,Warm,0,40.17,41,119.0
2026-06-30 20:32:44.832,204b8428-2eea-4770-aa98-98c64ea41c39,Warm,0,40.66,41,119.0
2026-06-30 20:32:44.833,3468e90b-400d-48ed-bacf-1be2ea1e5a7f,Warm,0,40.06,41,152.0
2026-06-30 20:32:45.571,4072389d-45c2-44ce-a680-1633626ccf18,Warm,0,13.29,14,152.0
2026-06-30 20:32:45.575,e8931e6d-2a6a-4512-84b8-0ff0c8c1c97c,Warm,0,11.99,12,119.0
2026-06-30 20:32:45.576,d205a0ad-1c83-48b7-8225-bc2e98cad64f,Warm,0,12.39,13,119.0
2026-06-30 20:32:45.579,3adc5507-522f-44b7-b6bc-01592fbca9d7,Warm,0,13.3,14,119.0
2026-06-30 20:32:45.581,b9fc6c84-befb-41e7-9a7c-29dfaa4d84df,Warm,0,9.88,10,152.0
2026-06-30 20:32:45.583,a22127d8-7ecd-4904-a6f8-65ddbeb10c7b,Warm,0,12.24,13,151.0
2026-06-30 20:32:45.584,740783d1-b364-4d78-b0b3-ff1467aa7e13,Warm,0,13.39,14,119.0
2026-06-30 20:32:45.676,84070b42-432a-4ced-9636-fdbced9d4c3a,Warm,0,11.88,12,119.0
2026-06-30 20:32:45.786,0e328d7a-d58f-485f-a67e-98232643baa1,Warm,0,12.8,13,119.0
2026-06-30 20:32:46.533,a9e5e11d-95e8-4a84-900f-24cbf228d5e8,Warm,0,10.42,11,152.0
2026-06-30 20:32:46.538,3333a812-2dbc-49e2-95eb-9881d28b0a81,Warm,0,14.8,15,119.0
2026-06-30 20:32:46.538,4ffd3674-a4ff-41a6-845b-622fc5c32bf7,Warm,0,13.87,14,119.0
2026-06-30 20:32:46.539,d2ba43ef-87f6-4e07-96ad-8ea69343fa2c,Warm,0,11.98,12,119.0
2026-06-30 20:32:46.540,8b5e6b7c-af56-4053-8947-94957509bfe3,Warm,0,12.55,13,119.0
2026-06-30 20:32:46.540,765ec11f-7949-4407-99f8-997c7b1f4a50,Warm,0,16.21,17,151.0
2026-06-30 20:32:46.542,9065f571-ce47-44b0-9821-5e14a2f5fc2b,Warm,0,14.32,15,152.0
2026-06-30 20:32:47.349,e3ab3b69-565f-4b9e-96a7-73fa079abf0d,Warm,0,12.16,13,152.0
2026-06-30 20:32:47.355,7f65c350-7d1e-46b9-8c93-04526f408698,Warm,0,14.49,15,151.0
2026-06-30 20:32:47.358,158de19c-4d1e-4e7c-b906-f76b71524094,Warm,0,12.14,13,119.0
2026-06-30 20:32:47.360,5b140ca8-6f99-441e-8d69-44924a522d86,Warm,0,13.98,14,119.0
2026-06-30 20:32:47.360,b1032550-bb05-42f5-a08e-c18e23db4e7f,Warm,0,11.56,12,119.0
2026-06-30 20:32:47.362,ecdb0f96-701f-41c9-8820-6df1a7500d3d,Warm,0,14.19,15,119.0
2026-06-30 20:32:47.402,c9ff23f5-73c0-4311-8600-2677e3c99be8,Warm,0,15.3,16,119.0
2026-06-30 20:32:48.067,bc4e5844-fcc3-44af-908f-62a6b72c569c,Warm,0,15.32,16,119.0
2026-06-30 20:32:48.068,bbe2edd9-a5fb-4821-8a02-b7fb493b774a,Warm,0,12.55,13,119.0
2026-06-30 20:32:48.092,b53dc5cc-827b-461d-b61f-f311d1c16b7c,Warm,0,12.87,13,119.0
2026-06-30 20:32:48.095,559bd3a6-d8cc-47f7-8ee6-4ecce0b61853,Warm,0,15.59,16,119.0
2026-06-30 20:32:48.280,ec992836-0d10-48fd-801f-1dacfbacdf8a,Warm,0,11.77,12,119.0
2026-06-30 20:32:48.281,01815ca9-2006-471a-aa79-d7c7f40ca7b3,Warm,0,12.43,13,119.0
2026-06-30 20:32:48.281,da8aa3c5-3170-4c4b-bf29-1e2432e9eab4,Warm,0,12.89,13,119.0
2026-06-30 20:32:48.282,8ad5611c-4584-446e-8b67-9c4e0d2430a8,Warm,0,12.02,13,119.0
2026-06-30 20:32:49.246,57dfb177-4083-4366-9e19-96e5a7f6f031,Warm,0,11.28,12,119.0
2026-06-30 20:32:49.255,3a78b5b6-0bfb-499a-96ab-53ffcf463443,Warm,0,12.51,13,119.0
2026-06-30 20:32:49.256,886d4995-8d7a-48c9-83d9-8941b7d3be2d,Warm,0,14.63,15,119.0
2026-06-30 20:32:49.264,c64a070e-867b-4b30-bd96-91804fbbb635,Warm,0,11.85,12,119.0
2026-06-30 20:32:49.266,ddcbb9d4-8119-43bd-a3ca-4018c993211f,Warm,0,15.73,16,151.0
2026-06-30 20:32:49.323,4953e372-2cd5-43df-a150-f4b92eb2e6a9,Warm,0,13.96,14,151.0
2026-06-30 20:32:49.877,55a2285b-4f03-417b-bef4-412122f42159,Warm,0,14.35,15,151.0
2026-06-30 20:32:49.884,907978e1-46e8-4a2a-9588-54f7e11e2e3d,Warm,0,12.89,13,119.0
2026-06-30 20:32:49.918,53628866-2e96-438d-8f7a-b72470c8fb93,Warm,0,11.97,12,119.0
2026-06-30 20:32:49.920,62c2370b-c1af-4f74-ac41-44aa9ef4976e,Warm,0,13.23,14,119.0
2026-06-30 20:32:49.922,abbd4061-df59-4fce-a3cf-6dd963f280d5,Warm,0,14.01,15,151.0
2026-06-30 20:32:49.930,49836376-c20a-4deb-bfd2-1c8d0918fb79,Warm,0,13.81,14,119.0
2026-06-30 20:32:50.678,ca71c1c9-dca1-4d12-a33e-e10b5152481d,Warm,0,13.29,14,119.0
2026-06-30 20:32:50.685,d3ddc998-aaa2-43b2-aa8b-dfc39d25732c,Warm,0,12.27,13,119.0
2026-06-30 20:32:50.686,33f82503-e693-4ee5-a0b4-9f3aaced8b20,Warm,0,11.51,12,119.0
2026-06-30 20:32:50.687,36625a49-eeed-42db-89cd-ed8bec9fb799,Warm,0,11.84,12,119.0
2026-06-30 20:32:50.694,8199e673-5308-4e0e-bf56-f18bab81a33c,Warm,0,14.28,15,151.0
2026-06-30 20:32:51.016,8e099bee-be62-4673-a2fd-b562a4a84add,Warm,0,12.88,13,151.0
2026-06-30 20:32:51.471,34e87797-4381-4157-a747-c6794f124ca2,Warm,0,14.34,15,151.0
2026-06-30 20:32:51.626,776d5c15-dd67-422e-bfbc-dba7ab55ab53,Warm,0,14.77,15,151.0
2026-06-30 20:32:52.369,d1ba09d5-e3fa-46af-b2f2-642aed7a4f0a,Warm,0,14.27,15,151.0
2026-06-30 20:32:52.376,4e34b8b9-a51a-45a2-aaea-99688441849c,Warm,0,12.33,13,119.0
2026-06-30 20:32:53.160,565890eb-9fbe-474d-ba47-a7d3527612b9,Warm,0,12.66,13,119.0
2026-06-30 20:33:00.335,9cfd2c7b-2522-4d89-ba8b-83a17ee48f3e,Warm,0,40.13,41,119.0
2026-06-30 20:33:00.880,720255f0-93f5-48a1-a1ca-54c9e89689f4,Warm,0,15.44,16,119.0
2026-06-30 20:33:00.932,3550793d-87a1-4a80-bb4a-a2fa8f973aca,Warm,0,14.24,15,119.0
2026-06-30 20:33:01.102,ed2e76d1-9cbc-4e24-a3a9-8e3a1288d8f8,Warm,0,13.52,14,119.0
2026-06-30 20:33:01.801,79629039-1512-473c-ab5b-46f0459505d3,Warm,0,14.41,15,119.0
2026-06-30 20:33:01.821,4fbc4499-ccfb-4042-81c7-f324f759f043,Warm,0,12.81,13,119.0
2026-06-30 20:33:01.843,fda41c2c-b36e-4827-8de3-f72fb5424a09,Warm,0,12.76,13,119.0
2026-06-30 20:33:01.859,eee1ac2c-ae94-415f-a1e8-50db74c429f3,Warm,0,41.33,42,151.0
2026-06-30 20:33:02.627,2c3a3c42-edf4-4117-b3a3-cf956eb51c09,Warm,0,15.87,16,151.0
2026-06-30 20:33:02.637,d4490c32-79ac-41f5-aa61-91f0813b4543,Warm,0,12.03,13,119.0
2026-06-30 20:33:02.666,5664c084-97a6-469c-9779-8db42dd5260e,Warm,0,39.89,40,119.0
2026-06-30 20:33:02.846,b50169d4-e764-4949-b55c-b44af507149e,Warm,0,15.13,16,119.0
2026-06-30 20:33:02.847,d1a93ce3-3c4d-4fcf-8821-53980e3715fa,Warm,0,14.61,15,119.0
2026-06-30 20:33:03.389,57fcee1f-dc9a-48b7-88ec-5b51be082176,Warm,0,14.97,15,119.0
2026-06-30 20:33:03.400,8e292a50-fc9d-495e-a92f-3e544408f3a7,Warm,0,14.32,15,151.0
2026-06-30 20:33:03.408,c3bd78c0-2811-4d65-a0a2-249feaf94e3f,Warm,0,31.66,32,119.0
2026-06-30 20:33:03.433,65a59946-8de9-453c-b2b0-5be86d47db0b,Warm,0,11.96,12,119.0
2026-06-30 20:33:03.439,119d8a21-988b-4d10-ab0b-9ac7233050be,Warm,0,13.85,14,151.0
2026-06-30 20:33:03.621,7ef5f4cc-b5b2-4778-afb2-5bde3606e632,Warm,0,14.38,15,151.0
2026-06-30 20:33:04.440,4fde24e2-0717-4202-a0da-9e84ffdc5208,Warm,0,12.88,13,151.0
2026-06-30 20:33:04.442,81fd22d1-939e-4a39-bec4-14909e4ec789,Warm,0,12.03,13,119.0
2026-06-30 20:33:04.447,606faee4-2532-4905-9cf2-5bd51db8b54e,Warm,0,14.66,15,119.0
2026-06-30 20:33:04.486,acd79a23-ee8c-4f2b-bf20-581edb07a83b,Warm,0,45.85,46,119.0
2026-06-30 20:33:04.505,8bf1231f-6bd0-4374-ba9c-b8e6c2ba1658,Warm,0,13.02,14,119.0
2026-06-30 20:33:05.234,ac519002-365c-48d9-9dc9-297f03f8b48b,Warm,0,12.69,13,119.0
2026-06-30 20:33:05.237,8b0a1afd-5947-4a9d-8c65-bbddfd33d022,Warm,0,13.65,14,119.0
2026-06-30 20:33:05.239,8a57ce01-aa58-400e-9874-7a17fb90c3b4,Warm,0,13.47,14,119.0
2026-06-30 20:33:05.251,012b0904-9342-44d5-ad4f-9d09b16e259b,Warm,0,11.96,12,119.0
2026-06-30 20:33:05.251,8c413580-4a65-4c30-a913-d24d48f3b45d,Warm,0,23.28,24,151.0
2026-06-30 20:33:05.280,ae4c6c7c-2cd4-41ec-8c08-ab323958c6df,Warm,0,39.96,40,119.0
2026-06-30 20:33:05.429,02287a19-723a-465e-bac7-9604cfdfcc34,Warm,0,12.07,13,119.0
2026-06-30 20:33:05.501,27b48f5c-5d2c-4503-aabf-a916b3232595,Warm,0,11.98,12,119.0
2026-06-30 20:33:05.991,6b56a404-d4f7-4407-820b-51949c102342,Warm,0,12.79,13,119.0
2026-06-30 20:33:06.020,5be51739-dbf3-4752-a266-d5cc2a845bdb,Warm,0,12.95,13,119.0
2026-06-30 20:33:06.020,c93c9903-8fed-447c-b946-a9d612b33c0d,Warm,0,12.71,13,119.0
2026-06-30 20:33:06.025,abdd0f9b-19dc-4564-9b42-b5baefe10904,Warm,0,17.07,18,151.0
2026-06-30 20:33:06.039,04dfc908-8128-4e08-91f5-2ece250c667e,Warm,0,13.36,14,119.0
2026-06-30 20:33:06.043,e93a5531-227e-48a4-8377-c44310b9fe2c,Warm,0,12.81,13,119.0
2026-06-30 20:33:06.776,04ff7982-a31c-41b0-91a5-3f0250a8b153,Warm,0,13.06,14,119.0
2026-06-30 20:33:06.776,760381d2-e092-48f9-b2c3-8efd9a1b915f,Warm,0,13.88,14,119.0
2026-06-30 20:33:06.825,f942e3c2-fe35-4b43-b3e6-6e5027d384e8,Warm,0,12.55,13,119.0
2026-06-30 20:33:06.835,88d5cf87-6784-4aca-b7fa-df7b4ca451be,Warm,0,12.91,13,119.0
2026-06-30 20:33:06.837,3e5c99bc-1cae-4fe1-a5d0-5524b7fd9f5b,Warm,0,12.95,13,151.0
2026-06-30 20:33:06.838,370f8cf3-2d12-4197-82b8-b2337742717e,Warm,0,13.72,14,119.0
2026-06-30 20:33:06.947,68f207eb-628d-4017-96a3-ccdb06e47dae,Warm,0,14.12,15,119.0
2026-06-30 20:33:06.948,c0f770f5-2bd7-4213-b8b4-e4034241cade,Warm,0,13.94,14,119.0
2026-06-30 20:33:07.819,18dc3917-f356-43d4-831a-bdf9d2e09419,Warm,0,16.66,17,119.0
2026-06-30 20:33:07.823,57cc83a9-a45b-483f-bff1-05e272d43ced,Warm,0,12.11,13,119.0
2026-06-30 20:33:07.827,5d0e6cca-a195-4867-b38d-19832331db4c,Warm,0,15.34,16,151.0
2026-06-30 20:33:07.830,130dd5fa-0665-48d1-ac39-4560ef079669,Warm,0,13.26,14,119.0
2026-06-30 20:33:07.831,b69fc145-2746-4053-8487-4927f8e2ef6c,Warm,0,19.02,20,119.0
2026-06-30 20:33:07.856,550e7862-181e-44b6-b336-045c0d89987e,Warm,0,37.75,38,152.0
2026-06-30 20:33:07.932,6c6b40d3-8106-4b3e-adb1-5204dc7c00be,Warm,0,12.24,13,152.0
2026-06-30 20:33:07.999,fb2cd2cb-2816-4b83-acf6-a378bfbc1ae6,Warm,0,13.71,14,152.0
2026-06-30 20:33:08.605,587dfc58-8a2f-48f2-80fb-9c300ef5bfd5,Warm,0,12.38,13,152.0
2026-06-30 20:33:08.616,d2678e35-97ef-4d38-acb4-2e640fc12807,Warm,0,14.32,15,119.0
2026-06-30 20:33:08.629,d014db94-99b1-483a-a400-dfc40a1bbe5f,Warm,0,13.5,14,152.0
2026-06-30 20:33:08.630,ca89b802-c7f2-477e-bc9e-7a4940ca4cc3,Warm,0,14.12,15,119.0
2026-06-30 20:33:08.658,dc68a62f-4840-48d1-846d-6581b8a93bc8,Warm,0,13.87,14,119.0
2026-06-30 20:33:08.661,0b447562-b608-48f8-b477-1c0c430eed24,Warm,0,14.08,15,152.0
2026-06-30 20:33:08.843,c19ac735-72fc-4f5c-91e5-6b86eae6ad2e,Warm,0,12.06,13,152.0
2026-06-30 20:33:09.417,c3abedb0-17fe-4e56-b1a7-f4c28b527dfd,Warm,0,11.77,12,152.0
2026-06-30 20:33:09.652,37eedb9d-a3e6-4e9c-8f8b-9cff2a74d531,Warm,0,12.1,13,152.0
2026-06-30 20:33:09.703,f526a52b-8fef-4cc1-ada7-0ba3f3400608,Warm,0,12.03,13,152.0
2026-06-30 20:33:10.417,053f5236-b4cd-40af-a64f-9193c48d97a1,Warm,0,11.64,12,152.0
2026-06-30 20:33:10.425,36e18667-c71a-49e1-990e-aea39c3eb095,Warm,0,14.71,15,119.0
2026-06-30 20:33:19.618,b24385ea-bcf2-420a-90f8-85f02dedcd76,Warm,0,35.65,36,119.0
2026-06-30 20:33:19.623,08136f4d-e4e7-41c3-abbe-adb23a04772f,Warm,0,43.88,44,152.0
2026-06-30 20:33:19.625,188bf585-b5a6-480c-886e-c1f3cc074ffb,Warm,0,41.3,42,119.0
2026-06-30 20:33:19.625,6119a704-c95c-4d1d-83f1-f6bdeb8cf939,Warm,0,42.16,43,151.0
2026-06-30 20:33:19.626,281ceab2-b7fc-43d2-a662-1f91ccfb56e7,Warm,0,44.5,45,119.0
2026-06-30 20:33:20.549,60723ff6-1301-459d-965e-593b2c4ce560,Warm,0,12.11,13,119.0
2026-06-30 20:33:20.555,683a84b0-4c8f-4e4c-9e6d-a7af30da49d5,Warm,0,13.34,14,151.0
2026-06-30 20:33:20.556,0222ee53-a7fa-411f-81d2-1493dd740ee9,Warm,0,13.47,14,119.0
2026-06-30 20:33:20.754,dd8aaa7e-ef75-423b-b929-8e212ca5329d,Warm,0,14.32,15,119.0
2026-06-30 20:33:20.760,9d5b3698-180f-4198-93e3-3ae20f34f39e,Warm,0,13.58,14,151.0
2026-06-30 20:33:20.770,0b84e15b-c360-4eac-841a-709049590f14,Warm,0,12.65,13,152.0
2026-06-30 20:33:20.771,c0864620-b233-42bb-82df-3006f1d6dcdd,Warm,0,13.63,14,119.0
2026-06-30 20:33:20.771,9d92b3eb-bd6a-41fc-95c2-1e330d296c62,Warm,0,12.28,13,119.0
2026-06-30 20:33:21.316,cd87ddc3-283f-4332-8da4-ea4ad881e58d,Warm,0,12.45,13,119.0
2026-06-30 20:33:21.388,f5be449d-8db6-49c8-9823-3d440ba1b449,Warm,0,11.1,12,119.0
2026-06-30 20:33:21.393,e0408a1b-111d-46db-a7da-dbb3c7589b1c,Warm,0,13.39,14,152.0
2026-06-30 20:33:21.396,7aa67d7f-a4ec-475b-ade9-a3477848bb9d,Warm,0,12.03,13,119.0
2026-06-30 20:33:21.399,bcf4a213-0f72-49dd-bea4-3060030a0a16,Warm,0,12.01,13,119.0
2026-06-30 20:33:21.407,ac92f92f-e303-47c4-9325-41ea26666e01,Warm,0,14.41,15,151.0
2026-06-30 20:33:21.427,0364208b-37b2-4e5f-9cd8-e428b2761b64,Warm,0,38.86,39,119.0
2026-06-30 20:33:21.432,085730ed-edab-420f-a6ae-6dad4aa2b81d,Warm,0,43.37,44,120.0
2026-06-30 20:33:21.432,48bcdea0-6160-4ed2-aa5c-7f4165dad9b8,Warm,0,40.98,41,152.0
2026-06-30 20:33:22.176,1dae1b4e-de3e-419a-add7-48a66a3f81b8,Warm,0,12.76,13,120.0
2026-06-30 20:33:22.193,bada564c-a7d9-482e-bdd7-f05d6772bc86,Warm,0,12.91,13,152.0
2026-06-30 20:33:22.199,b17f3b28-5b2d-4642-86e2-a063bf230a0f,Warm,0,12.52,13,119.0
2026-06-30 20:33:22.200,55b67918-3942-40b8-b49b-d1c6d3762f43,Warm,0,13.79,14,120.0
2026-06-30 20:33:22.201,9096070e-2917-4e8f-9672-8d8def370574,Warm,0,11.89,12,119.0
2026-06-30 20:33:22.203,dd677848-6d30-4d75-81bf-fecabdbafeda,Warm,0,15.04,16,151.0
2026-06-30 20:33:23.153,ee8c6b63-16c0-4a6f-8c83-11874224d629,Warm,0,13.27,14,151.0
2026-06-30 20:33:23.174,5b6f7e9c-2045-45d4-b4d0-bb99fe127380,Warm,0,14.72,15,151.0
2026-06-30 20:33:23.175,22f9f501-084e-48ab-998c-72764c5961ca,Warm,0,12.07,13,119.0
2026-06-30 20:33:23.176,97f0d2c7-88ee-4a09-9376-8359c2b40101,Warm,0,12.04,13,120.0
2026-06-30 20:33:23.362,9919a23a-5627-4dae-8ce5-ce52ef3a8acd,Warm,0,13.06,14,120.0
2026-06-30 20:33:23.369,6e524903-229b-472e-ab99-a36557a39056,Warm,0,10.79,11,119.0
2026-06-30 20:33:23.377,a2d6d5b8-c0f0-4de4-84ea-ba96dfbfb25f,Warm,0,16.57,17,151.0
2026-06-30 20:33:23.938,57ab23a9-977e-4bec-915f-a747fdfc1ff8,Warm,0,14.41,15,151.0
2026-06-30 20:33:23.939,b17c575b-daae-4cd0-bfa8-61ac97ac2342,Warm,0,13.66,14,119.0
2026-06-30 20:33:23.951,a5150e19-0f31-4ac2-b046-fd4288e5ee4b,Warm,0,14.64,15,120.0
2026-06-30 20:33:24.150,040efff1-06f8-4bc4-a03d-e3d8177c3d07,Warm,0,11.79,12,120.0
2026-06-30 20:33:24.153,c94cfb7b-371d-4c9a-84ac-f3a4a30884ff,Warm,0,13.18,14,119.0
2026-06-30 20:33:24.163,ae429b5f-4b1c-45db-b012-10715a38138a,Warm,0,16.36,17,151.0
2026-06-30 20:33:24.767,8fa3a293-4de7-42a5-8233-acf656da7f5a,Warm,0,13.73,14,151.0
2026-06-30 20:33:24.783,c4625584-98d5-439f-8592-08aea4f26056,Warm,0,12.29,13,119.0
2026-06-30 20:33:24.785,3c4c6daf-4cda-4e5b-a12c-f8395f4010cb,Warm,0,14.83,15,120.0
2026-06-30 20:33:24.790,d623294e-b6a4-41e3-99a6-a36946e54d94,Warm,0,15.12,16,151.0
2026-06-30 20:33:24.791,14121d0b-b690-4aa8-9816-dedf7443c936,Warm,0,21.19,22,119.0
2026-06-30 20:33:24.797,873c7962-0ccd-4c38-a268-92e2f8366a3c,Warm,0,13.03,14,152.0
2026-06-30 20:33:24.799,b281c129-6ee7-42fc-9ec9-b7224b6d7ca8,Warm,0,13.97,14,119.0
2026-06-30 20:33:25.586,3a44d21e-5e1d-47b6-bd68-5819f491ad94,Warm,0,12.92,13,119.0
2026-06-30 20:33:25.589,1eefefc2-47c4-443a-bd59-a13f5d9eb517,Warm,0,14.65,15,152.0
2026-06-30 20:33:25.595,c3f1bb68-68d1-4170-87c4-453b8e543a13,Warm,0,12.74,13,119.0
2026-06-30 20:33:25.605,1c3f0ceb-f2be-4576-8936-fb06da400da9,Warm,0,12.21,13,119.0
2026-06-30 20:33:25.607,48f5d2bf-e852-46b9-ad6c-c7f4b9c90ace,Warm,0,13.5,14,152.0
2026-06-30 20:33:25.614,9d6a6d13-0e95-4984-aa97-b403d1be9df1,Warm,0,14.27,15,151.0
2026-06-30 20:33:26.534,2208c0c1-2ed9-4ceb-82bc-5be988154fe4,Warm,0,14.86,15,151.0
2026-06-30 20:33:26.538,8db8c88b-f087-4838-a3be-c392969a63a6,Warm,0,14.3,15,152.0
2026-06-30 20:33:26.568,c92f8b9e-07c0-4200-b082-b5a5675483e7,Warm,0,13.21,14,152.0
2026-06-30 20:33:26.613,66bba2cc-34a2-422d-bbbd-9eac0c739a01,Warm,0,13.73,14,152.0
2026-06-30 20:33:26.613,cc7a0361-8f46-4252-af29-01550d4c3c0a,Warm,0,12.76,13,151.0
2026-06-30 20:33:26.616,ef1def6b-fa13-4f8c-b795-bad56e704fb1,Warm,0,12.72,13,119.0
2026-06-30 20:33:26.617,c5689619-5300-4efa-bfa6-b4819c63e9a3,Warm,0,13.01,14,119.0
2026-06-30 20:33:26.618,ec8c6517-a064-4603-a1b9-f6285e445751,Warm,0,13.56,14,120.0
2026-06-30 20:33:27.457,1a9d77b8-2248-4af3-8a2b-d1543436b280,Warm,0,12.12,13,119.0
2026-06-30 20:33:27.458,3ffb8575-a618-4659-90de-b19a34d34323,Warm,0,14.06,15,120.0
2026-06-30 20:33:27.484,389d3e93-fec1-4fbf-a021-79013bfd64c8,Warm,0,12.6,13,120.0
2026-06-30 20:33:27.485,ccf15823-8b9e-4970-8817-810e620cf993,Warm,0,12.61,13,119.0
2026-06-30 20:33:35.962,7b02e64e-4086-45ed-afe1-45f694d44605,Warm,0,38.15,39,119.0
2026-06-30 20:33:35.980,12156ba8-e29a-4df5-8c17-2f8e287991c7,Warm,0,44.92,45,120.0
2026-06-30 20:33:36.989,b76ed370-65d2-4eb9-a0f2-c029c65ab6de,Warm,0,15.3,16,120.0
2026-06-30 20:33:36.991,277e05e2-b5b6-4382-af23-67ac1ae9bcc9,Warm,0,14.98,15,119.0
2026-06-30 20:33:37.025,769b6fc0-5110-4a84-8efc-d87d95426bc0,Warm,0,38.7,39,119.0
2026-06-30 20:33:37.031,6643e85b-5993-415d-b61b-47d0a8ab2c1b,Warm,0,14.57,15,119.0
2026-06-30 20:33:37.055,ee282d8b-d55f-49cf-b184-672bb2090931,Warm,0,12.76,13,119.0
2026-06-30 20:33:37.558,c55a244f-bbee-469c-904d-5ae8d777f28f,Warm,0,14.67,15,119.0
2026-06-30 20:33:37.564,737e9cef-be9f-4b75-9cca-25af3406f956,Warm,0,11.2,12,120.0
2026-06-30 20:33:37.564,a64515c7-feaa-434c-8bc6-31f890f1e2de,Warm,0,13.38,14,119.0
2026-06-30 20:33:37.765,d22f6417-3aea-420b-83b4-469e9e7cbab7,Warm,0,12.8,13,119.0
2026-06-30 20:33:37.772,0e0bf8b7-f611-4500-8997-5d169e41e6b3,Warm,0,12.81,13,120.0
2026-06-30 20:33:37.780,96205cdb-3fcb-4beb-9a51-3fbbbe5c93d2,Warm,0,12.79,13,119.0
2026-06-30 20:33:37.784,14cbc121-38dc-48f5-aa57-16554dfda671,Warm,0,12.9,13,119.0
2026-06-30 20:33:37.808,718319f1-0c21-4819-967c-9871038c7308,Warm,0,39.68,40,151.0
2026-06-30 20:33:37.809,72e076b3-d945-45f7-b75d-e1aab6a17dde,Warm,0,40.77,41,152.0
2026-06-30 20:33:37.834,5ab573c8-c023-463c-9be9-6e0c395016b9,Warm,0,13.99,14,151.0
2026-06-30 20:33:38.510,26e72a56-ce01-41a2-bea9-ddf2dcc94d21,Warm,0,13.47,14,152.0
2026-06-30 20:33:38.510,2efd16b4-c59d-4685-a5fe-b8a787f87dfe,Warm,0,14.29,15,151.0
2026-06-30 20:33:38.511,3f7d211a-ee77-46b0-905c-aec89e2018f2,Warm,0,13.41,14,119.0
2026-06-30 20:33:38.520,1cd0f1f0-dd37-4863-a033-a5ffe1af0892,Warm,0,14.7,15,119.0
2026-06-30 20:33:38.535,828fbf24-e7a7-4f76-824d-24385284494c,Warm,0,14,14,151.0
2026-06-30 20:33:38.538,02a2040e-c591-4eac-8951-bf129a2738f1,Warm,0,13.27,14,119.0
2026-06-30 20:33:38.554,4ed76e51-56ed-4d5c-b368-3d5418a4999f,Warm,0,12.73,13,120.0
2026-06-30 20:33:38.554,f553af30-d58c-4a72-9205-0c72d02f6c9d,Warm,0,13.52,14,152.0
2026-06-30 20:33:38.555,4697db1a-f92c-45bb-b16f-833dfb2bfef7,Warm,0,14.19,15,119.0
2026-06-30 20:33:39.274,2cbb9416-b767-4792-b066-603c95728d9c,Warm,0,12.07,13,152.0
2026-06-30 20:33:39.275,7c37ff50-47fc-4354-a4e0-7087124e17d6,Warm,0,12.09,13,120.0
2026-06-30 20:33:39.275,11e98c50-894b-4c20-bba7-034e87c44582,Warm,0,13.54,14,119.0
2026-06-30 20:33:39.278,23c29288-a785-4032-9f10-d41029d8be25,Warm,0,12.81,13,119.0
2026-06-30 20:33:39.291,74e5f29e-16da-487e-872b-053375b76854,Warm,0,14.11,15,151.0
2026-06-30 20:33:39.321,f72752f6-9695-4a26-bdfd-7cea57a77a1a,Warm,0,42.69,43,119.0
2026-06-30 20:33:39.470,57fc9de5-a039-4279-b3a7-2cdfc66840d1,Warm,0,14.19,15,119.0
2026-06-30 20:33:39.490,1912bd3d-2956-41b3-8bed-37b97242df27,Warm,0,12.78,13,119.0
2026-06-30 20:33:40.191,69d31368-4fbe-4c5d-ac4b-729914141774,Warm,0,14.84,15,151.0
2026-06-30 20:33:40.191,9c96a0f3-f0d8-48a5-bc88-404e2ac15d3b,Warm,0,26.69,27,119.0
2026-06-30 20:33:40.192,989263b1-acf3-4f3b-a59d-1de5c28df253,Warm,0,14.11,15,119.0
2026-06-30 20:33:40.192,76fa4267-4d40-45e4-af66-96e3bf59f52a,Warm,0,14.09,15,119.0
2026-06-30 20:33:40.202,9903fe5e-b7f9-4048-973a-ab973467a672,Warm,0,12.4,13,120.0
2026-06-30 20:33:40.205,ab870612-d5d3-40d5-98e2-206372f1b95c,Warm,0,13.59,14,152.0
2026-06-30 20:33:40.393,6b9c2744-b299-4152-8bd4-b24cbab213bd,Warm,0,12.84,13,152.0
2026-06-30 20:33:40.402,1a504bbd-fd4d-413b-a572-32c447e42bed,Warm,0,13.62,14,120.0
2026-06-30 20:33:40.913,e01bd8dd-460b-4df0-a186-a3526800c304,Warm,0,14.35,15,120.0
2026-06-30 20:33:40.914,0ac8f174-cd0e-4e54-8a80-6575d780bafa,Warm,0,14.1,15,152.0
2026-06-30 20:33:40.916,2b1c7059-e2a3-4c37-b68a-04132455953a,Warm,0,15.75,16,119.0
2026-06-30 20:33:40.918,6f4b4143-73d1-48ba-8ff0-dd8750418eef,Warm,0,11.63,12,151.0
2026-06-30 20:33:41.114,03f1d921-a00a-4a08-b911-972583d9d8a9,Warm,0,12.46,13,151.0
2026-06-30 20:33:41.932,e34ee570-580a-4ee0-9e08-c875280e2a74,Warm,0,13.83,14,151.0
2026-06-30 20:33:41.943,584e9bc9-c34e-4872-abf6-cd845f9f1bd3,Warm,0,12.32,13,152.0
2026-06-30 20:33:41.945,50500f64-50db-48ab-9845-37d03617a085,Warm,0,14.74,15,119.0
2026-06-30 20:33:41.961,51048301-3160-4e98-b5c9-dac0bf5a1a47,Warm,0,12.65,13,152.0
2026-06-30 20:33:41.965,0bdbe5bd-52c2-453f-9f58-9f5bce2b8b55,Warm,0,14.57,15,151.0
2026-06-30 20:33:42.766,39492201-1a59-43d7-9f68-3242e40191c5,Warm,0,13.39,14,151.0
2026-06-30 20:33:42.769,d94db911-4a0f-4fca-b7c1-ea3d06406bac,Warm,0,12.88,13,119.0
2026-06-30 20:33:42.769,5b2f5264-fbc6-4c65-93ba-bf69ec6269dd,Warm,0,15.22,16,152.0
2026-06-30 20:33:43.698,4d73e643-c5c7-48ae-89e1-603a90386d51,Warm,0,13.62,14,119.0
2026-06-30 20:33:43.783,b13c439d-9860-4879-b6f3-0e2dedd76bf2,Warm,0,15.51,16,119.0
2026-06-30 20:33:44.376,d378ce96-3b08-478c-b4e0-10f42e9c4e36,Warm,0,12.83,13,119.0
2026-06-30 20:33:44.377,ebf73dd3-ac4e-4b0f-90c8-ece4d6d587f5,Warm,0,12.41,13,152.0
2026-06-30 20:33:44.393,d042ec02-da38-4e6a-823a-799d5d328d97,Warm,0,14.88,15,151.0
2026-06-30 20:33:45.485,28c5d493-5632-4c5c-ab99-dabf910fa028,Warm,0,14.6,15,151.0
2026-06-30 20:33:45.502,312ee9af-6d9f-4e18-aa1c-6980b571fb21,Warm,0,12.73,13,152.0
2026-06-30 20:33:45.505,4229a022-6d78-4e24-9a5a-57bd1adaafcb,Warm,0,19.25,20,119.0
2026-06-30 20:33:46.177,5ddb8d0e-b8b4-4298-98bf-176348f4c95d,Warm,0,15.51,16,119.0
2026-06-30 20:33:46.179,69bbe040-3790-4e2e-987e-37fdce0c47d7,Warm,0,12.88,13,152.0
2026-06-30 20:33:47.181,38aa2d07-b035-459d-9e57-aa053f2ce3b8,Warm,0,13.62,14,152.0
2026-06-30 20:33:54.658,a8065ccf-0f6f-43c8-912a-805ac2c37201,Warm,0,41.28,42,152.0
2026-06-30 20:33:54.663,1431a4ea-bacc-41dc-afdc-1a765e59cb48,Warm,0,40.23,41,119.0
2026-06-30 20:33:54.664,e5194ff8-9766-4c96-a060-df4eb7837183,Warm,0,39.35,40,151.0
2026-06-30 20:33:54.698,879b83eb-6960-4352-8ae3-7d27944ab0f8,Warm,0,13.26,14,151.0
2026-06-30 20:33:55.409,7288ea31-f77a-4d90-b746-811c48addb0a,Warm,0,12.12,13,151.0
2026-06-30 20:33:55.422,b0f9d52a-d668-47f4-90f8-3a02f48c5f28,Warm,0,12.94,13,119.0
2026-06-30 20:33:55.422,0fdf83d3-bcab-4882-ad9e-e549531d81da,Warm,0,11.47,12,152.0
2026-06-30 20:33:55.427,a524709c-cb87-404a-a61f-1d194f540368,Warm,0,11.36,12,151.0
2026-06-30 20:33:55.459,7975d68f-c681-47eb-bfe7-61866e9cc2e6,Warm,0,41.81,42,120.0
2026-06-30 20:33:55.620,e4d322ba-d14b-4ea1-926b-0308c6462ec3,Warm,0,12.19,13,120.0
2026-06-30 20:33:55.627,14a896e3-6169-4809-aa27-431332f4bd1d,Warm,0,12.23,13,151.0
2026-06-30 20:33:55.639,edfeaf48-bb6f-4380-8b56-e307e09c2152,Warm,0,12.62,13,120.0
2026-06-30 20:33:56.351,d91e8be7-e4da-4d47-a403-0f9a004ce0a2,Warm,0,12.2,13,120.0
2026-06-30 20:33:56.356,0a56b636-bd80-4e35-b591-b2c6f7e46646,Warm,0,11.05,12,151.0
2026-06-30 20:33:56.370,4cc65b0b-0758-45db-a3cc-0bf86755aabc,Warm,0,12.98,13,120.0
2026-06-30 20:33:56.372,c374c934-fc56-47a8-ac47-946b9c7242c6,Warm,0,13.97,14,119.0
2026-06-30 20:33:56.380,59b00486-8516-4d35-8454-b38f9afc9d83,Warm,0,12.16,13,152.0
2026-06-30 20:33:56.380,020a09bb-35e9-419f-9dca-b7f67ca18182,Warm,0,11.65,12,151.0
2026-06-30 20:33:56.530,fafe8c14-7d9d-41ae-b8be-f9904f44c196,Warm,0,11.87,12,152.0
2026-06-30 20:33:56.538,29539115-c281-419b-a47a-bc046e3b5b9e,Warm,0,14.31,15,151.0
2026-06-30 20:33:56.539,6b2be520-3790-49df-a60a-49243f163ec9,Warm,0,13.66,14,119.0
2026-06-30 20:33:57.236,2c0487df-6a10-4ba0-a6b8-7109da8fbcbc,Warm,0,13.51,14,119.0
2026-06-30 20:33:57.240,cf1834cf-8e91-46a0-ae00-e6df395e0d43,Warm,0,11.93,12,152.0
2026-06-30 20:33:57.241,5b75a2d1-d50e-499b-91a4-9345654a08ee,Warm,0,13.55,14,151.0
2026-06-30 20:33:57.243,19d2b738-26cb-48e1-9e10-e5b5724cc146,Warm,0,14.38,15,120.0
2026-06-30 20:33:57.270,4e5da0cb-d5ce-4ae1-b893-5a670feefc2c,Warm,0,38.41,39,119.0
2026-06-30 20:33:57.275,1e580a5e-2731-4781-8f6d-88d3426e9b15,Warm,0,41.75,42,119.0
2026-06-30 20:33:57.480,187b52aa-364e-4b9e-8316-eb72d4ad9a64,Warm,0,12.33,13,119.0
2026-06-30 20:33:57.480,36d9cdeb-5ac3-469b-98eb-a6a9cd552689,Warm,0,12.09,13,119.0
2026-06-30 20:33:57.484,da8c8545-257d-4d37-ba95-3f261b91fe88,Warm,0,14.13,15,120.0
2026-06-30 20:33:57.934,26034344-d4d7-48a9-ae1e-d8ac55b24d18,Warm,0,12.6,13,120.0
2026-06-30 20:33:57.934,1ee791ea-c731-43c9-b3e0-0ffaa8f1fbe3,Warm,0,11.57,12,119.0
2026-06-30 20:33:57.939,6a85336f-f490-455e-bf89-99f8776af845,Warm,0,13.58,14,119.0
2026-06-30 20:33:57.950,ec59913e-c161-43c0-bf83-e7109f568fd3,Warm,0,11.37,12,119.0
2026-06-30 20:33:57.953,da49b11b-6b3f-4626-9b38-e85cf9dff998,Warm,0,12.38,13,120.0
2026-06-30 20:33:57.958,314fb400-66f1-40cd-885a-cacd2c63939f,Warm,0,13.74,14,151.0
2026-06-30 20:33:57.963,e001d7ed-557f-42e5-a8df-1aa1640d631a,Warm,0,12.35,13,119.0
2026-06-30 20:33:57.966,60643c96-ee8f-4a45-a606-233dcda33190,Warm,0,14.62,15,152.0
2026-06-30 20:33:58.015,6017aca0-b053-4895-b07c-9e3b9cd5667a,Warm,0,12.82,13,152.0
2026-06-30 20:33:58.018,c0678fd6-c9cc-4429-9f81-b127ab0964ec,Warm,0,12.33,13,119.0
2026-06-30 20:33:58.855,b90f2f59-380e-48e1-950c-d1a62381913c,Warm,0,11.68,12,152.0
2026-06-30 20:33:58.856,44f06e20-daa0-4b9d-a119-8359591c543d,Warm,0,13.26,14,119.0
2026-06-30 20:33:58.859,d8313ad0-5b59-4ab9-bea4-caeacd0ee260,Warm,0,14.31,15,151.0
2026-06-30 20:33:58.861,fc85d2bd-7c8b-436b-b92f-4e39e439a7ca,Warm,0,12.98,13,120.0
2026-06-30 20:33:58.865,c63edcc4-a514-466e-8d51-f58264f11651,Warm,0,15.81,16,119.0
2026-06-30 20:33:58.868,c68a624c-db8a-445c-a2b3-e7e8fd31b24e,Warm,0,14.5,15,119.0
2026-06-30 20:33:58.880,e0434b9e-b3b6-4c27-8b42-de7be82ad7ed,Warm,0,11.77,12,120.0
2026-06-30 20:33:59.045,6d298b01-9f3f-42ca-96bd-395b1c43591d,Warm,0,12.81,13,120.0
2026-06-30 20:33:59.618,f694ddee-70ff-4723-9aab-30089ad14051,Warm,0,11.8,12,120.0
2026-06-30 20:33:59.621,dc755ae9-0953-43b5-a715-856bec115872,Warm,0,14.06,15,119.0
2026-06-30 20:33:59.663,dd44d96d-a9db-4925-bd0c-35de556d90f1,Warm,0,16.24,17,119.0
2026-06-30 20:33:59.822,a26a5e4d-88c0-47db-8bba-201930bf3563,Warm,0,12.66,13,120.0
2026-06-30 20:33:59.822,065c6d8e-4e26-42b1-a243-cbe43c9cca32,Warm,0,14.91,15,119.0
2026-06-30 20:33:59.825,b360f6c7-64cf-4a41-b05d-8343ec812787,Warm,0,12.12,13,119.0
2026-06-30 20:33:59.834,208c7720-b893-447b-836a-d4abb3fc6913,Warm,0,14.76,15,151.0
2026-06-30 20:34:00.556,03f35498-8d2e-47a5-8d4d-4e7838ccbe45,Warm,0,11.71,12,119.0
2026-06-30 20:34:00.560,cf630494-6fad-4d58-824a-0fe2604c9869,Warm,0,11.73,12,119.0
2026-06-30 20:34:00.562,7a045ef9-1af5-43a1-953c-5cf022d0f80c,Warm,0,14.02,15,119.0
2026-06-30 20:34:00.563,2a4eb5c6-aa36-4bb1-9fff-2d9ae443875e,Warm,0,14.78,15,151.0
2026-06-30 20:34:00.564,a52b2cdf-1218-4f48-b5d7-f71d0865b675,Warm,0,13.46,14,120.0
2026-06-30 20:34:01.493,6e86deea-aa5d-459d-8278-739b4395b070,Warm,0,12.93,13,120.0
2026-06-30 20:34:01.501,7196a638-2ae7-4cfa-af44-16d10ac1ccbc,Warm,0,12.33,13,151.0
2026-06-30 20:34:01.504,d873d55b-9b3c-41e7-aa56-6d6100295537,Warm,0,15.25,16,119.0
2026-06-30 20:34:01.531,408c7821-d14f-4012-9dde-7b21558acaa5,Warm,0,15.29,16,119.0
2026-06-30 20:34:02.234,2e5756ae-5efa-41d5-9d54-ae8a6f7594ed,Warm,0,15.24,16,119.0
2026-06-30 20:34:02.453,5f9c5107-a71b-408e-b0c1-8984a272034f,Warm,0,22.22,23,119.0
2026-06-30 20:49:58.503,b0c1df2d-16de-4d94-8e70-cc9cf5ca5c12,Cold,802.57,85.74,889,119.0
2026-06-30 20:49:58.739,6f109350-3ff4-45fa-8fde-e829ee7d6661,Warm,0,42.06,43,119.0
2026-06-30 20:49:58.789,3c506ec5-9b4e-4b06-a4ca-c09090382ced,Warm,0,42.02,43,119.0
2026-06-30 20:49:58.819,32887ee7-b6d9-4fd6-9d8f-9d1a15e38839,Cold,766.52,84.93,852,119.0
2026-06-30 20:49:58.843,1bcc3cca-b674-4000-b308-4da06e674999,Warm,0,47.37,48,119.0
2026-06-30 20:49:58.883,3ac09d82-d804-441c-b7e3-57e1deade755,Cold,809.26,83.91,894,119.0
2026-06-30 20:49:58.924,c2e85b2f-6a8e-4e80-8b08-790478757037,Cold,860.98,84.36,946,119.0
2026-06-30 20:49:58.974,225f42b3-73d8-413d-9215-d9858a39243e,Cold,771.99,82.94,855,119.0
2026-06-30 20:49:59.471,995cbbc1-7e98-4973-9276-851464d08563,Warm,0,40.38,41,119.0
2026-06-30 20:49:59.681,b119ccf8-f087-4563-94dc-d5367eb46def,Warm,0,42.11,43,119.0
2026-06-30 20:49:59.687,0fc9e5f2-eb92-45b9-a64e-67e258e0f08c,Warm,0,43.46,44,119.0
2026-06-30 20:50:00.468,e7252328-81c2-4dde-8d97-5204097211a2,Warm,0,44.63,45,119.0
2026-06-30 20:50:00.485,a36a3a5e-a195-4e50-ade8-baa367beac26,Warm,0,39.04,40,119.0
2026-06-30 20:50:01.265,076ce8dd-b5c7-43db-8c32-9d9a4316e891,Warm,0,39.57,40,119.0
2026-06-30 20:50:01.303,055495eb-f378-46b6-b87a-ef96d66417d8,Warm,0,45.02,46,119.0
2026-06-30 20:50:02.119,157eafeb-9d74-4ac0-8f44-76d85db1dd23,Warm,0,43.21,44,119.0
2026-06-30 20:50:02.140,d3146af7-b296-4277-b82c-a80c92b47513,Warm,0,63.88,64,119.0
2026-06-30 20:50:02.184,f885da96-0ce4-4b45-b7ae-2fa0b3bbc527,Warm,0,41.32,42,119.0
2026-06-30 20:50:03.065,7dcb5463-c6cf-4017-b0eb-31c0b64d0850,Warm,0,78.28,79,119.0
2026-06-30 20:50:03.068,ff541705-420d-4c1e-a4f9-f77f2e73118a,Warm,0,46.64,47,119.0
2026-06-30 20:50:03.801,4f43e1fe-5cd6-4985-a848-123e51aafde4,Warm,0,46.75,47,119.0
2026-06-30 20:50:03.812,e1533f02-9fa6-4f04-a054-e5520b12113e,Warm,0,41.82,42,119.0
2026-06-30 20:50:06.436,5be76b63-b13c-4f72-9e1a-cdd7914ff0ff,Warm,0,12.99,13,119.0
2026-06-30 20:50:06.468,8d166d59-b052-4fad-bfe5-6dccee05d1cb,Warm,0,13.32,14,119.0
2026-06-30 20:50:06.472,1aab7266-2046-4368-8454-19fd3d9c1caf,Warm,0,13.5,14,119.0
2026-06-30 20:50:07.151,1317de0d-9900-4198-8369-e0f62e08a811,Warm,0,13.28,14,119.0
2026-06-30 20:50:07.152,2586064b-d024-4de2-aaf2-69a23fe7178d,Warm,0,13.59,14,119.0
2026-06-30 20:50:07.182,e131e8fa-b56c-43bc-9bc5-fa7ddb050039,Warm,0,36.37,37,119.0
2026-06-30 20:50:07.186,5c614cc3-c5b8-4908-b9d0-757c0f59ad64,Warm,0,42.15,43,119.0
2026-06-30 20:50:07.188,77f0fd7f-31e3-4bca-a0d7-d73ec84d2970,Warm,0,42.63,43,119.0
2026-06-30 20:50:07.193,326396ef-0937-4dfc-bd7c-74f02e149cbd,Cold,857.11,47.28,905,118.0
2026-06-30 20:50:08.069,5152ebba-24f5-4ba1-aa46-7cdff1a1bb9e,Warm,0,11.01,12,119.0
2026-06-30 20:50:08.072,47bbaa67-c0d3-480c-a084-75288fc2b487,Warm,0,14.11,15,118.0
2026-06-30 20:50:08.072,fd483848-daa6-4222-9d1a-0b83e15ba0a9,Warm,0,15.1,16,119.0
2026-06-30 20:50:08.098,0147aacd-89ea-4f5e-877f-3ca19d5e4114,Warm,0,11.83,12,119.0
2026-06-30 20:50:08.099,c4d7a367-7a80-4729-ac95-acc84818015e,Warm,0,12.49,13,118.0
2026-06-30 20:50:08.102,55f3674c-947e-42ba-9e31-79914873fba4,Warm,0,15,15,119.0
2026-06-30 20:50:08.105,1572311c-a273-4ad8-b2bc-e3163235a57c,Warm,0,48.31,49,119.0
2026-06-30 20:50:08.130,b8138a5f-6095-45fd-a740-48f644ba959e,Warm,0,13.42,14,119.0
2026-06-30 20:50:09.063,c5f8db3f-4ca9-459e-9758-45cda1e3450c,Warm,0,14.15,15,119.0
2026-06-30 20:50:09.084,1377cb5e-de3e-4ab5-9513-839a556b0b21,Warm,0,10.69,11,119.0
2026-06-30 20:50:09.085,6191953e-1ba8-47ea-91ef-ca557e2e1242,Warm,0,13.88,14,119.0
2026-06-30 20:50:09.087,922bffc6-e742-48b6-a66e-60cd09a86e1a,Warm,0,13.43,14,119.0
2026-06-30 20:50:09.088,07573af4-0a6c-40ad-a30a-85bb7a7f3906,Warm,0,14.63,15,118.0
2026-06-30 20:50:09.089,2e07a2ed-c421-40e7-b40c-0b6ce44d081c,Warm,0,13.53,14,119.0
2026-06-30 20:50:09.791,c2eb5850-fa04-4818-888e-a1ac2c1b9e54,Warm,0,10.47,11,119.0
2026-06-30 20:50:09.793,018b44b8-e439-4513-9742-64a6e5644e88,Warm,0,12.92,13,119.0
2026-06-30 20:50:09.795,a1dab249-2195-48a5-a4c2-a694e0260b4c,Warm,0,14.11,15,119.0
2026-06-30 20:50:09.795,e5864225-09b2-4d6d-8f99-a196ab8ae734,Warm,0,13.73,14,119.0
2026-06-30 20:50:09.797,b708f24a-bd08-4046-a593-a22949be01e2,Warm,0,12.67,13,119.0
2026-06-30 20:50:09.797,4c6c2521-bb22-4fed-b1f6-98dcb7128765,Warm,0,13.67,14,118.0
2026-06-30 20:50:09.835,d9b36879-e81c-418d-9fbd-2ee3e433d0b8,Cold,802.76,51.31,855,118.0
2026-06-30 20:50:10.590,748a21e8-37ee-4caf-a140-f90e3e8dddd3,Warm,0,15.03,16,119.0
2026-06-30 20:50:10.596,454a0633-2b30-400f-9fb1-4f656231235f,Warm,0,14.28,15,119.0
2026-06-30 20:50:10.614,8004e925-e642-49e8-8401-01477713a3e3,Warm,0,12.48,13,119.0
2026-06-30 20:50:10.631,5e516bfc-4804-4f40-90f5-6284d504ee4e,Warm,0,13.7,14,118.0
2026-06-30 20:50:10.631,12247d6a-00ef-4cd8-9166-1051ff68de32,Warm,0,14.11,15,119.0
2026-06-30 20:50:10.670,b0f86a80-7a34-48f0-9ef2-8accaa2f0918,Warm,0,13.81,14,118.0
2026-06-30 20:50:10.787,1fafdf2b-9a5a-48ec-9a3f-0cbf1b1e2409,Warm,0,12.53,13,118.0
2026-06-30 20:50:10.828,31c53d79-753f-4aec-ba7b-55aeece46ea5,Warm,0,12.77,13,118.0
2026-06-30 20:50:11.399,723f428c-a5fd-48f6-aee8-221b382e001a,Warm,0,12.71,13,118.0
2026-06-30 20:50:11.417,97439dae-1008-46d2-b316-2e368f124ac7,Warm,0,12.8,13,119.0
2026-06-30 20:50:11.417,c70073e0-7612-407e-ac90-81a91c203ce4,Warm,0,11.67,12,119.0
2026-06-30 20:50:11.615,33927514-0c96-4d96-b98c-40d9e7fa67ed,Warm,0,12.61,13,119.0
2026-06-30 20:50:11.623,3d1c33f1-92f8-4ce3-83c5-59f2a9adc20e,Warm,0,14.09,15,119.0
2026-06-30 20:50:11.624,612a56b7-cb90-4a4a-91d5-095fe7e9c368,Warm,0,13.25,14,118.0
2026-06-30 20:50:11.625,5fd3f961-4138-4736-be32-ff1431ed98fd,Warm,0,13.98,14,119.0
2026-06-30 20:50:12.300,04488536-97c0-4638-98e7-587d9f40042c,Warm,0,12.53,13,119.0
2026-06-30 20:50:12.313,adcf7588-24ce-4563-9bd0-cf28d5bb9020,Warm,0,12.81,13,118.0
2026-06-30 20:50:12.313,8812c812-5811-48fa-b0af-5bc93e08e20a,Warm,0,13.09,14,119.0
2026-06-30 20:50:12.342,e903d240-1a53-4e36-9a78-c088c974c83c,Warm,0,13.22,14,119.0
2026-06-30 20:50:12.344,8de093c2-7953-4be6-9e00-d9a24c2290c5,Warm,0,12.94,13,119.0
2026-06-30 20:50:12.344,1b4c4f51-2a5d-4d7c-8fe5-42e024fc730d,Warm,0,13.7,14,118.0
2026-06-30 20:50:12.344,efaa9177-1e36-4cbb-a454-e2742af17df4,Warm,0,13.64,14,119.0
2026-06-30 20:50:12.349,a0b0899b-8b42-4d88-8d95-def51c2c6cda,Warm,0,13.12,14,119.0
2026-06-30 20:50:13.102,7468889a-0219-4cd2-b1f3-125748a211c4,Warm,0,12.73,13,119.0
2026-06-30 20:50:13.107,74166a3f-4490-4198-ae00-79a042278fcd,Warm,0,13.37,14,119.0
2026-06-30 20:50:13.112,804f71ac-4167-4d37-802a-14088da7a862,Warm,0,13.36,14,119.0
2026-06-30 20:50:13.116,c9310313-45e5-4f09-870f-4ff83eea8fd3,Warm,0,13.46,14,118.0
2026-06-30 20:50:13.119,56a848ae-5be2-4bfa-aedd-a427e0b2a8c4,Warm,0,13.01,14,119.0
2026-06-30 20:50:13.315,f22fde21-1639-48a9-b981-67f8cc903b94,Warm,0,14.2,15,119.0
2026-06-30 20:50:14.201,e7a378d8-5aaf-4650-afd9-1144521889b9,Warm,0,14.17,15,119.0
2026-06-30 20:50:14.259,239cac60-6991-4bcf-aab0-de7bc52d23d6,Warm,0,16,17,119.0
2026-06-30 20:50:14.886,f553d547-fd4f-4865-8a81-5cdd284a6fcb,Warm,0,12.45,13,119.0
2026-06-30 20:50:14.911,90554659-d547-4e0d-92f7-f84198330d9d,Warm,0,12.85,13,119.0
2026-06-30 20:50:14.930,adb31e54-60e3-4129-9b87-ddbfc099bf1d,Warm,0,14.3,15,118.0
2026-06-30 20:50:15.887,54ce7280-97db-46be-b694-059a1820a8bc,Warm,0,15.51,16,118.0
2026-06-30 20:50:15.972,ebb30643-b0ab-477c-9a7c-7c7005c487e5,Warm,0,12.92,13,118.0
2026-06-30 20:50:23.473,7fc7d3ba-3522-41b0-b8bf-95ac1ce29c50,Warm,0,41.87,42,119.0
2026-06-30 20:50:23.479,af1625d2-edd4-4c85-8d22-5467b59f077a,Warm,0,49.78,50,119.0
2026-06-30 20:50:24.144,96374a83-5cf3-48f0-891e-9a9f2a51e829,Warm,0,13.97,14,119.0
2026-06-30 20:50:24.151,ddf70de8-9851-4d8e-b7c3-071337200bdd,Warm,0,12.93,13,119.0
2026-06-30 20:50:24.186,16b942d6-d7de-49e3-8a72-3876959faf7c,Warm,0,39.12,40,119.0
2026-06-30 20:50:24.333,16e70388-5f1f-47ea-a69a-b3aa0dbe3179,Warm,0,13.12,14,119.0
2026-06-30 20:50:24.336,43726556-ec00-4ce4-be1b-7d1403382fa6,Warm,0,13.81,14,119.0
2026-06-30 20:50:24.343,c23b8206-5d68-45b9-b176-7845957728ca,Warm,0,14.63,15,119.0
2026-06-30 20:50:25.023,9149ba74-f0ff-4260-b637-99129e75c2d5,Warm,0,13,13,119.0
2026-06-30 20:50:25.033,98bd5e55-78b1-4257-9b64-c13bb871ca44,Warm,0,12.99,13,119.0
2026-06-30 20:50:25.249,bbc43c6a-1c63-4f2c-a619-c22450addcd3,Warm,0,12.52,13,119.0
2026-06-30 20:50:25.251,d081df1b-3c7e-48b0-ac0c-6b0fd39e2772,Warm,0,12.91,13,119.0
2026-06-30 20:50:25.252,c18b88e7-ce02-4488-bb25-9f3be9a4e292,Warm,0,13.85,14,119.0
2026-06-30 20:50:26.131,bbbf6014-9e3c-4cf7-b93e-dabee3ee5405,Warm,0,12.34,13,119.0
2026-06-30 20:50:26.131,fe35e53e-959a-451e-9bb5-c4730b14b1d0,Warm,0,11.16,12,119.0
2026-06-30 20:50:26.138,700b18f2-50fd-4bad-b07d-575c0c77afd1,Warm,0,14.35,15,119.0
2026-06-30 20:50:26.167,df8e94ca-4b7b-4ec6-866b-b68bbdec3ccf,Warm,0,39.91,40,119.0
2026-06-30 20:50:26.167,c161f8cb-10c7-418d-adba-5e296f9b5502,Warm,0,44.23,45,119.0
2026-06-30 20:50:26.171,0bcea7c5-04cf-4708-80a9-76d3db14bc78,Warm,0,43.48,44,119.0
2026-06-30 20:50:26.172,b540a492-0d9b-4199-962e-1467e56c6f00,Warm,0,43.71,44,119.0
2026-06-30 20:50:26.723,1f1f6696-f003-430a-88ea-41e5c68c34c3,Warm,0,14.6,15,119.0
2026-06-30 20:50:26.736,4610e891-3421-4c32-8134-850c9ab862a9,Warm,0,29.43,30,119.0
2026-06-30 20:50:26.916,3cc2455d-bfed-4468-9034-7a6c6218accd,Warm,0,13.23,14,119.0
2026-06-30 20:50:26.919,303db444-0b95-41a5-b847-0f0aa29212b9,Warm,0,13.18,14,119.0
2026-06-30 20:50:26.919,4f2f4668-8ae1-4491-860f-3b141407d644,Warm,0,13.49,14,119.0
2026-06-30 20:50:26.920,02142bd2-1510-4668-b98f-5928b5bcf4e7,Warm,0,12.88,13,119.0
2026-06-30 20:50:26.920,6a7d8ce0-b72b-4ba0-862f-d76f1f3d8706,Warm,0,13.38,14,119.0
2026-06-30 20:50:27.730,4845d621-f42e-4383-959e-57e2c6be6da8,Warm,0,14.84,15,119.0
2026-06-30 20:50:27.737,b7689bd5-32a1-4649-897e-819f7a592e56,Warm,0,13.1,14,119.0
2026-06-30 20:50:27.739,f3e61a0e-052f-46ba-a1e5-3eb81e9490f3,Warm,0,15.52,16,119.0
2026-06-30 20:50:27.740,1c7491f0-3ba0-41cf-afe8-7dbfb8fe34dc,Warm,0,13.22,14,119.0
2026-06-30 20:50:27.755,744fb28e-3c96-43db-82f4-f37fb7ae7f41,Warm,0,12.68,13,119.0
2026-06-30 20:50:27.756,985d22b1-6f73-4948-9956-c38dc77e82e2,Warm,0,14.77,15,119.0
2026-06-30 20:50:27.769,47cc5edd-bc23-4692-a3e7-34b5408420ae,Warm,0,12.18,13,119.0
2026-06-30 20:50:27.772,ee00b6f4-d53c-4388-b9da-14ce8c5bc28a,Warm,0,12.89,13,119.0
2026-06-30 20:50:28.516,7584ff5c-a396-48f6-aed8-7fc3e54331ff,Warm,0,13.15,14,119.0
2026-06-30 20:50:28.526,654aaa9b-cdf9-4f3d-bc1f-7d8790221618,Warm,0,13.57,14,119.0
2026-06-30 20:50:28.530,bca9adea-884a-41a5-be6c-513d8123a3be,Warm,0,13.77,14,119.0
2026-06-30 20:50:28.530,30e9d2ac-e599-4885-86ff-b1eb8c36dd91,Warm,0,13.83,14,119.0
2026-06-30 20:50:28.531,19eec154-b7ce-4b18-8b70-aa2be7d317e8,Warm,0,12.84,13,119.0
2026-06-30 20:50:28.563,1682eff7-da89-4653-9a50-615431f261a1,Warm,0,12.14,13,119.0
2026-06-30 20:50:28.564,7709629b-3d85-4cf6-aecd-af3f26a22730,Warm,0,13.12,14,119.0
2026-06-30 20:50:29.279,5a1147b0-86bd-4685-9f68-99ffff049acf,Warm,0,12.91,13,119.0
2026-06-30 20:50:29.282,99483f91-f6e7-4d83-a6a0-48d80c9f036f,Warm,0,12.05,13,119.0
2026-06-30 20:50:29.284,e6533ec3-e69b-4440-a1c3-4ee33318a911,Warm,0,15.26,16,119.0
2026-06-30 20:50:29.284,a781d4eb-c280-448f-94cb-76debfd61d05,Warm,0,12.74,13,119.0
2026-06-30 20:50:29.287,d8d100da-eb7f-41ca-87f3-cc64a45c325c,Warm,0,16.54,17,119.0
2026-06-30 20:50:29.291,589c81b1-4b5c-40be-9b6f-04259d3fc29f,Warm,0,16.75,17,119.0
2026-06-30 20:50:30.119,d94cb8b9-fdf4-4c96-b654-130db1e8c869,Warm,0,13.54,14,119.0
2026-06-30 20:50:30.142,57aaf5a9-7fe4-44da-840c-f5726d07510d,Warm,0,14.1,15,119.0
2026-06-30 20:50:30.143,d3cce16a-b4ed-422b-ae44-8f7c53a70e7c,Warm,0,11.4,12,119.0
2026-06-30 20:50:30.145,2c5decd7-928e-41f2-a55f-d31fae3f55b8,Warm,0,11.6,12,119.0
2026-06-30 20:50:30.146,f624a9dc-2806-4c0b-b8b2-85ec977e717b,Warm,0,13.2,14,119.0
2026-06-30 20:50:30.157,d5b75a54-a569-4d53-a7c6-b80d3a756b23,Warm,0,11.5,12,119.0
2026-06-30 20:50:30.160,f0a9f2f4-4893-4129-a9e2-08a8fbad7ab5,Warm,0,12.69,13,119.0
2026-06-30 20:50:30.160,c1deef82-e512-47cf-a171-850fef45d565,Warm,0,13.48,14,119.0
2026-06-30 20:50:31.217,979b3bb5-e375-4580-a094-91c9a14b1364,Warm,0,13.04,14,119.0
2026-06-30 20:50:31.237,cb7484ae-56a8-41d6-b6f2-22020806bd9b,Warm,0,14.27,15,119.0
2026-06-30 20:50:31.237,f421cb5d-c037-4875-9234-1b82b5d55d3b,Warm,0,12.25,13,119.0
2026-06-30 20:50:31.237,46d94406-4aef-462e-a887-7b22c576535d,Warm,0,14.32,15,119.0
2026-06-30 20:50:31.239,459fe48e-23a6-43ab-971e-2048d2c23856,Warm,0,12.86,13,119.0
2026-06-30 20:50:31.241,7c27916f-7bb4-4d16-a14d-e6393ce011c4,Warm,0,13.05,14,119.0
2026-06-30 20:50:31.243,7abb24cd-9d48-4fb9-b4ff-854c901097d4,Warm,0,12.71,13,119.0
2026-06-30 20:50:31.244,31cc6691-7995-4f69-9ffd-b28e434de66d,Warm,0,14.61,15,119.0
2026-06-30 20:50:32.018,73cfbd1a-a3d0-43ce-941c-812db85fdf25,Warm,0,14.08,15,119.0
2026-06-30 20:50:32.018,8d4411f9-bb44-42cf-ada2-28209f6c8c03,Warm,0,14.01,15,119.0
2026-06-30 20:50:40.718,7e407615-c23d-4168-be3d-f41876452c1b,Warm,0,42.57,43,119.0
2026-06-30 20:50:40.741,d24b43fc-c5d1-44eb-b638-ad762d9ea034,Warm,0,41.1,42,119.0
2026-06-30 20:50:41.291,e2100dd1-0cbc-4f7c-8f26-9604d1f19fa5,Warm,0,12.89,13,119.0
2026-06-30 20:50:41.296,8b16930b-286e-4834-9d10-dc65fa7701c2,Warm,0,14.69,15,119.0
2026-06-30 20:50:41.323,0097c146-07bd-4001-afec-e88913e0d03c,Warm,0,41.63,42,119.0
2026-06-30 20:50:41.335,ca13e231-25e9-4485-b1b0-8766f2690975,Warm,0,39.72,40,119.0
2026-06-30 20:50:41.335,87725d84-035f-4383-8d58-f8b2d487da05,Warm,0,15.23,16,119.0
2026-06-30 20:50:41.494,d30390b8-865b-4138-831d-10a9e86c9d51,Warm,0,12.88,13,119.0
2026-06-30 20:50:42.083,36083cac-ff33-41ea-9a07-ce9b07cea24b,Warm,0,16.03,17,119.0
2026-06-30 20:50:42.261,0858856c-a0fb-443a-ad70-dc934a7501ef,Warm,0,13.29,14,119.0
2026-06-30 20:50:42.270,f3cd19c9-0f91-434e-8e67-4660a7671d7f,Warm,0,13.21,14,119.0
2026-06-30 20:50:42.277,86b00a65-6f7f-4ca3-a8f6-9233292688b8,Warm,0,13.34,14,119.0
2026-06-30 20:50:42.278,ffc3b0b6-e589-4508-92e8-93d1fe3bf15a,Warm,0,14.79,15,119.0
2026-06-30 20:50:42.318,e839ebd7-85a8-490a-bd4a-9276ba7a15f2,Warm,0,44.31,45,119.0
2026-06-30 20:50:42.899,19fbe845-eb5c-443b-92c6-ab5ca8622e75,Warm,0,11.41,12,119.0
2026-06-30 20:50:42.902,0af08c64-704e-4994-a908-bf19115011b7,Warm,0,11.86,12,119.0
2026-06-30 20:50:42.903,b2d0bfd0-084a-4df8-83e2-53f1afa20ffa,Warm,0,12.91,13,119.0
2026-06-30 20:50:42.906,a7810689-3d1c-4967-bae2-1da1f15f21e3,Warm,0,12.08,13,119.0
2026-06-30 20:50:42.909,62f5ee25-ae9d-40a1-91a8-c0e21b674f1d,Warm,0,16.08,17,119.0
2026-06-30 20:50:42.919,da41316c-a946-4a05-a6b2-f815f5059474,Warm,0,14.31,15,119.0
2026-06-30 20:50:42.941,cac851f9-58fb-4ecf-9527-e3770b800225,Warm,0,41.75,42,119.0
2026-06-30 20:50:42.948,2eec1734-87fa-4f15-acdf-02f16ef061f6,Warm,0,21.82,22,119.0
2026-06-30 20:50:42.949,1bd168f5-4b22-4877-8e4d-cdd34f9fbcd0,Warm,0,43.97,44,119.0
2026-06-30 20:50:43.703,51519f5c-49fa-4a9b-b6d4-5c5fdef03d8c,Warm,0,12.64,13,119.0
2026-06-30 20:50:43.706,e2087a8e-de80-46e3-ac0b-2aaf54de2aef,Warm,0,12.95,13,119.0
2026-06-30 20:50:43.710,7a4bafc7-de6f-474d-9fbc-2e4ca3e550f7,Warm,0,12.02,13,119.0
2026-06-30 20:50:43.712,8f8d5f89-bb20-4103-b535-d58c9881c5b0,Warm,0,13.14,14,119.0
2026-06-30 20:50:43.713,fd00c0dc-f3ea-4b7a-bb21-773300fb3f47,Warm,0,13.15,14,119.0
2026-06-30 20:50:43.715,c3654372-0a32-4716-823d-3ccbb7f8201a,Warm,0,13.7,14,119.0
2026-06-30 20:50:43.716,e4422dbb-9a4e-41c4-8250-678e0decf36c,Warm,0,13.43,14,119.0
2026-06-30 20:50:43.957,5357e9bb-5834-4696-9c7f-58e0927b9ad5,Cold,782.75,47.27,831,118.0
2026-06-30 20:50:44.590,2ee276ec-e30f-4392-a0f0-105df123fa44,Warm,0,13.68,14,118.0
2026-06-30 20:50:44.599,4b394d31-a5f3-41ef-be22-3f008940bd60,Warm,0,12.61,13,119.0
2026-06-30 20:50:44.601,f18ce045-7820-4cd7-94ca-db68b89187ae,Warm,0,14.49,15,119.0
2026-06-30 20:50:44.603,1d654c4c-d7f1-4ff0-8adf-6de2dcd2600c,Warm,0,14.7,15,119.0
2026-06-30 20:50:44.647,28485553-ed05-401c-81d9-7b44cc5701c7,Warm,0,11.89,12,119.0
2026-06-30 20:50:44.647,43dcfb76-c8a0-446f-86b5-f25e3980edb6,Warm,0,12.56,13,119.0
2026-06-30 20:50:44.650,99fdd4a2-3bbe-49d2-8591-6e14b97caf9b,Warm,0,12.13,13,119.0
2026-06-30 20:50:44.651,30cf04c2-afe9-4371-8703-4a171894e6a4,Warm,0,11.67,12,119.0
2026-06-30 20:50:44.897,05503b96-f934-4a06-acba-84f55d11cf84,Warm,0,12.36,13,119.0
2026-06-30 20:50:45.745,b866a697-1579-4e39-b76d-a0c20b9bd909,Warm,0,12.18,13,119.0
2026-06-30 20:50:45.752,1302de3b-6163-4821-a1e2-755b3adf020d,Warm,0,13.52,14,119.0
2026-06-30 20:50:45.760,635a3050-fe8a-4a6b-bd8f-6f6fdc22282d,Warm,0,12.96,13,119.0
2026-06-30 20:50:45.762,6b4dff1e-0b93-49fe-a2bc-cd1f8033f170,Warm,0,14.43,15,119.0
2026-06-30 20:50:45.776,235757d8-765e-4838-95a7-3b8b115bc56a,Warm,0,13.49,14,119.0
2026-06-30 20:50:45.777,a1f412e9-0ff8-4d7c-b530-b514a0b66737,Warm,0,13.12,14,119.0
2026-06-30 20:50:45.778,01c619c8-faea-43b9-9ba8-1b5887bd87ba,Warm,0,12.34,13,119.0
2026-06-30 20:50:45.778,44ad7099-2ba8-48c4-900d-ffa969a78efa,Warm,0,13.3,14,119.0
2026-06-30 20:50:46.548,19dc832e-f6b5-4965-840a-e75f58ddd922,Warm,0,13.47,14,119.0
2026-06-30 20:50:46.549,8c12fc99-59c4-4c52-aa6d-e09adb1f4d5f,Warm,0,14.19,15,119.0
2026-06-30 20:50:46.554,e21d99fb-68bd-4a31-9fba-5625c3cdf63b,Warm,0,19.61,20,119.0
2026-06-30 20:50:46.564,66bfa623-e7d7-40f8-8cd5-57049d3be78f,Warm,0,12.91,13,119.0
2026-06-30 20:50:46.603,fc961576-a1c5-4a71-8820-a7c1d28f4ba6,Warm,0,13.83,14,119.0
2026-06-30 20:50:46.640,d8d76771-a321-43d3-852b-1959f334ca91,Warm,0,14.5,15,119.0
2026-06-30 20:50:47.147,8be2cb29-523e-4f21-8006-0c34f401017b,Warm,0,14.46,15,119.0
2026-06-30 20:50:47.150,9fdd36fc-ca46-4718-852f-8b45aea8f074,Warm,0,18.02,19,119.0
2026-06-30 20:50:47.150,d036b0a7-7fb0-4350-acc3-8ec9f69d0457,Warm,0,15.6,16,119.0
2026-06-30 20:50:47.151,d53d9b85-c063-4e3d-a894-bb63deaa66f8,Warm,0,14.42,15,119.0
2026-06-30 20:50:47.155,f2cbb96c-3349-4c60-9208-6a53d7f5f673,Warm,0,22.16,23,119.0
2026-06-30 20:50:48.149,14993c5d-2e25-46f4-bd19-c9b495dbb58a,Warm,0,12.3,13,119.0
2026-06-30 20:50:48.170,5ca094a9-9813-481c-aa38-502e7259e36c,Warm,0,14.43,15,119.0
2026-06-30 20:50:49.069,7d4506ce-2dfb-45b4-a974-27b64071899b,Warm,0,11.7,12,119.0
2026-06-30 20:50:49.087,6a270d28-8e97-4959-ac9b-7b888f692239,Warm,0,13.43,14,119.0
2026-06-30 20:50:49.845,0d1a40f3-c126-471a-8f99-dc239f2d504a,Warm,0,11.98,12,119.0
2026-06-30 20:50:49.870,afba5e2d-8f47-41d8-82f9-763d78096f3a,Warm,0,13.04,14,119.0
2026-06-30 20:50:49.870,4b3621df-d3fc-4502-b2c6-fead03ac9f43,Warm,0,14.31,15,119.0
2026-06-30 20:51:00.128,7b3ec37a-11dd-4ffe-92e6-b0a4a0b11506,Warm,0,44.06,45,119.0
2026-06-30 20:51:00.174,d8838402-3fed-4b73-9e39-ecb2c7ba3662,Warm,0,12.78,13,119.0
2026-06-30 20:51:01.111,9a0b960c-bd8a-485a-ac54-1414365bce40,Warm,0,12.66,13,119.0
2026-06-30 20:51:01.139,75f2ede6-c918-4325-80e5-1f4df6862975,Warm,0,40.11,41,119.0
2026-06-30 20:51:01.143,7780ea72-2008-4e20-a558-8de9a6654949,Warm,0,42.52,43,119.0
2026-06-30 20:51:01.145,a9834185-1487-40d5-a495-e5d458223e8c,Warm,0,43.56,44,119.0
2026-06-30 20:51:01.148,79ab907c-3990-4e4f-a8a6-b2f99a52adc1,Warm,0,49.36,50,119.0
2026-06-30 20:51:01.158,c97b7869-4ee9-45f9-ad24-e45e6e01a6b3,Warm,0,42.67,43,119.0
2026-06-30 20:51:01.176,7104e9e7-a113-4879-acda-c1e65ff93b22,Warm,0,65.94,66,119.0
2026-06-30 20:51:01.725,2c6de736-57d0-4c68-b144-c60915650ac4,Warm,0,12.54,13,119.0
2026-06-30 20:51:01.735,dace4fbf-af94-4c61-97b8-c74c2106fbb9,Warm,0,11.93,12,119.0
2026-06-30 20:51:01.747,5b8c05e3-68d9-44b9-acbb-2e4e95be9e84,Warm,0,13.63,14,119.0
2026-06-30 20:51:01.748,3b6e5a06-892a-447b-9eee-9afc26bb3be3,Warm,0,13.9,14,119.0
2026-06-30 20:51:01.753,6fe2f477-cd68-46a9-bd9f-cc7482bfc019,Warm,0,12.84,13,119.0
2026-06-30 20:51:01.772,5f4c9191-4c8d-46d9-9190-323256930014,Warm,0,12.76,13,119.0
2026-06-30 20:51:01.775,b46cfba3-8f73-4ce6-ada8-24bcef384712,Warm,0,13.77,14,119.0
2026-06-30 20:51:01.775,34ea00e7-998b-4639-8d4f-01ad2a37a85b,Warm,0,13.13,14,119.0
2026-06-30 20:51:01.778,76c00185-c042-4791-a68d-51dd8f52b1d0,Warm,0,12.87,13,119.0
2026-06-30 20:51:01.785,18f1114d-46d3-459f-a4d2-a5aa010ac00d,Warm,0,15.38,16,119.0
2026-06-30 20:51:02.696,76b7390c-9964-429c-a882-c7d161752f05,Warm,0,12.48,13,119.0
2026-06-30 20:51:02.697,790e7ef7-d0d6-454a-a450-8f48c492e9d2,Warm,0,16.03,17,119.0
2026-06-30 20:51:02.699,9629e7c6-9c6d-4aa4-9b7b-bda1f8a10f52,Warm,0,14.26,15,119.0
2026-06-30 20:51:02.700,0b01ec89-d43f-4904-ae2c-2ab80279ab71,Warm,0,13.95,14,119.0
2026-06-30 20:51:02.701,3c51edcb-3462-429f-ba6e-0195ea02d074,Warm,0,14.47,15,119.0
2026-06-30 20:51:02.703,e4b3be93-70d3-4180-9b2a-a3438a02293f,Warm,0,14.29,15,119.0
2026-06-30 20:51:02.708,e660605c-33b9-494a-a81c-c5d07a4878ab,Warm,0,14.29,15,119.0
2026-06-30 20:51:03.611,3a9c2bf0-2f0d-4954-a3eb-018dc8b313ff,Warm,0,13.3,14,119.0
2026-06-30 20:51:03.618,805ed64f-88b9-4d48-9e41-2020096e8f56,Warm,0,14.59,15,119.0
2026-06-30 20:51:03.623,e10b5caf-4d67-426b-bcd6-ddefbcdc3a73,Warm,0,12.58,13,119.0
2026-06-30 20:51:03.637,90dfa442-47ac-4e54-9b41-881a638ffb0f,Warm,0,14.64,15,119.0
2026-06-30 20:51:03.639,abdaddb4-1252-4493-affd-7c4c00e900e9,Warm,0,16.76,17,119.0
2026-06-30 20:51:03.640,36b0160b-2e9e-4b53-aaff-c5fc70e2c5a0,Warm,0,14.11,15,119.0
2026-06-30 20:51:03.648,473c0df8-15bd-407f-96b7-ad20e29bd663,Warm,0,17.39,18,119.0
2026-06-30 20:51:04.244,ea459204-61d4-4e7e-9ef4-4a1243b5d604,Warm,0,12.09,13,119.0
2026-06-30 20:51:04.244,f513034b-8e26-49f1-a4de-34b55dcf0d54,Warm,0,11.87,12,119.0
2026-06-30 20:51:04.244,afbcf670-abee-4f91-abac-e53c98e2cce0,Warm,0,12.56,13,119.0
2026-06-30 20:51:04.244,0cab83ed-c3a7-476d-bd1b-1d16d80b0b20,Warm,0,13.66,14,119.0
2026-06-30 20:51:04.245,dee5725d-7810-49df-8487-4cae749b1fc0,Warm,0,14.92,15,119.0
2026-06-30 20:51:04.245,f8b54db6-b415-4ffb-bf15-90d5e353977a,Warm,0,14.31,15,119.0
2026-06-30 20:51:04.251,e6b09b0a-0670-4a41-8c4a-7aa1f33aa684,Warm,0,14.61,15,119.0
2026-06-30 20:51:04.280,8fe2bff8-88b1-4b66-8d47-daab64bc5371,Warm,0,15.49,16,119.0
2026-06-30 20:51:04.285,00f5b30e-1a30-42c2-b25d-5747b16bcfae,Warm,0,20.69,21,119.0
2026-06-30 20:51:04.335,2a4287da-05ae-4bb5-ba5f-1f24827a8155,Warm,0,24.63,25,119.0
2026-06-30 20:51:05.141,ffa88e55-41f4-447a-b137-413eca4e975e,Warm,0,14.68,15,119.0
2026-06-30 20:51:05.142,cfc43059-9a72-4f0c-b8ec-c2c23fd9b17c,Warm,0,14.62,15,119.0
2026-06-30 20:51:05.143,6a4a9e85-55e3-427b-9150-76d75c5040a8,Warm,0,13.59,14,119.0
2026-06-30 20:51:05.143,9e93aa8d-26a9-406a-8359-24552ab7540a,Warm,0,13.62,14,119.0
2026-06-30 20:51:05.147,7cb85f11-c4e2-4a2b-8a8b-ae1614487448,Warm,0,13.13,14,119.0
2026-06-30 20:51:05.147,4cfffaaf-0f6f-46fd-891c-a8dcef0e7a0e,Warm,0,13.23,14,119.0
2026-06-30 20:51:05.151,486815b0-6106-41c6-9dff-8eedff729168,Warm,0,14.63,15,119.0
2026-06-30 20:51:05.221,1af35433-0ca0-49f9-bd9d-dfdc632ad6ad,Warm,0,13.7,14,119.0
2026-06-30 20:51:06.033,c4c47f28-77fd-49c7-8a15-debdc9af62fe,Warm,0,13.2,14,119.0
2026-06-30 20:51:06.034,a1dd28cb-1ba7-4189-8a00-2ac129731f13,Warm,0,12.78,13,119.0
2026-06-30 20:51:06.038,986dc176-6507-42b2-aff4-e549c4cd6bd7,Warm,0,13.41,14,119.0
2026-06-30 20:51:06.040,df0cb25f-9ed2-4629-8eb5-958ac860dbd4,Warm,0,14.87,15,119.0
2026-06-30 20:51:06.040,b9831bcd-ccaa-47ff-9bfd-5a4be4682ecb,Warm,0,13.69,14,119.0
2026-06-30 20:51:06.095,9356ca7d-e141-4f47-93f6-4eb6583547d9,Warm,0,19.4,20,119.0
2026-06-30 20:51:06.747,9b36a38e-829b-4390-9183-edfeda965572,Warm,0,13.74,14,119.0
2026-06-30 20:51:06.759,89fa7b71-ae01-4d39-aa02-da5060b4058a,Warm,0,13.47,14,119.0
2026-06-30 20:51:06.759,215db63a-a3d2-486b-bd86-5a7c83372829,Warm,0,13.81,14,119.0
2026-06-30 20:51:06.930,935f0d21-6e29-499d-b752-0bcbbf3d4d72,Warm,0,12.61,13,119.0
2026-06-30 20:51:06.961,23dfc28d-8c5b-4c70-a279-e5fc41c1ca7e,Warm,0,12.19,13,119.0
2026-06-30 20:51:07.828,649ff3dc-953d-4588-9e9d-526cc303c769,Warm,0,14.35,15,119.0
2026-06-30 20:51:07.848,3dd94438-d6b0-43ee-803c-3e712ab8d356,Warm,0,12.34,13,119.0
2026-06-30 20:51:08.702,48d1b672-5d34-4e85-a99b-ed2d85a21616,Warm,0,13.42,14,119.0
2026-06-30 20:51:08.710,a1efe665-d9da-4660-af7f-b3c70a365199,Warm,0,13.99,14,119.0
2026-06-30 20:51:17.202,52e5a025-bd32-4654-b2b4-3fa8b1c5134f,Warm,0,42.45,43,119.0
2026-06-30 20:51:17.203,e4db99b1-6e94-479f-91fd-e1a9b57e52c6,Warm,0,40.16,41,119.0
2026-06-30 20:51:18.145,5dc5d494-1615-40e5-b3a7-5b6bd992bda0,Warm,0,14.07,15,119.0
2026-06-30 20:51:18.151,3f4cf076-571a-4ab6-8917-794be90f95da,Warm,0,14.59,15,119.0
2026-06-30 20:51:18.178,0f4a82db-798c-4f22-b4f5-b41d4a221cde,Warm,0,40.33,41,119.0
2026-06-30 20:51:18.178,08340b5c-1e35-4736-a369-dca34b2a129e,Warm,0,39.67,40,119.0
2026-06-30 20:51:18.187,9f95f37f-2637-4b51-8198-935af788ba99,Warm,0,41.58,42,119.0
2026-06-30 20:51:18.944,1b57c82e-369d-4dd4-a0ad-14b8ea721601,Warm,0,15.33,16,119.0
2026-06-30 20:51:18.949,d094efff-d0d2-4d51-b2d2-3ac31ffa0dc2,Warm,0,13.3,14,119.0
2026-06-30 20:51:18.950,e0066f1b-e7d8-4c49-a17f-1ca9e2df87ba,Warm,0,14.23,15,119.0
2026-06-30 20:51:18.964,28f954fc-0c47-488e-917c-961bb45c805d,Warm,0,12.54,13,119.0
2026-06-30 20:51:18.965,967a9114-9d83-43fd-a8a4-370e990dbd28,Warm,0,13.59,14,119.0
2026-06-30 20:51:19.853,e0a2b738-cfcc-4589-89c5-1d5528eec51d,Warm,0,11.97,12,119.0
2026-06-30 20:51:19.853,eaadef6d-ebdb-4962-bea9-22cd71a5e5b1,Warm,0,12.39,13,119.0
2026-06-30 20:51:19.856,8adba3d8-1673-4757-91f8-3f237fb2ee9f,Warm,0,14.67,15,119.0
2026-06-30 20:51:19.880,c02f11dd-e949-464a-bbd6-ffa21576c771,Warm,0,12.29,13,119.0
2026-06-30 20:51:19.881,26c36c8e-4aef-486a-bce2-117f56b525ab,Warm,0,14.08,15,119.0
2026-06-30 20:51:19.882,e1339729-9246-4569-a5e9-6ddb164474a2,Warm,0,13.51,14,119.0
2026-06-30 20:51:20.547,74775726-dbab-41ac-8a26-187ecb79a491,Warm,0,13.61,14,119.0
2026-06-30 20:51:20.561,4730e30a-dadb-47aa-b8eb-7529eec01acb,Warm,0,13.5,14,119.0
2026-06-30 20:51:20.563,5ce3a0bf-e6d6-4a18-8423-215650f24bf5,Warm,0,13.66,14,119.0
2026-06-30 20:51:20.579,f35cd0d7-f69f-4032-9917-19e52963077a,Warm,0,14.02,15,119.0
2026-06-30 20:51:20.581,f3de8996-37b4-4673-84de-d1bb3d58eb14,Warm,0,11.57,12,119.0
2026-06-30 20:51:20.582,62ea3b2d-ded6-4bd9-8d5a-90d66c553ec8,Warm,0,13.46,14,119.0
2026-06-30 20:51:20.582,9a3293d1-46fd-42a5-a86b-7bd318ab9be8,Warm,0,14.53,15,119.0
2026-06-30 20:51:21.477,d5a52e2b-a2a4-4c15-950e-7845f8c5142c,Warm,0,11.52,12,119.0
2026-06-30 20:51:21.479,0656152d-1b34-4d11-9ad8-816e3b22ed1b,Warm,0,12.71,13,119.0
2026-06-30 20:51:21.482,43c9906f-1370-46c1-a038-5a204227a9a5,Warm,0,14.34,15,119.0
2026-06-30 20:51:21.484,bd14d415-0d9e-4144-8e7f-420a3a46f0fc,Warm,0,16.55,17,119.0
2026-06-30 20:51:21.489,2216e4f9-a6b2-4363-a009-3ff0fa669e07,Warm,0,12.27,13,119.0
2026-06-30 20:51:21.517,08067d84-1c11-457c-ab12-fb18138f9693,Warm,0,40.28,41,119.0
2026-06-30 20:51:22.066,068939a8-e9ac-440b-970f-f1a9d07ccf3b,Warm,0,15.08,16,119.0
2026-06-30 20:51:22.070,4e9a42fb-8010-46f4-a6f4-bfc7766aabe3,Warm,0,12.43,13,119.0
2026-06-30 20:51:22.130,8f5f3443-4282-4ab7-a3bf-e0c7b7d3a1da,Warm,0,14,14,119.0
2026-06-30 20:51:22.274,1d37f0b7-87a6-49fa-b7de-cd64a5c8b43c,Warm,0,13.59,14,119.0
2026-06-30 20:51:22.309,9339b3ed-e715-4aa1-9f10-a38949082181,Warm,0,14.62,15,119.0
2026-06-30 20:51:22.319,af4cc5f6-0d3c-4648-add6-6dea8998beeb,Warm,0,13.91,14,119.0
2026-06-30 20:51:22.320,e71df79a-4c93-4af1-b69f-51907288adb0,Warm,0,12.78,13,119.0
2026-06-30 20:51:22.320,6debd1cb-f5bd-443a-a96e-aa6bb7b7cbb5,Warm,0,13.1,14,119.0
2026-06-30 20:51:23.267,bccceefb-62d3-4a78-9c4d-23178e6c5f0b,Warm,0,12.79,13,119.0
2026-06-30 20:51:23.269,528052ba-00a6-4ec5-a759-6fe3cc40fbcf,Warm,0,12.57,13,119.0
2026-06-30 20:51:23.270,124204bb-a5bc-4510-8f3e-596d3e5b25b9,Warm,0,13.44,14,119.0
2026-06-30 20:51:23.276,25bdb200-d9bb-40c5-a7ff-6c460eedb282,Warm,0,12.75,13,119.0
2026-06-30 20:51:23.280,7f8b7613-438b-44d6-b4cd-b6621eef345a,Warm,0,12.52,13,119.0
2026-06-30 20:51:23.302,f706ad7b-2dec-4d3c-b956-842aa2a588e9,Warm,0,13.31,14,119.0
2026-06-30 20:51:23.302,f777a27d-ee4d-49a4-8796-63630a37640a,Warm,0,12.48,13,119.0
2026-06-30 20:51:24.058,8e36069f-d862-48fd-8381-49d6a427f959,Warm,0,12.96,13,119.0
2026-06-30 20:51:24.077,d5db115a-3ccb-490d-9e34-3aa508d22774,Warm,0,11.15,12,119.0
2026-06-30 20:51:24.079,2c66255f-f46e-4285-8936-91839995c3cc,Warm,0,12.7,13,119.0
2026-06-30 20:51:24.091,b60d2a40-6a74-4e2c-9b55-543e8c40730f,Warm,0,14,14,119.0
2026-06-30 20:51:24.882,eff621c9-a292-44fa-86c0-058331b06056,Warm,0,13.66,14,119.0
2026-06-30 20:51:24.902,3a7f85f2-f318-4dfa-9a0f-732a528543f6,Warm,0,14.67,15,119.0
2026-06-30 20:51:24.904,f423f9a9-ed2c-41d5-8a22-883990882123,Warm,0,12.16,13,119.0
2026-06-30 20:51:24.909,b85b918c-a964-4b56-8463-a4173583fb9f,Warm,0,13.27,14,119.0
2026-06-30 20:51:24.909,e50f4ec5-93b5-4288-a39f-3ad352697b7f,Warm,0,15.08,16,119.0
2026-06-30 20:51:25.658,94e21128-e59b-4c96-ae3e-15984f6e409e,Warm,0,13.54,14,119.0
2026-06-30 20:51:25.684,604e7660-2f9a-4532-bb21-b34fef35873e,Warm,0,12.02,13,119.0
2026-06-30 20:51:25.686,3fdba9fb-c962-4f84-8857-365cf7ca8897,Warm,0,12.96,13,119.0
2026-06-30 20:51:25.687,b75a0a5a-c40e-40c9-b398-e749ab63112e,Warm,0,12.55,13,119.0
2026-06-30 20:51:26.554,99b85b07-d076-4dcb-bd40-cbbb6efbdb4f,Warm,0,12.05,13,119.0
2026-06-30 20:51:26.555,277112d7-44ca-4294-8ff2-572f7c56b5bc,Warm,0,12.19,13,119.0
2026-06-30 20:51:27.479,b8532769-f472-4535-ad03-e5e741b3262d,Warm,0,12.37,13,119.0
2026-06-30 20:51:27.484,19a269e2-1d21-41dd-ad74-11a69e4850bc,Warm,0,12.71,13,119.0
2026-06-30 20:51:27.513,b4d9dd32-d8af-4c0b-8a3c-8503359b836c,Warm,0,13.49,14,119.0
2026-06-30 20:51:28.070,a9e1d39b-e0c1-4c9c-a201-6c303032171a,Warm,0,13.7,14,119.0
2026-06-30 20:51:28.291,e2ae9157-d432-4b50-ab3c-7eb151d22a65,Warm,0,12.35,13,119.0
2026-06-30 20:52:45.031,c1c44ba5-4d9f-4099-90e9-5be0a309a925,Warm,0,78,79,119.0
2026-06-30 20:52:45.031,5a7b65d2-fd67-439a-b4c3-b75ad531ae0f,Warm,0,72.2,73,119.0
2026-06-30 20:52:45.035,7a1fc682-65b1-4d90-b611-0413d6934b13,Warm,0,72.03,73,119.0
2026-06-30 20:52:45.065,e7c96dbf-c3c3-459e-8d8e-06fc74572b98,Warm,0,106.92,107,119.0
2026-06-30 20:52:45.067,4eebcc22-f61e-4cb3-9483-5840a30c27b3,Warm,0,104.25,105,119.0
2026-06-30 20:52:45.702,578df63f-9dd0-48b1-82bd-def8c30cdbb2,Warm,0,43.76,44,119.0
2026-06-30 20:52:45.719,16678e9a-3d0f-4774-854e-eb3c137daace,Warm,0,42.77,43,119.0
2026-06-30 20:52:45.727,a70b246f-d573-466f-b116-03ff3e7e6e49,Warm,0,50.8,51,119.0
2026-06-30 20:52:45.957,abeda600-5adf-4d88-98d3-6f6702ab118d,Warm,0,47.25,48,119.0
2026-06-30 20:52:46.883,17c093c5-967a-4e7b-bf3a-7be237eb0df0,Warm,0,43.04,44,119.0
2026-06-30 20:52:46.888,a71e402c-29ba-4b02-9aac-eee03db61e27,Warm,0,42.54,43,119.0
2026-06-30 20:52:46.923,ae814200-ec84-45e9-a7af-3763a44d696a,Warm,0,47.61,48,119.0
2026-06-30 20:52:47.680,a85af658-86ab-4c4f-90bb-cf43243050e0,Warm,0,42.4,43,119.0
2026-06-30 20:52:47.681,9e1988cc-e4e7-4808-9123-fa15c2d5ce69,Warm,0,43.52,44,119.0
2026-06-30 20:52:47.681,2d7a1f63-a23c-49b0-a1f4-32398c1517f5,Warm,0,42.21,43,119.0
2026-06-30 20:52:47.682,9b300285-3ef5-4c12-959a-e54d415e939d,Warm,0,44.4,45,119.0
2026-06-30 20:52:48.597,80f5b7ac-1e1c-4760-98fa-45eecb1fcf6a,Warm,0,43.55,44,119.0
2026-06-30 20:52:48.598,82262ef0-0788-4800-bfe2-d5f325ab77d8,Warm,0,44.94,45,119.0
2026-06-30 20:52:48.600,7fb536db-f288-43e9-9d6b-7af6e836b11a,Warm,0,45.22,46,119.0
2026-06-30 20:52:48.611,0864a406-82a5-4ba9-89b0-e77e049b6102,Warm,0,45.63,46,119.0
2026-06-30 20:52:49.297,024f19bd-286e-4792-9fc3-8faaddde6bd7,Warm,0,43.19,44,119.0
2026-06-30 20:52:49.313,8ff100bb-bfde-4949-abae-07b176451237,Warm,0,46.81,47,119.0
2026-06-30 20:52:50.983,4f34504f-5ea3-47c3-b84b-4976f62d3a94,Warm,0,14.71,15,119.0
2026-06-30 20:52:50.991,61ff843f-33e6-4d4e-bf98-cbe774c87b26,Warm,0,11.88,12,119.0
2026-06-30 20:52:51.043,7e6cb1de-eedb-43d1-b2b0-4f35468315b3,Warm,0,47.07,48,119.0
2026-06-30 20:52:51.776,f9288a61-250c-4b8e-a170-c04c6d3b217a,Warm,0,12.64,13,119.0
2026-06-30 20:52:51.777,79af0a08-ed78-4f6a-b2a2-4742cfefe8b0,Warm,0,12.43,13,119.0
2026-06-30 20:52:51.777,f493d9e5-ee6f-443a-9807-7aa281de5d1c,Warm,0,11.32,12,119.0
2026-06-30 20:52:51.779,aa9ff3a9-6036-4955-b4c7-e6830210911c,Warm,0,13.54,14,119.0
2026-06-30 20:52:51.799,d94e581b-a2f9-4a8f-af0e-23bcf7da79a8,Warm,0,17.44,18,119.0
2026-06-30 20:52:51.805,7a95d86e-d7bb-4499-99c9-d60ec8586e13,Warm,0,38.36,39,119.0
2026-06-30 20:52:51.820,2d78bca2-1c43-4386-a94e-1386f3cbd75f,Warm,0,43.55,44,119.0
2026-06-30 20:52:51.822,00990384-b781-45c5-98d0-151df3571b73,Warm,0,45.35,46,119.0
2026-06-30 20:52:51.826,81a103a1-85e8-4d8a-9ccb-2ac15abf2217,Warm,0,46.77,47,119.0
2026-06-30 20:52:52.536,9db2d897-00ab-45d3-9f02-904cde85b8a4,Warm,0,13.1,14,119.0
2026-06-30 20:52:52.540,678283b9-cafa-42ca-9ceb-e717cd98940c,Warm,0,12.72,13,119.0
2026-06-30 20:52:52.542,fe544227-0747-4e1c-99ed-15c0c322ba6f,Warm,0,11.99,12,119.0
2026-06-30 20:52:52.543,65f303c6-199f-4ad9-a5c0-f509aa1343ce,Warm,0,12.99,13,119.0
2026-06-30 20:52:52.543,a983d316-ce80-4104-80b2-57697680c278,Warm,0,14.01,15,119.0
2026-06-30 20:52:52.543,c3ef7df8-9373-48c3-8809-e540074f75ce,Warm,0,14.03,15,119.0
2026-06-30 20:52:52.544,cd36097b-a7b6-424e-ad29-d5f62d063215,Warm,0,14.06,15,119.0
2026-06-30 20:52:52.551,9e20d43c-69cd-4146-ab46-739ea14483dd,Warm,0,11.92,12,119.0
2026-06-30 20:52:52.555,b0da251f-0630-48aa-9b83-d3b181373228,Warm,0,14.5,15,119.0
2026-06-30 20:52:52.748,fe1aa683-0037-419c-8928-299f5f431a3a,Warm,0,15.27,16,119.0
2026-06-30 20:52:52.772,2547c828-22de-4e50-8bd9-c756bdc3e334,Warm,0,13.89,14,119.0
2026-06-30 20:52:52.895,d382eaf0-51dd-425d-b2ce-e49d36bafb08,Cold,773.15,46.49,820,118.0
2026-06-30 20:52:53.522,46ed3c8f-1b21-4593-8074-bd9095057327,Warm,0,14.5,15,118.0
2026-06-30 20:52:53.534,0ea6f8cb-e5a9-4e86-a90b-c0a289e21916,Warm,0,14.67,15,119.0
2026-06-30 20:52:53.534,43d6fea7-323b-4754-bd62-036bd5d7cc8d,Warm,0,13.1,14,119.0
2026-06-30 20:52:53.538,20271d07-518d-4a64-9afa-d4cec21a73ed,Warm,0,14.6,15,119.0
2026-06-30 20:52:53.539,e9f2092b-d9d6-4502-b5ec-e0a9e5e99cb6,Warm,0,13.23,14,119.0
2026-06-30 20:52:53.548,44b7c169-c1c6-4410-bc09-c0ffab150d53,Warm,0,12.56,13,119.0
2026-06-30 20:52:53.548,9c2a4d8f-4b8c-4109-b7d2-244ccb8831e0,Warm,0,14.07,15,118.0
2026-06-30 20:52:53.550,651e69d2-7e59-4859-b325-4fef4ed86cc0,Warm,0,12.9,13,119.0
2026-06-30 20:52:53.550,be6c5e50-06d1-43c1-be38-f482d5566b15,Warm,0,13.71,14,119.0
2026-06-30 20:52:53.551,97430609-9257-49bc-93c3-b3322a7b1273,Warm,0,12.99,13,119.0
2026-06-30 20:52:54.306,a9097d5d-1f71-4678-8a4b-9589bba3f77e,Warm,0,13.94,14,119.0
2026-06-30 20:52:54.306,17ca1f55-f2c7-41e1-bb48-2d9120bb713d,Warm,0,12.77,13,119.0
2026-06-30 20:52:54.307,971d5da9-2df0-4e5f-89cd-2be951874587,Warm,0,13.01,14,119.0
2026-06-30 20:52:54.308,ed69908d-6050-4906-aeef-b83ab655c6fb,Warm,0,13.31,14,118.0
2026-06-30 20:52:54.324,eddc7e2a-666d-4bab-abec-40d5b02e7c8d,Warm,0,13.61,14,119.0
2026-06-30 20:52:54.331,08852395-bf85-414c-bf94-d51a0fc9b352,Warm,0,14.51,15,118.0
2026-06-30 20:52:54.331,04e9fda5-e621-420b-933b-29370f1787eb,Warm,0,12.91,13,119.0
2026-06-30 20:52:54.332,e1c74613-a5a9-4840-88ba-5543fcc8a154,Warm,0,14.44,15,119.0
2026-06-30 20:52:54.333,3c9fb912-f410-4028-a476-ed3f3d61552e,Warm,0,23.3,24,119.0
2026-06-30 20:52:54.341,b97d559f-c52d-440d-b83d-f8b2c9dddb20,Warm,0,47.26,48,119.0
2026-06-30 20:52:54.516,1f8036e0-0b10-45f0-92e0-0a5a3a87796e,Warm,0,11.53,12,119.0
2026-06-30 20:52:55.191,6c44b4ae-8baa-40b6-83d0-292656e273c4,Warm,0,12.28,13,119.0
2026-06-30 20:52:55.201,6630a018-b8cd-4bd1-b062-bce362bdeeba,Warm,0,13.21,14,119.0
2026-06-30 20:52:55.202,c908c2b4-2226-440b-8915-5a57cf5e9e59,Warm,0,12.29,13,119.0
2026-06-30 20:52:55.203,b50559aa-2b45-43c6-b3e0-5e72edd8d460,Warm,0,12.14,13,119.0
2026-06-30 20:52:55.208,5acd3f0a-e0de-477f-ae49-dc43586e86ac,Warm,0,14.99,15,119.0
2026-06-30 20:52:55.210,119c0bbb-132b-418e-bba1-069b91cbbbe1,Warm,0,19.67,20,118.0
2026-06-30 20:52:55.211,3fb93667-4ddb-4e2c-92c0-67286a58712a,Warm,0,13.62,14,119.0
2026-06-30 20:52:55.224,a657b7f8-eac8-4f15-a8b9-332926e38887,Warm,0,12.91,13,119.0
2026-06-30 20:52:55.853,d4b2766f-0ab5-4913-890c-4085137e30c6,Warm,0,13.8,14,119.0
2026-06-30 20:52:56.067,54973fb2-ade8-47ee-bfe8-6df4d42dc6db,Warm,0,12.71,13,119.0
2026-06-30 20:52:56.073,12e5593f-1c6b-4c6a-8c4b-7484f116456f,Warm,0,12.32,13,119.0
2026-06-30 20:52:56.073,125d3ed1-f5a3-4dc9-b814-3c3167864890,Warm,0,12.02,13,118.0
2026-06-30 20:52:56.078,300ba414-14fc-4883-a8ba-e633a8cfa952,Warm,0,13.74,14,119.0
2026-06-30 20:52:56.081,8d3790a8-915a-407f-9f54-7caca5c5f6ea,Warm,0,13.12,14,119.0
2026-06-30 20:52:56.083,0293bab9-ec2c-4f30-ba95-3e2f533f76e2,Warm,0,13.79,14,119.0
2026-06-30 20:52:57.059,cea8f70a-5741-4149-97c4-ef400c61d6ba,Warm,0,14.95,15,119.0
2026-06-30 20:52:57.064,69b1e7d7-9384-4608-bfa7-c6cab05b72bb,Warm,0,12.71,13,119.0
2026-06-30 20:52:57.072,a7541ddf-baef-41b5-ae67-c78b08e2f2b0,Warm,0,13.55,14,119.0
2026-06-30 20:52:57.077,08ee70b7-db0b-42c1-832d-8390ba8edefc,Warm,0,14.58,15,118.0
2026-06-30 20:52:57.078,c0036bbc-a8fc-4819-a5cd-1fb512fb1276,Warm,0,12.27,13,119.0
2026-06-30 20:52:57.864,57a7f04d-92cd-45ed-a561-a189dd9f84ed,Warm,0,12.27,13,119.0
2026-06-30 20:53:05.586,39c22732-192f-42b3-a541-da36d6a648e0,Warm,0,40.58,41,119.0
2026-06-30 20:53:05.590,d54c3b9b-1b52-4438-a61a-f4afcea97512,Warm,0,42.18,43,119.0
2026-06-30 20:53:05.596,54ef8703-39a5-4016-b685-6fd4bea61d20,Warm,0,41.3,42,119.0
2026-06-30 20:53:06.113,18ca355e-101d-4582-88b9-91e83d37ec7d,Warm,0,12.76,13,119.0
2026-06-30 20:53:06.119,816cb412-94a0-435f-a968-df09e4788d58,Warm,0,13.26,14,119.0
2026-06-30 20:53:06.309,593e8dc7-00c0-4246-b50b-64615214db51,Warm,0,16.46,17,119.0
2026-06-30 20:53:06.315,f2eaddfa-0c1a-4ba5-a6e7-d98610199980,Warm,0,12.71,13,119.0
2026-06-30 20:53:06.316,83bb4b95-46f1-4233-8f41-0cd082314cdc,Warm,0,14.45,15,119.0
2026-06-30 20:53:06.343,330d6047-781d-4c7d-82e6-e864d5b8cf16,Warm,0,13.21,14,119.0
2026-06-30 20:53:06.345,c8390fd0-46f5-4886-b834-94143fd7616a,Warm,0,42.34,43,119.0
2026-06-30 20:53:06.345,1dae0e43-5adf-4b68-88e2-ca9f3820ab4d,Warm,0,17.5,18,119.0
2026-06-30 20:53:06.346,1e482ec2-28bb-4b75-b178-f23feb699eb8,Warm,0,14.07,15,119.0
2026-06-30 20:53:06.373,fff0e08e-208b-4a49-8246-e4e3082ba078,Warm,0,39.37,40,119.0
2026-06-30 20:53:07.102,801e318f-70eb-4e0d-b8da-dee8b3a2477b,Warm,0,12.99,13,119.0
2026-06-30 20:53:07.110,48776ee2-f7f0-47ec-8211-f1a5b649c8f2,Warm,0,18.12,19,119.0
2026-06-30 20:53:07.111,8c0d05b9-354d-49c4-b08a-fb3e98ae0a29,Warm,0,12.15,13,119.0
2026-06-30 20:53:07.112,f363be43-f287-47cc-afe3-9607e7595112,Warm,0,12.71,13,119.0
2026-06-30 20:53:07.112,90368c16-2bd5-4a05-9e2f-d631518847b5,Warm,0,12.38,13,119.0
2026-06-30 20:53:07.132,5d9f740a-ec1b-4bc0-b85e-7046c05f2750,Warm,0,13.21,14,119.0
2026-06-30 20:53:07.134,e4c08075-a0d7-4e03-80e3-d92d67e3e852,Warm,0,14.31,15,119.0
2026-06-30 20:53:08.125,17272f7e-75da-4618-9ab3-3d312b9d381d,Warm,0,13.04,14,119.0
2026-06-30 20:53:08.136,f996f45f-2f97-414c-bc55-c2c864ffa6b3,Warm,0,11.22,12,119.0
2026-06-30 20:53:08.137,3e1e8d81-b9a8-4d1a-9205-efd9e134ce45,Warm,0,13.39,14,119.0
2026-06-30 20:53:08.137,69563fea-9350-49e4-8d89-8c36161ebaa9,Warm,0,12.53,13,119.0
2026-06-30 20:53:08.139,634397cc-5671-4e84-afce-4fb27e07ba4a,Warm,0,14.07,15,119.0
2026-06-30 20:53:08.170,edd32621-9ccc-4701-aceb-9b72c9c6d894,Warm,0,42.24,43,119.0
2026-06-30 20:53:08.182,ea1c04b5-1588-4307-a4f9-032043874ba9,Warm,0,13.92,14,119.0
2026-06-30 20:53:08.182,0e3e596a-8798-471a-a99f-fba7288f7ec1,Warm,0,13.36,14,119.0
2026-06-30 20:53:08.909,31bf1c5a-a32b-4105-9452-ee1c99ee0a41,Warm,0,10.95,11,119.0
2026-06-30 20:53:08.924,385c53e0-f975-409d-8417-950e6e5ecdbf,Warm,0,15.24,16,119.0
2026-06-30 20:53:08.924,88c29cce-94de-4064-81b9-2685a081be7c,Warm,0,13.19,14,119.0
2026-06-30 20:53:08.925,755ea0ef-3131-4921-a1de-58c6e8e43de1,Warm,0,12.54,13,119.0
2026-06-30 20:53:08.926,43bd2e5a-90dc-4b43-aed4-55329d2c8681,Warm,0,13.56,14,119.0
2026-06-30 20:53:08.927,75cbae46-11e7-4c8d-91e5-6cb0f6974c2e,Warm,0,13.53,14,119.0
2026-06-30 20:53:08.950,4da92862-a835-447f-a578-a5b10e079bff,Warm,0,37.77,38,119.0
2026-06-30 20:53:09.696,5a62bd61-d016-4331-8987-a00398413b15,Warm,0,12.63,13,119.0
2026-06-30 20:53:09.705,4bcefae4-f0e2-469e-b6a3-cbbaa3d6f414,Warm,0,13.32,14,119.0
2026-06-30 20:53:09.710,fbc8cb5e-b618-47af-85a9-0bca46d609dd,Warm,0,13.1,14,119.0
2026-06-30 20:53:09.712,02c2a2b1-9623-408c-ac1c-d25bcf6f908d,Warm,0,12.92,13,119.0
2026-06-30 20:53:09.713,81e9046a-dcc5-4b8c-bf28-3d5a4959a496,Warm,0,12.9,13,119.0
2026-06-30 20:53:09.745,e92f6a70-9c31-4912-93f5-ccd4c780777f,Warm,0,13.82,14,119.0
2026-06-30 20:53:10.728,17cba5f2-3a0b-4842-947a-977c3fadf70e,Warm,0,12.69,13,119.0
2026-06-30 20:53:10.729,d9bff9b2-c06e-4570-9cb8-e65e829dd9f4,Warm,0,13,14,119.0
2026-06-30 20:53:10.730,c8d728c6-2978-479f-b96c-8a95355d8b18,Warm,0,14.34,15,119.0
2026-06-30 20:53:10.732,5c7a79a2-933b-4ef1-b11e-cf432a669af2,Warm,0,13.47,14,119.0
2026-06-30 20:53:10.733,a3149fb6-d649-43ec-aa03-bd10e78b89f5,Warm,0,13.02,14,119.0
2026-06-30 20:53:10.772,63cf24e3-b70c-4101-b1b9-f99d529ec11c,Warm,0,22.55,23,119.0
2026-06-30 20:53:11.524,24b4ef85-757a-47c2-8ab1-0060aa182617,Warm,0,15.78,16,119.0
2026-06-30 20:53:11.537,deca6ccc-ca62-4e7f-af37-1106818eda24,Warm,0,13.81,14,119.0
2026-06-30 20:53:11.541,fbb839f0-53de-4f3b-8987-852389194394,Warm,0,13.36,14,119.0
2026-06-30 20:53:11.541,4f29f0dc-1284-4920-a82a-7043e1597b58,Warm,0,12.33,13,119.0
2026-06-30 20:53:11.541,e06b09fd-cffb-4812-b174-7e2d5c04de15,Warm,0,13.41,14,119.0
2026-06-30 20:53:11.542,8c0557c4-7482-45bf-a197-df26db025edd,Warm,0,15.28,16,119.0
2026-06-30 20:53:12.121,eca43068-07d4-4495-b5f8-903068afdcd9,Warm,0,12.96,13,119.0
2026-06-30 20:53:12.123,686bce51-b289-4644-8b03-0b7a8b78a87f,Warm,0,14.49,15,119.0
2026-06-30 20:53:12.137,d523e82e-8a19-4eca-8e17-371d0229a73a,Warm,0,14.46,15,119.0
2026-06-30 20:53:12.337,b9cc4e8e-124f-4f83-a9e6-c4fc7576efa9,Warm,0,13.46,14,119.0
2026-06-30 20:53:12.350,b841cab0-d7b6-464f-b84d-90e9e32e5022,Warm,0,12.96,13,119.0
2026-06-30 20:53:12.351,6d273e1f-7d76-4a10-bcff-f2dffc57c6a6,Warm,0,13.37,14,119.0
2026-06-30 20:53:12.361,ae89a4cd-64d7-4a44-ab53-116edd76bac1,Warm,0,14.61,15,119.0
2026-06-30 20:53:13.123,c2be2d09-a949-487c-b21d-cd6f3614886d,Warm,0,11.99,12,119.0
2026-06-30 20:53:13.127,5ce5664c-27d5-42c4-8b67-a86f2670ae05,Warm,0,13.68,14,119.0
2026-06-30 20:53:13.155,2e73a1bb-cb10-4d0b-a6aa-70f14acc4544,Warm,0,14.62,15,119.0
2026-06-30 20:53:13.160,0de40700-1526-4fa5-bb2f-77b3ac20f198,Warm,0,12.86,13,119.0
2026-06-30 20:53:13.913,883db9f3-5911-44f7-8e99-18ae4eef25b6,Warm,0,13.56,14,119.0
2026-06-30 20:53:13.914,8bde0e32-ecd8-4dbb-9f48-746004c9c3b6,Warm,0,13.63,14,119.0
2026-06-30 20:53:22.601,aa0b9e8d-cdf4-4c0e-94bb-aa65089bc6a4,Warm,0,40.57,41,119.0
2026-06-30 20:53:22.623,b414aecd-ba94-4542-85d2-5e7628e84c5e,Warm,0,42,42,119.0
2026-06-30 20:53:22.623,226e6e4a-7db4-42c1-9c9d-4f1d86c8981a,Warm,0,41.14,42,119.0
2026-06-30 20:53:22.625,797da76f-8827-4857-b4e9-4ac11b0b381a,Warm,0,42.98,43,119.0
2026-06-30 20:53:22.677,4c63ca77-4ea3-4bfb-8295-02f1fbdd21c9,Warm,0,14.09,15,119.0
2026-06-30 20:53:23.138,485e9003-e407-4ff0-8d34-d62bffd3792f,Warm,0,13.78,14,119.0
2026-06-30 20:53:23.146,499010f4-dfd8-408e-b6d5-facf93b16cab,Warm,0,11.8,12,119.0
2026-06-30 20:53:23.165,593c1c09-b647-4c24-9432-51af0c8c9b12,Warm,0,13.07,14,119.0
2026-06-30 20:53:23.168,c4f895c1-495d-4a46-8c9f-faea2a6e20b6,Warm,0,13.24,14,119.0
2026-06-30 20:53:23.352,442f7533-1ef4-4ffe-8def-69b7d54ec216,Warm,0,11.94,12,119.0
2026-06-30 20:53:23.352,bf520c3e-960c-4683-af7a-97a8057485ff,Warm,0,12.68,13,119.0
2026-06-30 20:53:23.357,51bb8852-549d-4802-bc8b-7e7e6110f6d4,Warm,0,12.48,13,119.0
2026-06-30 20:53:23.359,87ba2fe9-6b2c-4a87-bb7c-212b5d3e0135,Warm,0,14.67,15,119.0
2026-06-30 20:53:23.384,1f755946-74c6-44d3-acbf-edf04ff21510,Warm,0,38.7,39,119.0
2026-06-30 20:53:23.390,0ba1b971-4fd9-47c2-a9ab-6a87806819c4,Warm,0,42.5,43,119.0
2026-06-30 20:53:23.392,54b5a33b-7806-4453-934d-fed4d24b674a,Warm,0,43.19,44,119.0
2026-06-30 20:53:24.141,e25429cb-5ffd-43a6-b13e-d93e2df21956,Warm,0,12.62,13,119.0
2026-06-30 20:53:24.152,27afd7f4-d79e-4fd9-8afa-ffccf50ddbff,Warm,0,13.03,14,119.0
2026-06-30 20:53:24.204,6c0b7119-3972-4753-ab99-380de2540704,Warm,0,15.89,16,119.0
2026-06-30 20:53:24.217,1c7985f6-5d0e-4491-a338-8f6372a5b387,Warm,0,12.25,13,119.0
2026-06-30 20:53:24.217,bfb30ca2-8fd3-4024-b263-42df12b70a5b,Warm,0,13.51,14,119.0
2026-06-30 20:53:24.218,d9afea93-6077-4b65-84cc-d90baa436102,Warm,0,14.01,15,119.0
2026-06-30 20:53:24.218,e280bb8b-2738-4f72-adf5-bf4325a58276,Warm,0,13.08,14,119.0
2026-06-30 20:53:24.219,290d4e79-3ae1-4a3d-a9cf-ad24dc465c27,Warm,0,14.49,15,119.0
2026-06-30 20:53:24.220,7d3a2e57-95fa-45de-9772-575df998ad05,Warm,0,13.36,14,119.0
2026-06-30 20:53:24.251,4f3f1124-05fb-49d2-9e46-3c38b5813605,Warm,0,38.54,39,119.0
2026-06-30 20:53:24.251,62f9d7e1-d3e3-4ad0-9938-77b6a5e4198b,Warm,0,42.37,43,119.0
2026-06-30 20:53:24.255,02d39514-9d52-44ac-bade-9056587e8587,Cold,634.61,45.77,681,118.0
2026-06-30 20:53:24.949,ef986b67-f977-4b58-837b-a8132f63f930,Warm,0,14.2,15,118.0
2026-06-30 20:53:24.996,332ee786-df45-4bc3-922c-e8209c811145,Warm,0,12.55,13,118.0
2026-06-30 20:53:25.145,e4db767a-167b-42cc-8944-d9ddde6dd303,Warm,0,12.87,13,118.0
2026-06-30 20:53:25.145,45c17330-e998-4b2c-9290-0b2838cb4652,Warm,0,12.37,13,119.0
2026-06-30 20:53:25.153,efecb026-b1d4-48d1-9107-10dc9e1ce3ce,Warm,0,14.36,15,119.0
2026-06-30 20:53:25.156,9f75f6cf-60db-41e3-8db8-4599b95e97b2,Warm,0,13.97,14,119.0
2026-06-30 20:53:25.160,01d2ad39-3822-41a3-a238-15a003087530,Warm,0,12.31,13,119.0
2026-06-30 20:53:25.168,4179bec8-3883-4e05-9326-a2edd50b0ffb,Warm,0,11.99,12,119.0
2026-06-30 20:53:25.171,a93830cf-4f8e-4895-8e26-d392c2426e90,Warm,0,13.22,14,118.0
2026-06-30 20:53:25.201,d17b8aa9-9015-4cf6-8000-10387431b17a,Warm,0,13.76,14,118.0
2026-06-30 20:53:25.781,79262b7e-1653-400c-88b5-221081fc5c73,Warm,0,13.08,14,118.0
2026-06-30 20:53:25.782,036001e9-f418-4f90-8aa1-41afc2170c74,Warm,0,12.76,13,119.0
2026-06-30 20:53:25.791,f9f2e79e-5414-48c4-99fc-05b4b89aac1f,Warm,0,16.79,17,119.0
2026-06-30 20:53:25.812,82378208-0c8a-4970-af2e-2af6de0a29ee,Warm,0,13.64,14,119.0
2026-06-30 20:53:25.815,c36b9fb4-2d9f-4ea3-907c-3971cb163e2d,Warm,0,15.41,16,119.0
2026-06-30 20:53:25.824,d360ee56-ece2-4388-830d-97975dc937fa,Warm,0,12.12,13,118.0
2026-06-30 20:53:25.825,94c3271e-91ea-4cf4-9766-6efb0423d898,Warm,0,11.91,12,119.0
2026-06-30 20:53:25.827,30b7f4e8-099c-40a9-80ca-58c47abccc93,Warm,0,13.42,14,119.0
2026-06-30 20:53:25.827,0f86cacb-fdad-473f-9b5f-3b820ee0da13,Warm,0,14.64,15,119.0
2026-06-30 20:53:25.906,981c3a0f-24fa-4a8b-a657-fde0aa89c64c,Warm,0,12.58,13,119.0
2026-06-30 20:53:26.608,d606a8e4-03e0-4708-a706-b3e224605aee,Warm,0,13.18,14,119.0
2026-06-30 20:53:26.609,caee17b6-4e1d-4e54-9e36-307a43352150,Warm,0,12.44,13,119.0
2026-06-30 20:53:26.609,8df9353d-a29a-4446-9652-26ca97a941c8,Warm,0,12.81,13,119.0
2026-06-30 20:53:26.610,1e3a7ce5-76d3-4b17-9c99-8b9abdd4f541,Warm,0,12.9,13,118.0
2026-06-30 20:53:26.612,926b6dcc-52fa-4a66-b2b6-344ebf1e337f,Warm,0,12.55,13,119.0
2026-06-30 20:53:26.613,5ccb1198-fba3-417e-a0cc-f6716e779e07,Warm,0,11.96,12,119.0
2026-06-30 20:53:26.634,ce62b39b-798e-4c1e-90e8-8bc2d0356e40,Warm,0,13.53,14,119.0
2026-06-30 20:53:26.637,80ade69b-89ea-421f-a03c-9cc11524e8c4,Warm,0,12.86,13,119.0
2026-06-30 20:53:26.665,c62860e6-f9c8-462d-b21a-b11977275c1a,Warm,0,42.84,43,118.0
2026-06-30 20:53:27.543,89f9bda4-f8d9-44f0-b3a6-be043d063d2c,Warm,0,13.55,14,118.0
2026-06-30 20:53:27.543,df071d06-9d90-460c-9331-64f11f80692f,Warm,0,11.91,12,119.0
2026-06-30 20:53:27.567,519e6da4-350d-4abe-852e-86ab838126c3,Warm,0,16.97,17,119.0
2026-06-30 20:53:27.755,7e67d003-1636-47b8-85c2-55ea167c2be7,Warm,0,11.77,12,119.0
2026-06-30 20:53:27.759,98f9f38c-12cb-4bb4-a634-b7d044879b06,Warm,0,12.42,13,118.0
2026-06-30 20:53:28.448,ac44f060-e912-48b5-8e72-a23c89842dc6,Warm,0,12.67,13,118.0
2026-06-30 20:53:28.487,437c4ab7-9da9-40ad-a689-dd6333e80df6,Warm,0,13.9,14,118.0
2026-06-30 20:53:28.487,e0a8de6e-e2fc-4b13-8b8b-ff53f59811d5,Warm,0,11.87,12,119.0
2026-06-30 20:53:29.425,dc5f3cd2-6703-4888-bb3f-0e55bdd474e9,Warm,0,13.46,14,118.0
2026-06-30 20:53:37.030,3c712694-f218-4719-9ceb-e141d0b77ce5,Warm,0,37.5,38,119.0
2026-06-30 20:53:37.040,0d087677-6e27-4eb3-8078-7d0e852822be,Warm,0,41.12,42,119.0
2026-06-30 20:53:37.997,5e7b450b-76eb-4119-a9d9-f67ca4b3e09c,Warm,0,10.61,11,119.0
2026-06-30 20:53:38.002,3e82e1c3-66b1-413c-9e99-b6bc5f551774,Warm,0,12.63,13,119.0
2026-06-30 20:53:38.777,2e75f7b7-fae7-41fc-a936-6376fc5c0f77,Warm,0,14.86,15,119.0
2026-06-30 20:53:38.779,03d35e9a-73f4-4a3f-b509-a1214e55dceb,Warm,0,13.71,14,119.0
2026-06-30 20:53:38.805,88600ef4-b32b-450f-96bd-0d0a9ad846f9,Warm,0,39.15,40,119.0
2026-06-30 20:53:38.806,e8e7d492-7b06-4253-abf2-5abdaebbf780,Warm,0,41.11,42,119.0
2026-06-30 20:53:39.388,38202c46-8cd5-4751-99c6-60bdd1e7d748,Warm,0,12.83,13,119.0
2026-06-30 20:53:39.395,9ab61557-a50b-4cb9-afb2-efa68ae2fab0,Warm,0,12.79,13,119.0
2026-06-30 20:53:39.396,02be3524-e32d-426a-9d6c-5c5e73e9c41d,Warm,0,12.75,13,119.0
2026-06-30 20:53:39.415,109e5690-0d2a-4c06-a9df-1166ed42df7e,Warm,0,13.17,14,119.0
2026-06-30 20:53:39.592,eed1c89a-a7fa-4096-a7e2-408626995d59,Warm,0,13.53,14,119.0
2026-06-30 20:53:39.605,f5ec5212-6490-449c-9465-6de8b4464e72,Warm,0,13.96,14,119.0
2026-06-30 20:53:39.606,5ac5aefe-cef0-40b1-94e8-9b899b09ed03,Warm,0,14.59,15,119.0
2026-06-30 20:53:39.609,a13c979b-4923-4662-b94b-faacd7d74112,Warm,0,14.09,15,119.0
2026-06-30 20:53:39.631,dbed08f7-1690-4c4d-8a77-5e65d0cb54f2,Warm,0,39.49,40,119.0
2026-06-30 20:53:40.203,f5e85d3b-0dda-47ce-9377-f8a9d950b7e6,Warm,0,13.82,14,119.0
2026-06-30 20:53:40.211,b1b58d9e-f0ed-498e-ac20-0c0ad65c2f59,Warm,0,11.43,12,119.0
2026-06-30 20:53:40.220,66486096-7f7f-45a3-9692-f3818bbfd6d0,Warm,0,13.13,14,119.0
2026-06-30 20:53:40.220,13f7a093-f8b4-458e-8f88-97dc0b2836dc,Warm,0,14.14,15,119.0
2026-06-30 20:53:40.220,7df0d98f-41d1-4d7b-b2ed-ec5c9cc136d3,Warm,0,14.99,15,119.0
2026-06-30 20:53:40.221,35f73c3b-5c4d-4368-9ea7-d4a4a80fec32,Warm,0,12.88,13,119.0
2026-06-30 20:53:40.251,c4d3a6ed-501d-4121-89ee-45c79a68b83c,Warm,0,40.48,41,119.0
2026-06-30 20:53:40.419,20b9e8e5-da58-4999-9fb7-bfed4e6b897e,Warm,0,12.85,13,119.0
2026-06-30 20:53:40.442,198d441d-2003-4c3b-9ce7-e116d0cd04e6,Warm,0,13.62,14,119.0
2026-06-30 20:53:41.225,f22e85f3-0114-4279-8252-c4c2a2e50c48,Warm,0,13.52,14,119.0
2026-06-30 20:53:41.228,8a29ac86-1b76-4d9b-82c4-e21bd865facd,Warm,0,12.41,13,119.0
2026-06-30 20:53:41.228,b080b055-403e-47fd-acd4-ceeed2388043,Warm,0,12.89,13,119.0
2026-06-30 20:53:41.228,0e24a591-f0be-4081-b341-c05d3c37da93,Warm,0,11.41,12,119.0
2026-06-30 20:53:41.231,730c608f-88b9-4ec6-9344-c750dc182e20,Warm,0,14.56,15,119.0
2026-06-30 20:53:41.241,af30c0f3-4f2e-4633-9441-ca139092732f,Warm,0,17.14,18,119.0
2026-06-30 20:53:41.273,560132d5-7659-47d4-ab83-e343d75f77a6,Warm,0,46.1,47,119.0
2026-06-30 20:53:41.901,0b8d2d1f-ef70-48be-a152-9332986da99c,Warm,0,11.66,12,119.0
2026-06-30 20:53:41.909,a4c197e8-894a-4005-a734-5b51d9c8f6e2,Warm,0,19.26,20,119.0
2026-06-30 20:53:41.919,caf4299b-b1f3-41d5-a4f3-21cae108d3fb,Warm,0,13.16,14,119.0
2026-06-30 20:53:41.919,3b3b1111-d0ec-45ab-9c7e-300a9fe68998,Warm,0,13.5,14,119.0
2026-06-30 20:53:41.920,c624585d-8cca-4150-ad64-4206c627197b,Warm,0,14.11,15,119.0
2026-06-30 20:53:41.921,3391866b-2c24-42a9-a93b-727e0d227022,Warm,0,12.88,13,119.0
2026-06-30 20:53:41.921,7de67d07-0862-4864-95e0-dd67bc1eb98c,Warm,0,16.02,17,119.0
2026-06-30 20:53:41.953,f7eb0d91-4612-449c-a2bd-9b50821eb523,Warm,0,45.22,46,119.0
2026-06-30 20:53:42.110,59c772ed-145b-4e39-acf6-b88bb4fa23b4,Warm,0,14.26,15,119.0
2026-06-30 20:53:42.128,eec33686-8506-4d20-988b-ef2134f66dfe,Warm,0,13.08,14,119.0
2026-06-30 20:53:42.990,3c797d8e-e0a2-436f-85bb-7012fb1286ff,Warm,0,11.84,12,119.0
2026-06-30 20:53:42.994,8bc475b7-438e-48dd-b3e1-44eeed3ad4d8,Warm,0,12.42,13,119.0
2026-06-30 20:53:43.004,8b43c8e2-39ca-4444-a615-d0ad7eb6c0ab,Warm,0,11.7,12,119.0
2026-06-30 20:53:43.005,d2c10378-4d1b-4e5f-afc4-b048f1d47330,Warm,0,11.81,12,119.0
2026-06-30 20:53:43.010,098862d2-e9c1-4db4-939c-ce150c9249fd,Warm,0,12.89,13,119.0
2026-06-30 20:53:43.054,8e24a9e0-f8d0-4c6b-b67a-f6ae129b678e,Warm,0,12.3,13,119.0
2026-06-30 20:53:43.060,70073b73-2082-4afd-9b12-e5aa2b10ff7c,Warm,0,14.25,15,119.0
2026-06-30 20:53:43.797,29e072d7-35f6-4427-800d-7d3138b99505,Warm,0,13.21,14,119.0
2026-06-30 20:53:43.817,5467e262-84d9-4fcf-8937-5985c5f4262a,Warm,0,12.13,13,119.0
2026-06-30 20:53:43.817,f9663000-5256-434c-934e-9a0669f32b4b,Warm,0,12.8,13,119.0
2026-06-30 20:53:43.821,9be04e93-f6fe-4150-9820-2ba9e5682dbc,Warm,0,13.85,14,119.0
2026-06-30 20:53:43.834,58402020-65ad-4f3a-a87c-5bc57f1006c9,Warm,0,12.54,13,119.0
2026-06-30 20:53:44.769,0e5e5d97-ef39-4fde-83e4-0a11fb24d3de,Warm,0,13.49,14,119.0
2026-06-30 20:53:44.776,fcb1d31f-a684-4b3f-8e3f-c8e0f1ea9c3d,Warm,0,11.79,12,119.0
2026-06-30 20:53:44.780,f4f2f087-dd8d-48ba-9030-d84266206845,Warm,0,12.77,13,119.0
2026-06-30 20:53:44.784,2f6886ae-80ab-4364-8fd5-11eebad476c5,Warm,0,14.11,15,119.0
2026-06-30 20:53:44.817,80821cac-513a-4214-bd0b-4ad9aac978bd,Warm,0,13,14,119.0
2026-06-30 20:53:45.496,283fe77d-0548-4dd1-af50-184efee4e44f,Warm,0,12.67,13,119.0
2026-06-30 20:53:45.498,507bbd93-7349-4609-979d-802375fb2a8b,Warm,0,12.11,13,119.0
2026-06-30 20:53:45.499,67b4ca4a-1395-4fac-9520-020dcdba91ec,Warm,0,11.29,12,119.0
2026-06-30 20:53:45.500,873a94e3-8cce-46e8-9e60-55b99aaa0bb7,Warm,0,12.51,13,119.0
2026-06-30 20:53:45.501,5fb71fbc-9f59-4e61-a9f4-eb01cca33c65,Warm,0,13.2,14,119.0
2026-06-30 20:53:46.494,07259603-702b-4237-b2e6-dffc136a4c56,Warm,0,12.37,13,119.0
2026-06-30 20:53:54.242,8791b618-a796-4955-9f4b-e27b7881d074,Warm,0,38.08,39,119.0
2026-06-30 20:53:54.244,6baa99b6-7259-4f57-8913-db254223168c,Warm,0,41.27,42,119.0
2026-06-30 20:53:54.248,7a9ab3f7-0a54-4568-be1e-f7a2f74e252a,Warm,0,44.02,45,119.0
2026-06-30 20:53:54.261,8b64fc0d-d174-48e3-b5b2-6314f640a72e,Warm,0,13.33,14,119.0
2026-06-30 20:53:54.265,733ae5ba-bb2f-4779-9300-17fb17fff1ca,Warm,0,43.51,44,119.0
2026-06-30 20:53:54.267,48664b34-28a3-4f0a-8b5c-b28b79017cf3,Warm,0,40.08,41,119.0
2026-06-30 20:53:55.017,e51509b5-9f2d-4547-8efd-e1c60762f184,Warm,0,12.57,13,119.0
2026-06-30 20:53:55.034,21cbd2e7-a344-4766-bcdc-587e9e76d026,Warm,0,12.46,13,119.0
2026-06-30 20:53:55.034,8f3db602-5796-4493-981a-f190916f303a,Warm,0,12.51,13,119.0
2026-06-30 20:53:55.035,9845bc4b-65f4-47f0-ba51-fc50eea65b27,Warm,0,12.78,13,119.0
2026-06-30 20:53:55.035,a4988a33-bebd-4721-9511-84d0fd595e7f,Warm,0,13.02,14,119.0
2026-06-30 20:53:55.035,6673d72e-0952-4d27-8d16-8288941290c2,Warm,0,12.85,13,119.0
2026-06-30 20:53:55.062,694288c9-2cd4-4a78-b5e0-adf49c9bd95b,Warm,0,37.74,38,119.0
2026-06-30 20:53:55.065,e507a748-08f2-476c-ae09-4f7e83852662,Warm,0,39.12,40,119.0
2026-06-30 20:53:55.728,5ed0c7b7-6cf8-4752-be4a-9a9ca2464a0f,Warm,0,12.05,13,119.0
2026-06-30 20:53:55.728,ea2c54dd-3144-4646-b82b-a31ad6377907,Warm,0,13.56,14,119.0
2026-06-30 20:53:55.750,40a25557-2e0c-421c-9d56-bef00df2b344,Warm,0,11.94,12,119.0
2026-06-30 20:53:55.752,aae25005-8bc8-4584-a4b2-cf44412fc51a,Warm,0,13.26,14,119.0
2026-06-30 20:53:55.753,0a33e396-bc7d-40cd-9830-73f501b8ca16,Warm,0,13.9,14,119.0
2026-06-30 20:53:55.765,7950d1a7-0032-4630-86ef-f9060e30ffa3,Warm,0,12.5,13,119.0
2026-06-30 20:53:56.419,df41b3dc-647a-4f6c-ba70-f0a752fb708c,Warm,0,12.54,13,119.0
2026-06-30 20:53:56.427,7ffb923a-b495-4303-bfe2-a622a678fbf7,Warm,0,13.01,14,119.0
2026-06-30 20:53:56.617,41be33db-604d-4b48-9ca9-53ee819d6e3c,Warm,0,14.57,15,119.0
2026-06-30 20:53:56.620,d81a5866-a57b-45b9-b300-a7934b41a58c,Warm,0,16.88,17,119.0
2026-06-30 20:53:56.626,57917343-42cb-48c6-a793-e3b3c06af997,Warm,0,13.9,14,119.0
2026-06-30 20:53:56.628,e96f5b65-4ace-45cd-9785-66aa6cc84785,Warm,0,11.76,12,119.0
2026-06-30 20:53:56.659,3bf1b267-185f-4709-99fc-f24156b6ad14,Warm,0,12.65,13,119.0
2026-06-30 20:53:56.663,1f83c15d-82e5-4a65-9f29-a232ee5146d7,Warm,0,15.23,16,119.0
2026-06-30 20:53:57.235,82a7fadf-f7e7-42cf-bfcb-f4c203f707fb,Warm,0,12.89,13,119.0
2026-06-30 20:53:57.235,d0024594-f9b1-469b-83b1-43184db00039,Warm,0,12.47,13,119.0
2026-06-30 20:53:57.250,853a5e55-b12c-43c9-a100-e828a8789302,Warm,0,12.98,13,119.0
2026-06-30 20:53:57.250,fd8252aa-3291-4b3d-a9d6-2a151b274dbe,Warm,0,13.39,14,119.0
2026-06-30 20:53:57.254,8453acd4-6845-4661-98a3-f87336dec7c0,Warm,0,11.33,12,119.0
2026-06-30 20:53:57.258,ce9babd5-3bd6-47d1-97ac-7bda441bc248,Warm,0,13.01,14,119.0
2026-06-30 20:53:57.448,fe35fa73-c7f7-45e2-aaeb-fade430e4349,Warm,0,17.1,18,119.0
2026-06-30 20:53:57.449,af170c2a-3693-49b2-a3d4-32288901a147,Warm,0,20.59,21,119.0
2026-06-30 20:53:57.455,62f66ae1-66a6-44b9-a56a-f0f565cd228b,Warm,0,13.81,14,119.0
2026-06-30 20:53:57.456,d2ca8c1c-8dee-49b5-b67d-f5a8d5a5fed0,Warm,0,13.19,14,119.0
2026-06-30 20:53:58.434,a16089f6-acf5-4e2a-9793-fe9269f6ee78,Warm,0,15.54,16,119.0
2026-06-30 20:53:58.446,a4d1d35c-d121-4579-b355-73eb081fa5ef,Warm,0,13.42,14,119.0
2026-06-30 20:53:58.447,64b5c6b5-df94-4c44-9409-ccffd7243506,Warm,0,13.78,14,119.0
2026-06-30 20:53:58.448,3a8b7ab4-04fa-4e71-a77c-66e3cc6139ff,Warm,0,12.46,13,119.0
2026-06-30 20:53:58.449,ade28d6a-7a01-4c44-9a26-a1bd9bee6ab9,Warm,0,11.99,12,119.0
2026-06-30 20:53:58.452,ad277a30-0e53-4806-a9c2-5d413091f060,Warm,0,13.12,14,119.0
2026-06-30 20:53:59.218,f5de65e2-e75b-44ef-a9f4-e32a51eb17ef,Warm,0,12.38,13,119.0
2026-06-30 20:53:59.219,84fbe332-ebd4-4c92-9964-74e0a615c840,Warm,0,12.31,13,119.0
2026-06-30 20:53:59.223,ddf94ed9-9179-437e-bd12-dcfb7a86b637,Warm,0,13.64,14,119.0
2026-06-30 20:53:59.223,d8f0def5-834d-44d5-a866-1a3d3a5c02b3,Warm,0,13.73,14,119.0
2026-06-30 20:53:59.225,04346aa2-a4d4-4591-b980-f7dcb4da4cee,Warm,0,13.93,14,119.0
2026-06-30 20:53:59.226,19d706a2-ac73-4470-8217-97500bc471c8,Warm,0,13.76,14,119.0
2026-06-30 20:53:59.226,00e4f420-0f07-402e-a5bf-8176ace06379,Warm,0,13.35,14,119.0
2026-06-30 20:53:59.256,99cbe22b-6637-4c21-8b02-3fb56fb01580,Warm,0,41.52,42,119.0
2026-06-30 20:54:00.128,c373e16f-51d7-47bb-9b66-2e2a3fed557d,Warm,0,12.86,13,119.0
2026-06-30 20:54:00.145,6a4ec93a-2d70-4f6f-b70b-ae14571ed79f,Warm,0,13.44,14,119.0
2026-06-30 20:54:00.145,1d84b8e0-db19-4335-8fa9-1fa6a2736b2d,Warm,0,11.92,12,119.0
2026-06-30 20:54:00.146,759b3265-2a53-47f2-9831-3332ff26dae4,Warm,0,14.03,15,119.0
2026-06-30 20:54:00.152,e59031cb-37aa-4003-a9b5-50f1974fe27e,Warm,0,11.36,12,119.0
2026-06-30 20:54:00.153,0ef5d3e3-f4d8-4000-90e4-3d537b18f8bd,Warm,0,13.62,14,119.0
2026-06-30 20:54:00.154,295fae02-0ef2-428b-97ac-8b5d7d88e980,Warm,0,13.66,14,119.0
2026-06-30 20:54:00.832,62ac97f7-227a-4112-888b-b8e1016ec34a,Warm,0,13.24,14,119.0
2026-06-30 20:54:00.848,50b642fb-ffbc-4f9b-88ed-1dd96981d956,Warm,0,11.81,12,119.0
2026-06-30 20:54:00.850,d5abd820-ebc5-49bc-b059-b6dbd6dec455,Warm,0,12.49,13,119.0
2026-06-30 20:54:00.851,19f2ba4a-d981-491a-a93e-701acbc3b64c,Warm,0,11.81,12,119.0
2026-06-30 20:54:00.852,18775d50-4af9-4b8d-aafd-d3de0385e535,Warm,0,16.02,17,119.0
2026-06-30 20:54:00.859,26cdf0ec-f72f-4c7a-b984-9a6d03f210cd,Warm,0,16.76,17,119.0
2026-06-30 20:54:00.859,f8eb9e86-4181-497b-b8c0-bceddbf57654,Warm,0,13.82,14,119.0
2026-06-30 20:54:24.932,378ed606-1e68-4449-b2b7-55be835f726d,Warm,0,64.33,65,119.0
2026-06-30 20:54:24.971,8eaece15-019b-42df-988d-047edc261076,Warm,0,61.4,62,119.0
2026-06-30 20:54:24.976,8cd7611c-d5cc-40b7-bd38-a3276a852502,Warm,0,67.28,68,119.0
2026-06-30 20:54:25.616,8e95abcf-648d-4cb6-934b-3cb6a2f5c132,Warm,0,42.21,43,119.0
2026-06-30 20:54:25.618,abc51843-85d5-4ce8-a4d2-0ed248d0cf0a,Warm,0,38.57,39,119.0
2026-06-30 20:54:25.619,8068072c-7910-478c-bbe7-19f660aa7918,Warm,0,38.21,39,119.0
2026-06-30 20:54:25.653,39bb234b-e0e2-4b1e-8c43-79e51df5592e,Warm,0,71.47,72,119.0
2026-06-30 20:54:25.690,6d525b46-8af5-459a-8961-590213e38641,Warm,0,78.76,79,119.0
2026-06-30 20:54:26.617,ac5384c4-5474-46de-967c-259f543bb58b,Warm,0,37.32,38,119.0
2026-06-30 20:54:26.620,aa37bbaf-a7b7-4eaf-9dcd-94de3f647ea2,Warm,0,49.94,50,119.0
2026-06-30 20:54:26.620,f0864802-0026-4465-997a-77a1502d1760,Warm,0,41.13,42,119.0
2026-06-30 20:54:26.622,32485d1d-9b54-4ca4-bd86-cae72f755468,Warm,0,43.71,44,119.0
2026-06-30 20:54:26.641,f17d1b93-3eb1-4cb7-9f61-8ae2054d6957,Warm,0,46.89,47,119.0
2026-06-30 20:54:27.322,ef3db2c8-f07b-4113-bd2b-037b38c9b1cc,Warm,0,46.2,47,119.0
2026-06-30 20:54:27.339,c70a5d1e-789b-48be-a3c3-12d779858ce9,Warm,0,39.93,40,119.0
2026-06-30 20:54:27.342,c567e60d-1cc2-4d11-b0f4-42d98a6b785d,Warm,0,35.22,36,119.0
2026-06-30 20:54:27.344,38830e30-d332-417c-86eb-f3fd566d72ac,Warm,0,38.18,39,119.0
2026-06-30 20:54:27.348,6478db1e-bec6-4890-8db0-48e8e9eef7d1,Warm,0,48.04,49,119.0
2026-06-30 20:54:27.388,fc149c4e-25be-480b-a807-d3e3c276590b,Warm,0,73.42,74,119.0
2026-06-30 20:54:28.336,7e00f685-950c-4795-8dd3-6bbe22226e20,Warm,0,44.27,45,119.0
2026-06-30 20:54:28.338,8b005a6e-8b01-4f1f-876a-38f57be80f58,Warm,0,45.41,46,119.0
2026-06-30 20:54:28.341,9171743f-68ba-43f8-957f-4298d9dde7a5,Warm,0,42.14,43,119.0
2026-06-30 20:54:31.758,38619612-c2b4-43ce-b175-35d509cfa801,Warm,0,10.24,11,119.0
2026-06-30 20:54:31.772,0a3fee33-e08e-4f80-a2b9-8146ba0a3043,Warm,0,13.62,14,119.0
2026-06-30 20:54:31.772,05435d5b-845c-4d07-8dda-664d78fa8388,Warm,0,12.81,13,119.0
2026-06-30 20:54:32.500,46f0db85-4987-4f72-ae7f-312c020c7c4d,Warm,0,12.29,13,119.0
2026-06-30 20:54:32.503,f7431a10-e988-4094-b11d-fc5532cd0d52,Warm,0,12.92,13,119.0
2026-06-30 20:54:32.523,07f1994c-1099-4fe0-a3cf-d9d90c4bc825,Warm,0,12.29,13,119.0
2026-06-30 20:54:32.523,d46ef2b9-9772-41d3-96df-91db86f963a2,Warm,0,11.63,12,119.0
2026-06-30 20:54:32.523,0d3c1491-2db3-4205-afcf-03ee2559e414,Warm,0,13.33,14,119.0
2026-06-30 20:54:32.524,5d7189ba-02b4-468d-b26a-b67740784e1b,Warm,0,12.06,13,119.0
2026-06-30 20:54:32.536,aa964426-c1e2-4da1-ae0f-46690fb19f6c,Warm,0,13.73,14,119.0
2026-06-30 20:54:32.537,2f557fb0-1cc2-47bd-bfb8-551fc76ef47d,Warm,0,16.41,17,119.0
2026-06-30 20:54:33.228,cf85cde9-aa6f-4552-9676-b258c60dd557,Warm,0,13.75,14,119.0
2026-06-30 20:54:33.231,60723038-a6b9-4e2e-a7e2-1b545e581453,Warm,0,10.87,11,119.0
2026-06-30 20:54:33.232,fc5c0979-21e1-4ca4-8f05-b4724c030468,Warm,0,12.76,13,119.0
2026-06-30 20:54:33.237,90a1abc1-d88b-47b3-9879-16f6f1f62a7f,Warm,0,10.05,11,119.0
2026-06-30 20:54:33.239,772d4c53-9de3-4cf6-9e15-e49904b22f5e,Warm,0,12.32,13,119.0
2026-06-30 20:54:33.240,71ba4f45-9218-4ddd-8aa2-09800cd1b207,Warm,0,12.8,13,119.0
2026-06-30 20:54:33.269,d2e126cb-5156-46dc-9bef-734145d157ac,Warm,0,41.61,42,119.0
2026-06-30 20:54:33.270,587e4177-1a2c-4a76-b0c0-e5a628da7550,Warm,0,41.51,42,119.0
2026-06-30 20:54:33.294,275b1eb9-258a-4a61-b5f4-68e1d7e1b4a6,Warm,0,13.01,14,119.0
2026-06-30 20:54:33.431,83f957a3-ab8b-414e-b581-73fa381124e6,Warm,0,12.4,13,119.0
2026-06-30 20:54:33.433,3b5ab7d9-cc59-411e-96ad-d8da3494a4cf,Warm,0,13.05,14,119.0
2026-06-30 20:54:33.434,42ceb8c2-21f9-4dce-8d5c-4bee596b4dea,Warm,0,15.74,16,119.0
2026-06-30 20:54:33.436,2c569e1d-6c0f-49c8-b2ae-afb639e632d2,Warm,0,11.95,12,119.0
2026-06-30 20:54:33.458,7c0a295d-8749-459d-93e8-3064da0fc314,Warm,0,12.9,13,119.0
2026-06-30 20:54:34.046,ddf1c814-5138-46cd-95c5-b0c733882ee3,Warm,0,10.95,11,119.0
2026-06-30 20:54:34.047,cf2fc0e5-d3ec-41b3-a4aa-e6131f8e13f0,Warm,0,12.15,13,119.0
2026-06-30 20:54:34.050,4df679d3-234a-4d29-a119-71e22487a130,Warm,0,11.39,12,119.0
2026-06-30 20:54:34.051,5dc63715-42c0-4679-afdd-5702179d8be7,Warm,0,13.53,14,119.0
2026-06-30 20:54:34.052,bea1b762-75c2-4e80-81ee-b942bac71d13,Warm,0,11.26,12,119.0
2026-06-30 20:54:34.052,5b210e43-2eca-4265-a224-4f4e60ddc0d5,Warm,0,14.02,15,119.0
2026-06-30 20:54:34.056,f3908016-bc64-40ae-a9d4-bc92f7844b7d,Warm,0,15.11,16,119.0
2026-06-30 20:54:34.064,529c3c78-1094-424a-861a-7581cc5bf171,Warm,0,12.51,13,119.0
2026-06-30 20:54:34.064,2c0f4861-90e9-4695-9786-d3ea5d0b1a1f,Warm,0,12.04,13,119.0
2026-06-30 20:54:34.070,65012f9a-5273-48f6-9815-fe9825c04077,Warm,0,16.17,17,119.0
2026-06-30 20:54:34.253,8b4c05eb-1e7a-4fa7-b019-0a32ad667272,Warm,0,17.22,18,119.0
2026-06-30 20:54:34.265,dd76c3be-6a12-4a49-832d-33f77bc6ca56,Warm,0,21.75,22,119.0
2026-06-30 20:54:34.266,1001a0ef-9bbe-4519-b396-753e0d198f7b,Warm,0,13.18,14,119.0
2026-06-30 20:54:34.282,ba8a6889-2da2-4e79-8766-e3d0102367a2,Warm,0,19.84,20,119.0
2026-06-30 20:54:34.844,a0ecd52d-463a-41bc-94ea-1cb20df454c8,Warm,0,12.45,13,119.0
2026-06-30 20:54:34.844,f69b3f3d-0bdc-4e6c-a815-05f09945b633,Warm,0,12.3,13,119.0
2026-06-30 20:54:34.848,1051ed12-56db-4bf8-9205-7f9381b27c9c,Warm,0,11.76,12,119.0
2026-06-30 20:54:34.850,c294e366-bbc1-49b4-955f-02999270c424,Warm,0,10.72,11,119.0
2026-06-30 20:54:34.850,a657fa01-04f1-46f9-b469-80c0b534a974,Warm,0,11.72,12,119.0
2026-06-30 20:54:34.851,18c5ec26-dd9a-41a9-9923-e9fa40db9b41,Warm,0,13.38,14,119.0
2026-06-30 20:54:34.857,c8581125-4b41-4234-a3ec-33cd5f4938e9,Warm,0,13.67,14,119.0
2026-06-30 20:54:34.858,3d07d4d7-0865-4a84-bdc6-b0f09be636d0,Warm,0,16.23,17,119.0
2026-06-30 20:54:34.866,2941c6f7-752e-4372-9941-b17603ecd976,Warm,0,13.14,14,119.0
2026-06-30 20:54:34.866,d216d165-4075-4eb6-80d5-495e2775f82d,Warm,0,12.62,13,119.0
2026-06-30 20:54:35.046,d67aeb4b-51f5-4632-b551-a7234d51a2dc,Warm,0,12.22,13,119.0
2026-06-30 20:54:35.073,d0ede9cd-bf8c-4b4d-af8f-60b899001e19,Warm,0,12.29,13,119.0
2026-06-30 20:54:35.076,0cc3cdc7-87b5-4a0f-947a-165e5909b190,Warm,0,12.7,13,119.0
2026-06-30 20:54:35.638,802fe61e-8af4-4ca9-8ff6-25dbec944153,Warm,0,11.27,12,119.0
2026-06-30 20:54:35.641,6fb1a5b1-149d-44c5-85c3-99f9a286782f,Warm,0,13.22,14,119.0
2026-06-30 20:54:35.641,f9504cbd-42d6-4939-b964-d2c989bf1990,Warm,0,12.91,13,119.0
2026-06-30 20:54:35.643,8d8cbe5a-83ef-4d56-a059-3f7d854ae483,Warm,0,12.35,13,119.0
2026-06-30 20:54:35.665,7942bba2-b070-4b6c-bd62-6ca05a233234,Warm,0,10.3,11,119.0
2026-06-30 20:54:35.666,2e9871cd-d08f-478c-b8c4-c6b561d9ad13,Warm,0,12.74,13,119.0
2026-06-30 20:54:35.669,a4edabfc-fb28-4eb6-9624-05dd7019ab6c,Warm,0,14.9,15,119.0
2026-06-30 20:54:35.672,a11dac4f-58b3-43fe-b9f7-94f38545d74b,Warm,0,12.35,13,119.0
2026-06-30 20:54:35.844,30c1574f-088b-4251-a369-2b10b8d59cf1,Warm,0,12.63,13,119.0
2026-06-30 20:54:35.851,c842c40f-af31-4b5d-92c8-ad296bc46f38,Warm,0,13.25,14,119.0
2026-06-30 20:54:35.865,7eace1a6-e147-43a2-944e-4eb12a9e80cb,Warm,0,12.84,13,119.0
2026-06-30 20:54:36.708,95d82fa9-2b21-4f04-82a8-647dd08a408f,Warm,0,13.12,14,119.0
2026-06-30 20:54:36.711,770853fd-e5c6-4cdd-a693-fee5d4575bc5,Warm,0,12.67,13,119.0
2026-06-30 20:54:36.712,ef044a1d-8d36-478e-add1-bfd90040f0cf,Warm,0,12.13,13,119.0
2026-06-30 20:54:44.581,c4429e95-d744-4154-a95e-312885944e09,Warm,0,41.12,42,119.0
2026-06-30 20:54:45.111,164b17cf-7c20-42d6-9f37-907692dc358d,Warm,0,12.38,13,119.0
2026-06-30 20:54:45.145,8a50184b-7d02-4823-8cba-dabec9b2f811,Warm,0,42.12,43,119.0
2026-06-30 20:54:45.145,d59fccf8-21ae-43d8-87ec-37ce35d4abda,Warm,0,37.47,38,119.0
2026-06-30 20:54:45.147,9f95115e-0e1b-4106-8ae4-fe17802e31a9,Warm,0,38.55,39,119.0
2026-06-30 20:54:45.149,5c7c1305-bea9-42a5-a1fe-b49b79f3203d,Warm,0,38.48,39,119.0
2026-06-30 20:54:45.151,023caeb8-f73d-4744-9642-18c930d180ca,Warm,0,38.55,39,119.0
2026-06-30 20:54:45.154,f3799456-a246-4628-9c2c-0aa0aae2871f,Warm,0,43.2,44,119.0
2026-06-30 20:54:45.168,cb347bf9-0900-462c-91a2-64eafbbba326,Warm,0,12.94,13,119.0
2026-06-30 20:54:45.951,82eec106-2f73-4696-bd57-48f811b7d978,Warm,0,12.63,13,119.0
2026-06-30 20:54:45.954,7e599a20-d7a3-43dc-9570-708712b30d7a,Warm,0,15.19,16,119.0
2026-06-30 20:54:45.955,52388f22-3a0a-4cb3-82e8-55c670fc774f,Warm,0,13.08,14,119.0
2026-06-30 20:54:45.957,e51ff7e9-7524-4e0c-8d20-dedaa826fa4c,Warm,0,15.04,16,119.0
2026-06-30 20:54:45.957,44c8b134-189c-4835-ad7f-21596c82cbce,Warm,0,14.17,15,119.0
2026-06-30 20:54:45.960,6cb8c418-9684-4979-bab8-1e52e98be2ad,Warm,0,13.12,14,119.0
2026-06-30 20:54:45.969,6eb8cd22-1360-4d22-86e6-90399635d0ce,Warm,0,11.55,12,119.0
2026-06-30 20:54:45.972,3c7c740c-3503-4d34-8aac-1135fb4c9c46,Warm,0,11.7,12,119.0
2026-06-30 20:54:45.974,a7981394-7fed-4ae7-a6db-9c2514bc0f50,Warm,0,14.42,15,119.0
2026-06-30 20:54:45.975,fd48b785-e719-4c18-bbf8-27bc636c6f5a,Warm,0,13.42,14,119.0
2026-06-30 20:54:46.859,3623b380-ba58-4d3a-8e89-a1ea5c60bc38,Warm,0,12.56,13,119.0
2026-06-30 20:54:46.881,4af55f7d-990d-493d-b4cc-3558c5d8a705,Warm,0,11.68,12,119.0
2026-06-30 20:54:46.882,0f82f1c6-69ee-4814-90f8-35ea2c15b595,Warm,0,12.2,13,119.0
2026-06-30 20:54:46.883,f8aeab1e-d24d-4621-af41-b92b838c93f2,Warm,0,12,12,119.0
2026-06-30 20:54:46.884,4033b2a1-f9cb-4730-8f88-710d3d26eb2e,Warm,0,13.15,14,119.0
2026-06-30 20:54:46.885,aaa2357c-5a0f-4481-934d-69a8c92b955c,Warm,0,15.4,16,119.0
2026-06-30 20:54:46.886,31074520-6db4-4713-a95f-f87324476f87,Warm,0,14.69,15,119.0
2026-06-30 20:54:46.891,573a35f5-2007-4d6e-b04e-a153f9a3e851,Warm,0,15.55,16,119.0
2026-06-30 20:54:46.909,3cf6598e-5360-4165-b622-006ae0f1e87b,Warm,0,37.26,38,119.0
2026-06-30 20:54:46.914,e9715ffb-1b81-42b2-844b-ae29c8202d7d,Warm,0,40.63,41,119.0
2026-06-30 20:54:47.086,ef79ee46-a02b-4951-b717-b0977da6c900,Warm,0,11.4,12,119.0
2026-06-30 20:54:47.086,6c9582e6-085c-4cc2-9ef3-11477280cc7b,Warm,0,13.47,14,119.0
2026-06-30 20:54:47.669,212d8314-c1e4-4a75-9788-3f0e006c8d13,Warm,0,11.28,12,119.0
2026-06-30 20:54:47.669,6c04b441-c900-4350-8a35-c9c897f6a86b,Warm,0,11.62,12,119.0
2026-06-30 20:54:47.670,b6f41294-a55c-4341-a934-683b6e96bf48,Warm,0,13.51,14,119.0
2026-06-30 20:54:47.672,ba2d7a5d-2af6-4499-a2bc-a614039f9442,Warm,0,13.19,14,119.0
2026-06-30 20:54:47.672,6a19727c-193c-47ea-8eb4-6239ba6479ac,Warm,0,11.92,12,119.0
2026-06-30 20:54:47.672,29d52928-b094-4406-9e64-0001db27a045,Warm,0,13.86,14,119.0
2026-06-30 20:54:47.675,cf9491ed-2f06-4c6b-9dcd-ed37a1115b55,Warm,0,16.38,17,119.0
2026-06-30 20:54:47.680,4d8c1db3-e6aa-4073-b60b-84431fb6a177,Warm,0,14.76,15,119.0
2026-06-30 20:54:47.683,854d058c-dbc2-43e8-95d1-256e5cf412bc,Warm,0,12.67,13,119.0
2026-06-30 20:54:47.876,1486424e-247f-4902-8911-1728fcf4dc19,Warm,0,12.02,13,119.0
2026-06-30 20:54:47.881,d8476538-ab8f-48d0-a797-2a3622563055,Warm,0,11.94,12,119.0
2026-06-30 20:54:47.883,cc7b54ac-b8ae-424c-b7f9-4126a8c58f83,Warm,0,12.93,13,119.0
2026-06-30 20:54:48.446,96ca127e-84cc-45ad-86d1-546a24df64ab,Warm,0,14.08,15,119.0
2026-06-30 20:54:48.455,56cc3bf4-bc8c-46d8-93dc-ed84d7681b1d,Warm,0,12.46,13,119.0
2026-06-30 20:54:48.457,47cf2bdb-2ebe-4109-8a2f-5eef2b7c5939,Warm,0,14.26,15,119.0
2026-06-30 20:54:48.460,23e06764-1fbb-4af4-b527-cafbc97bd3e8,Warm,0,14.62,15,119.0
2026-06-30 20:54:48.474,f44f8943-42ae-42e8-949e-f974f02b71fb,Warm,0,12.98,13,119.0
2026-06-30 20:54:48.476,5c505ce2-a7e1-4176-a6bd-c9ab0a10f55b,Warm,0,13.62,14,119.0
2026-06-30 20:54:48.653,d6a4c1e8-f76c-4cbf-9364-84274755f62d,Warm,0,11.53,12,119.0
2026-06-30 20:54:48.659,c78d1c2b-cca0-4065-a284-ef233473b9b3,Warm,0,20.82,21,119.0
2026-06-30 20:54:48.668,9b3741af-1ade-4c62-bdd8-c8551bbf35fe,Warm,0,11.94,12,119.0
2026-06-30 20:54:48.670,78afb27a-da78-46a4-8a4a-7e786b4700f0,Warm,0,12.56,13,119.0
2026-06-30 20:54:48.690,ba053dea-b7ab-404b-9407-817806f0a487,Warm,0,13.71,14,119.0
2026-06-30 20:54:49.458,34dbc6a8-c470-4cf8-93d5-736f3858baaa,Warm,0,12.49,13,119.0
2026-06-30 20:54:49.463,9937ee44-962d-47dd-8b3c-ad8b610432d9,Warm,0,12.86,13,119.0
2026-06-30 20:54:49.465,1774c622-e57f-41ce-9281-e68824518015,Warm,0,14.03,15,119.0
2026-06-30 20:54:49.468,63c4b694-6d7b-4ad8-a29c-a56757c20741,Warm,0,12,12,119.0
2026-06-30 20:54:49.468,4f550bfb-9423-442f-99d4-a21e9ab9f3bb,Warm,0,13.01,14,119.0
2026-06-30 20:54:50.328,7f6d0225-181c-4d51-b591-49f8e3a73d50,Warm,0,12.07,13,119.0
2026-06-30 20:54:50.331,50d8cd8b-e93b-433b-8e54-b92f377aaad2,Warm,0,12.21,13,119.0
2026-06-30 20:54:50.454,dd5c86a3-ce4f-4fbb-8547-908aa364378c,Warm,0,12.84,13,119.0
2026-06-30 20:54:51.220,cc3f1367-d7e1-4455-be2b-a64c11f9aa6e,Warm,0,11.88,12,119.0
2026-06-30 20:54:51.222,8d956d1f-6e0d-474f-87cd-4465cdde9823,Warm,0,12.83,13,119.0
2026-06-30 20:54:51.224,9dc714da-150e-4403-a94c-2c32a90c1727,Warm,0,13.75,14,119.0
2026-06-30 20:54:52.046,76585758-b953-464f-9170-495f13f2ce5b,Warm,0,12.53,13,119.0
2026-06-30 20:54:58.930,2a7a8359-3255-4312-a6e0-3c1b842b19b2,Warm,0,37.15,38,119.0
2026-06-30 20:54:58.931,89af3bda-da7e-4588-b738-9327e93c4380,Warm,0,40.35,41,119.0
2026-06-30 20:54:58.941,3660bbbd-e351-43d5-805a-1d0b30858668,Warm,0,51.64,52,119.0
2026-06-30 20:54:59.648,8c50013c-63e4-4961-bad6-bdd8e7f045a3,Warm,0,14.16,15,119.0
2026-06-30 20:54:59.653,c6c1fc7c-4339-4028-bca6-3caa8d2b8790,Warm,0,13.11,14,119.0
2026-06-30 20:54:59.657,8402cb5e-d830-463a-a674-3bb1c082eb1a,Warm,0,11.15,12,119.0
2026-06-30 20:54:59.685,065faf08-cb6a-4e10-83ed-64cf4ec4c6c6,Warm,0,38.56,39,119.0
2026-06-30 20:54:59.689,69e878b9-b641-4a0c-86ec-26ee9728908f,Warm,0,42.4,43,119.0
2026-06-30 20:55:00.501,42c92bec-0b5d-4054-90d9-cdd3f95e3ac9,Warm,0,11.19,12,119.0
2026-06-30 20:55:00.502,fa68a4a5-69ce-417b-abb8-c6f48c5f9b51,Warm,0,12.4,13,119.0
2026-06-30 20:55:00.504,233725d7-514c-447a-853f-fb19511c1f12,Warm,0,13.9,14,119.0
2026-06-30 20:55:00.506,0f382185-57d8-4693-bc3e-03b01a01b27a,Warm,0,13.5,14,119.0
2026-06-30 20:55:00.508,46574953-68d5-4cea-8216-3d11699c4981,Warm,0,12.81,13,119.0
2026-06-30 20:55:00.522,5f6b59aa-eb1e-4e84-be08-b41b3cbe61e7,Warm,0,13.11,14,119.0
2026-06-30 20:55:00.524,95fff2e0-04a2-4d95-8730-bba1666f6f7f,Warm,0,13.65,14,119.0
2026-06-30 20:55:00.551,8f4fc6a4-3953-4cc8-a28c-c89d03ee9415,Warm,0,13.06,14,119.0
2026-06-30 20:55:00.551,93da6c11-94d5-4baf-a585-c4d2c51d6474,Warm,0,13.47,14,119.0
2026-06-30 20:55:00.565,0d21bcdb-0646-4d86-8e21-6fa2493ce56d,Warm,0,12.35,13,119.0
2026-06-30 20:55:00.698,edceab32-2ac3-45d1-a46a-20bccb8288a3,Warm,0,12.65,13,119.0
2026-06-30 20:55:00.701,832750bb-c484-4f4f-acc4-9b7793148565,Warm,0,14.13,15,119.0
2026-06-30 20:55:00.710,a5ce5d73-be70-4833-8026-6482848e857d,Warm,0,14.94,15,119.0
2026-06-30 20:55:00.714,74694f7c-871a-40f2-a27a-c9e3cb50dd1a,Warm,0,15.06,16,119.0
2026-06-30 20:55:01.301,05603a0a-803c-45a2-a002-996d3654140e,Warm,0,12.05,13,119.0
2026-06-30 20:55:01.303,bfffc293-7656-4117-b400-e08ee87a9202,Warm,0,14.87,15,119.0
2026-06-30 20:55:01.315,c7cb423d-c6eb-46ed-a02c-d1978913191a,Warm,0,15.22,16,119.0
2026-06-30 20:55:01.318,a73b5875-fadc-407e-9b79-44c1a931f502,Warm,0,11.1,12,119.0
2026-06-30 20:55:01.321,01cfc887-bb1e-4c85-875f-915ea3e1e306,Warm,0,13.85,14,119.0
2026-06-30 20:55:01.326,363c56f1-19d1-4f32-b725-47cd646e4861,Warm,0,15.75,16,119.0
2026-06-30 20:55:01.337,e46a2dab-21af-4dde-90c8-366ae583e2e5,Warm,0,40.68,41,119.0
2026-06-30 20:55:01.352,9f48b8cb-2d6b-4cec-a05d-25286b69e298,Warm,0,44.32,45,119.0
2026-06-30 20:55:01.363,9ec4e688-7ad2-4b50-8f0d-930a5ea9e25a,Warm,0,54.79,55,119.0
2026-06-30 20:55:01.495,11127efc-363d-4a32-95d0-a291e23f2025,Warm,0,13.06,14,119.0
2026-06-30 20:55:01.514,05c9fbd0-c9f8-47d2-92ab-1ed21717d7b0,Warm,0,14.35,15,119.0
2026-06-30 20:55:01.515,1141d174-0c57-4a6e-9ee9-3947e42668c6,Warm,0,11.63,12,119.0
2026-06-30 20:55:01.518,99b08d2f-de7d-4f47-bfa4-482249875405,Warm,0,13.56,14,119.0
2026-06-30 20:55:02.123,838e695f-abeb-49be-a3bf-d75dc6848acf,Warm,0,12.23,13,119.0
2026-06-30 20:55:02.124,5cc4db95-73f3-400c-95fb-0eaef60bcc83,Warm,0,13.67,14,119.0
2026-06-30 20:55:02.140,e0a7d5cc-0e35-4ef3-a8b9-e1a3f497fecd,Warm,0,12.33,13,119.0
2026-06-30 20:55:02.144,35ba833a-f940-4994-9159-0dfecb99e8c1,Warm,0,14.29,15,119.0
2026-06-30 20:55:02.145,f1e88f6c-6b63-4e33-8a42-5e189036fbbf,Warm,0,15.09,16,119.0
2026-06-30 20:55:02.152,db99c441-178a-4581-9d3a-bf21ec94b5d4,Warm,0,11.88,12,119.0
2026-06-30 20:55:02.153,60505d06-145d-41ba-8db7-0b27cef428e6,Warm,0,12.89,13,119.0
2026-06-30 20:55:02.154,b404bf3f-1ee3-4c9e-98e4-29750e3ddf9f,Warm,0,13.97,14,119.0
2026-06-30 20:55:02.155,9a0a8b31-42c6-4feb-a65e-592120b6a576,Warm,0,13.66,14,119.0
2026-06-30 20:55:02.181,fc23986e-cf46-4f99-aa8c-3a59449b7364,Warm,0,40.59,41,119.0
2026-06-30 20:55:02.326,51147faf-4b6f-4b37-a46d-f6d0f9f69886,Warm,0,14.74,15,119.0
2026-06-30 20:55:02.332,d0187323-7a89-49a4-a8b1-b3496e21a5fd,Warm,0,12.55,13,119.0
2026-06-30 20:55:02.333,3cc8f275-4388-4cce-80c8-76b20697926f,Warm,0,12.8,13,119.0
2026-06-30 20:55:03.067,013cb79c-6fc0-4478-8e6e-993f5438c572,Warm,0,15.81,16,119.0
2026-06-30 20:55:03.068,4eaa585a-f14a-4f53-9de9-568a693c511a,Warm,0,13.03,14,119.0
2026-06-30 20:55:03.076,862b0d37-d935-4096-b12f-51fc402f8010,Warm,0,13.09,14,119.0
2026-06-30 20:55:03.077,95872e6a-9006-49ea-8f1c-fbac6751a8ab,Warm,0,11.95,12,119.0
2026-06-30 20:55:03.077,0adb7fd7-cad9-4d80-81f8-619fb1fe19e2,Warm,0,17.27,18,119.0
2026-06-30 20:55:03.077,0028e591-293b-42ff-bf85-f1706148e431,Warm,0,12.64,13,119.0
2026-06-30 20:55:03.112,b08eeda9-11c1-403c-9d6d-1fd106cbc919,Warm,0,13.35,14,119.0
2026-06-30 20:55:03.114,4e2f7c51-7d77-4e89-8b45-df7e7dc0498b,Warm,0,12.78,13,119.0
2026-06-30 20:55:03.817,935ad34e-fd1c-41c5-a715-019116ecfb54,Warm,0,13.85,14,119.0
2026-06-30 20:55:03.819,86999b24-4359-4046-8a89-c74c96b4d658,Warm,0,20.09,21,119.0
2026-06-30 20:55:03.822,9b2a2a83-e12c-4479-bfb1-278f3fcd1a66,Warm,0,12.48,13,119.0
2026-06-30 20:55:03.823,d47010fb-a4e3-4b75-b7c8-771c313b20af,Warm,0,12.17,13,119.0
2026-06-30 20:55:04.876,8d24a3c7-9d6c-4c25-9d98-eb82b21e149a,Warm,0,12.87,13,119.0
2026-06-30 20:55:04.883,74d8d8fd-be0b-4256-9c32-95579841a64e,Warm,0,14.44,15,119.0
2026-06-30 20:55:05.570,1158ede8-b265-42f0-a0d4-c0e23aadba97,Warm,0,14.14,15,119.0
2026-06-30 20:55:05.573,3ed2c9c3-8542-4a13-b5e9-be4d739ea100,Warm,0,14.16,15,119.0
2026-06-30 20:55:05.603,770fd704-a06c-468f-9328-bc8e91f17ea4,Warm,0,12.15,13,119.0
2026-06-30 20:55:06.569,71457ab4-947a-4ef6-b57b-8edeb64e8943,Warm,0,12.53,13,119.0
2026-06-30 20:55:14.229,a8a72905-f6f0-4867-ab1d-f7f966e032c6,Warm,0,40.21,41,119.0
2026-06-30 20:55:14.246,c388fe4c-8e3e-4e78-9cf7-284079cbce2e,Warm,0,38.48,39,119.0
2026-06-30 20:55:14.255,b34d121f-e02f-4137-9db3-ba17c1c40a5a,Warm,0,39.63,40,119.0
2026-06-30 20:55:15.096,62d004b7-b711-47db-a7ae-b4658d10f617,Warm,0,12.69,13,119.0
2026-06-30 20:55:15.120,df78f375-6282-42aa-9f6c-29e2b238371b,Warm,0,15.25,16,119.0
2026-06-30 20:55:15.125,009b26ea-cb86-4f20-93c7-41aa58794ca1,Warm,0,13.46,14,119.0
2026-06-30 20:55:15.177,83fbceb6-1669-40b3-a13f-057fcdf88ebf,Warm,0,40.79,41,119.0
2026-06-30 20:55:15.919,4817a2c9-719e-4579-9c20-995f3eea36d8,Warm,0,13.39,14,119.0
2026-06-30 20:55:15.922,768b8770-9121-4f5e-821c-6c46d0b3e267,Warm,0,13.73,14,119.0
2026-06-30 20:55:15.941,352c08b1-2c70-4d9f-a807-480dad5705d8,Warm,0,12.74,13,119.0
2026-06-30 20:55:15.943,a3b07307-0ee7-4863-824e-c7a236882b99,Warm,0,14.09,15,119.0
2026-06-30 20:55:15.944,44bf43a7-a125-44fe-ad7e-5d75a4bd127b,Warm,0,13.94,14,119.0
2026-06-30 20:55:15.971,8a03f565-ffd5-4b2c-b5eb-8687de49e458,Warm,0,38.61,39,119.0
2026-06-30 20:55:16.526,8330862d-b6d5-4892-99b4-76e1ec12de1a,Warm,0,13.47,14,119.0
2026-06-30 20:55:16.529,e926d518-bd6a-4631-bec2-0377c75ba0c6,Warm,0,13.41,14,119.0
2026-06-30 20:55:16.530,575cb6f9-dc1b-4f19-98cd-9bebb167c8f2,Warm,0,11.54,12,119.0
2026-06-30 20:55:16.532,82026a77-29ac-4955-b129-511d7fbfb1c9,Warm,0,12.86,13,119.0
2026-06-30 20:55:16.563,b2cacebe-6490-4074-ae86-44171e2a6b3a,Warm,0,40.03,41,119.0
2026-06-30 20:55:16.731,88f951fd-efe1-4da7-8ec4-68aa898261a1,Warm,0,13,14,119.0
2026-06-30 20:55:16.731,03e3b19d-a2fc-4ca1-987e-1b04b3f7e8a3,Warm,0,13.21,14,119.0
2026-06-30 20:55:16.741,ec0bea34-1d48-49f0-93c1-67e9930f4e20,Warm,0,12.24,13,119.0
2026-06-30 20:55:16.742,fe153856-9212-46c0-9bd4-f55a676e5cd9,Warm,0,13.16,14,119.0
2026-06-30 20:55:16.749,d4fd46c3-1a81-4f1a-8cfe-f2e38b13408b,Warm,0,11.3,12,119.0
2026-06-30 20:55:16.752,eecbb8c7-126a-45a7-8317-7c78863d7d73,Warm,0,14.56,15,119.0
2026-06-30 20:55:16.758,3b7835b2-63b9-4652-8181-f6ff3401bcc7,Warm,0,14.87,15,119.0
2026-06-30 20:55:16.778,74c55d82-7e3b-4877-9657-855c8fd6ac6e,Warm,0,40.64,41,119.0
2026-06-30 20:55:17.450,468f83a5-c048-4c2c-831e-77157f9eb136,Warm,0,12.35,13,119.0
2026-06-30 20:55:17.465,8b3838e6-f7ee-4812-8eb9-459d42e831cc,Warm,0,12.05,13,119.0
2026-06-30 20:55:17.465,02c6582f-7417-4fa4-bbf7-f39ea3a57984,Warm,0,12.03,13,119.0
2026-06-30 20:55:17.469,37f4dc89-b56e-4f7e-aec6-b14c43f0e6ee,Warm,0,12.48,13,119.0
2026-06-30 20:55:17.470,05a26e29-68cc-43de-856b-75ab6328a517,Warm,0,14.6,15,119.0
2026-06-30 20:55:17.470,de323567-ec9a-4b71-a176-d8b5e116defd,Warm,0,12.94,13,119.0
2026-06-30 20:55:17.472,5c25fb38-86c7-4508-89a3-f6d8741694aa,Warm,0,13.32,14,119.0
2026-06-30 20:55:17.498,80bff2a6-3b0a-425c-bdb8-d64ec3b325f5,Warm,0,41.27,42,119.0
2026-06-30 20:55:17.506,5baf23de-c422-4e5b-90d0-58383da4cd77,Warm,0,41.69,42,119.0
2026-06-30 20:55:17.509,e3a7a797-c9b9-4fd3-bf51-78ce807ff5ec,Warm,0,43.98,44,119.0
2026-06-30 20:55:17.647,cfea3698-37fc-4ae9-a25a-135a4944ec32,Warm,0,13.48,14,119.0
2026-06-30 20:55:17.650,2e0286aa-c1fb-4f5a-80e9-f4f5f26bee36,Warm,0,14.72,15,119.0
2026-06-30 20:55:18.239,37335b0e-e6c9-48d5-b2e6-e74cb6e9f6f5,Warm,0,12.67,13,119.0
2026-06-30 20:55:18.240,c59265f8-5e62-4c55-aa7d-57c47cd0c51d,Warm,0,12.6,13,119.0
2026-06-30 20:55:18.240,4f977db3-add5-48be-a7b4-8a98a7632ded,Warm,0,15.03,16,119.0
2026-06-30 20:55:18.249,4df9cb5a-0904-4e41-a534-e19decbcc4d2,Warm,0,12.58,13,119.0
2026-06-30 20:55:18.256,3b296013-9018-4d2c-b8d1-2e8d2ef016ad,Warm,0,13.78,14,119.0
2026-06-30 20:55:18.257,25f9466d-9d5d-4e6a-b801-c88f2fef5ea3,Warm,0,14.76,15,119.0
2026-06-30 20:55:18.258,ebb0f0eb-70d8-43cc-afd5-3ee3982b82b0,Warm,0,13.93,14,119.0
2026-06-30 20:55:18.311,aedade83-5df6-46a1-8a9d-99ddd304e6d3,Warm,0,14.13,15,119.0
2026-06-30 20:55:19.196,73f6986b-3b7b-4a3e-8ba2-10d799291830,Warm,0,12.43,13,119.0
2026-06-30 20:55:19.199,7d99e895-f0c4-4d6a-87a3-db5d384e4a30,Warm,0,13.35,14,119.0
2026-06-30 20:55:19.199,799900f9-4773-47d4-a8fd-b16748bfcb2f,Warm,0,13.97,14,119.0
2026-06-30 20:55:19.199,a6a74a98-0440-4649-8b6f-675000ebe0ea,Warm,0,13.06,14,119.0
2026-06-30 20:55:19.200,ae7b6a06-ea6e-420d-8029-72c0a2d1249e,Warm,0,15.01,16,119.0
2026-06-30 20:55:19.234,9ebe2ff9-6b72-4146-805f-1d5873735e62,Warm,0,11.83,12,119.0
2026-06-30 20:55:20.098,47289157-eca4-4290-897a-9795ea169be2,Warm,0,11.54,12,119.0
2026-06-30 20:55:20.106,6a4a4f60-b727-4af0-acb7-b3cc35fca98a,Warm,0,15.35,16,119.0
2026-06-30 20:55:20.112,6f8ee786-09e1-4b8b-9a81-2319716b1766,Warm,0,13.1,14,119.0
2026-06-30 20:55:20.140,783086ef-3a05-4fef-8ff6-8f6e390f569d,Warm,0,13.53,14,119.0
2026-06-30 20:55:20.142,54f49802-97fe-43d9-a64e-39549f3d5367,Warm,0,14.04,15,119.0
2026-06-30 20:55:20.999,ea1b033c-5c00-4d5f-bd2b-781653c7d51a,Warm,0,12.22,13,119.0
2026-06-30 20:55:21.012,aaf3788f-a9b0-4db8-acc9-63e6751de513,Warm,0,13.55,14,119.0
2026-06-30 20:55:21.043,77534d59-d369-4241-8915-dfc5221e13bc,Warm,0,11.92,12,119.0
2026-06-30 20:55:21.902,fb64860c-cc8e-411b-9734-a6aba03891b9,Warm,0,12.71,13,119.0
2026-06-30 20:55:21.907,d788bbbd-7d6e-4852-a573-ecce8e3b81e0,Warm,0,13.4,14,119.0
2026-06-30 20:55:21.961,5b796e79-f50b-4694-9a83-e75a067a872a,Warm,0,13.42,14,119.0
2026-06-30 20:55:21.965,325c84df-96a8-4f28-8d77-ebcd38c903d1,Warm,0,12.94,13,119.0
2026-06-30 20:55:22.828,5ff9743a-e78e-471e-b662-f2c5cc4152c3,Warm,0,12.69,13,119.0
2026-06-30 20:55:22.887,8ecae8dc-84a4-46dd-92ce-1cd0ee288a69,Warm,0,11.8,12,119.0
2026-06-30 20:55:34.659,d82b83ca-6237-4844-8808-eb2758f5d11e,Warm,0,38.79,39,119.0
2026-06-30 20:55:34.662,ce48d764-9a21-4a40-aad1-58112cdb098e,Warm,0,40.27,41,119.0
2026-06-30 20:55:34.683,a1e90021-bc34-409e-b4d2-085aff31a1fa,Warm,0,37.98,38,119.0
2026-06-30 20:55:35.249,efcc35dc-4e9a-4ce2-9b92-c70a8c591842,Warm,0,12.22,13,119.0
2026-06-30 20:55:35.256,014bf359-dae2-4dc3-a698-2f1a2661dabf,Warm,0,16.6,17,119.0
2026-06-30 20:55:35.451,c975f9c5-30dd-4819-82f3-d85173cf4290,Warm,0,14.04,15,119.0
2026-06-30 20:55:35.455,9b6cceb8-4712-4c90-9576-d14979674814,Warm,0,12.2,13,119.0
2026-06-30 20:55:35.459,109c3bed-893a-4de6-8ffb-5ceda8fea754,Warm,0,13.43,14,119.0
2026-06-30 20:55:35.479,131ec6a5-7758-4cd1-ac37-bc834d1a7d8e,Warm,0,11.49,12,119.0
2026-06-30 20:55:35.482,8b982102-a682-4c3f-b687-56e237579e3d,Warm,0,14.56,15,119.0
2026-06-30 20:55:35.487,adc20c52-135a-400e-9ba5-944efeff791d,Warm,0,13.51,14,119.0
2026-06-30 20:55:35.511,4aa2e343-b478-4e81-8f06-77b3e66ea733,Warm,0,40.7,41,119.0
2026-06-30 20:55:36.152,259a2dfc-3f68-45f0-a8e8-cb7deb070581,Warm,0,12.76,13,119.0
2026-06-30 20:55:36.158,2c431d45-b5d4-4bfa-bc93-4ce5c09728a1,Warm,0,14.75,15,119.0
2026-06-30 20:55:36.159,aa1d652b-ec53-4f8f-97f0-1523ef3a7fe8,Warm,0,13.28,14,119.0
2026-06-30 20:55:36.223,3383f897-6389-4bea-955c-2bd361b5e0bd,Warm,0,13.27,14,119.0
2026-06-30 20:55:36.351,56798591-28ab-40bc-9196-aedde8735eda,Warm,0,11.96,12,119.0
2026-06-30 20:55:36.359,afcd7f8e-aa0d-4611-90c2-d03bab7da54b,Warm,0,14.13,15,119.0
2026-06-30 20:55:36.366,126cb5af-91f0-47a7-aeb2-b4c687e08630,Warm,0,14.35,15,119.0
2026-06-30 20:55:36.370,a5703a67-601d-4f3e-9986-0aee397190e7,Warm,0,13.25,14,119.0
2026-06-30 20:55:36.413,ab404ec1-6d1e-4832-959b-d16f4f84f362,Warm,0,12.87,13,119.0
2026-06-30 20:55:36.413,739eac6d-73d4-441e-b688-7446975c892e,Warm,0,13.23,14,119.0
2026-06-30 20:55:36.414,83a49313-a9a6-4b64-849d-a810249f98b7,Warm,0,11.96,12,119.0
2026-06-30 20:55:36.415,f9c8c59b-7b2b-4062-a194-d92044fdbcf6,Warm,0,14.56,15,119.0
2026-06-30 20:55:37.066,b70078da-c482-49dd-b85b-b3647e48d136,Warm,0,13.66,14,119.0
2026-06-30 20:55:37.067,b0cb067f-2fb0-4beb-81bf-d50cea3e9745,Warm,0,12.69,13,119.0
2026-06-30 20:55:37.077,1db023bd-cac4-4655-a848-15c1e93bcdf8,Warm,0,12.19,13,119.0
2026-06-30 20:55:37.078,4b615368-7a8b-4631-abf1-4026267c4e76,Warm,0,13.36,14,119.0
2026-06-30 20:55:37.096,725a8570-7ea8-46b6-93ac-d2c4660c400a,Warm,0,13.27,14,119.0
2026-06-30 20:55:37.097,b6a509c8-d22b-49b0-bc5b-43fadcd4f8bc,Warm,0,13.11,14,119.0
2026-06-30 20:55:37.098,3a81a5cb-cc2e-41d4-9c46-d5ace353e488,Warm,0,14.77,15,119.0
2026-06-30 20:55:37.107,040ae5d3-0f76-419a-9e0d-d712a960b559,Warm,0,39.83,40,119.0
2026-06-30 20:55:37.108,08236252-592e-4c38-ac84-7c9d376eb55e,Warm,0,41.1,42,119.0
2026-06-30 20:55:37.282,7fb3554e-0235-4df9-9582-6f2e565ae555,Warm,0,12.13,13,119.0
2026-06-30 20:55:37.284,6526c0ac-8a0e-4eed-955f-4c13de3ebc3c,Warm,0,13.77,14,119.0
2026-06-30 20:55:37.978,05e95e4a-d9eb-4def-9004-55e5818ca86d,Warm,0,12.73,13,119.0
2026-06-30 20:55:37.978,06324808-a59f-4b80-aa38-0189c4144747,Warm,0,12.77,13,119.0
2026-06-30 20:55:37.981,c1069c47-3ceb-4be3-a94a-04a2e6784ee9,Warm,0,14.85,15,119.0
2026-06-30 20:55:37.983,30e8c375-a620-48ab-ae2d-de12fd040779,Warm,0,15.24,16,119.0
2026-06-30 20:55:37.983,8a8c807d-8566-4880-847d-d33b796f8073,Warm,0,13.81,14,119.0
2026-06-30 20:55:37.986,47fb8ac9-1052-47d3-a818-a8b3363be2d3,Warm,0,11.19,12,119.0
2026-06-30 20:55:38.015,db61e892-5a3a-4b52-9613-91bb131265d4,Warm,0,36.7,37,119.0
2026-06-30 20:55:38.029,09fe4e0b-5a97-4d52-b8f5-8d3cbb4671d0,Warm,0,48.87,49,119.0
2026-06-30 20:55:38.178,efb6dd0c-83b8-47bd-b032-3397129c132b,Warm,0,13.48,14,119.0
2026-06-30 20:55:38.188,02d2d6d8-469c-45a4-83c2-6896c6b6c484,Warm,0,13.07,14,119.0
2026-06-30 20:55:38.209,1d6c2832-06d0-4f2f-80d8-b9f8838dbd0f,Warm,0,16.4,17,119.0
2026-06-30 20:55:38.661,54f2bce0-a933-4164-acbc-ae815cd4f81b,Warm,0,13.54,14,119.0
2026-06-30 20:55:38.670,988cedab-014a-436b-a845-9b096e2d0171,Warm,0,14.07,15,119.0
2026-06-30 20:55:38.676,ab75b027-a025-4566-86d5-9ddbe9240268,Warm,0,13.12,14,119.0
2026-06-30 20:55:38.676,78aeac0f-44d7-4eee-8d1e-08bde3281af7,Warm,0,13.11,14,119.0
2026-06-30 20:55:38.686,1c147cf0-548f-4547-913f-5aabfee3a71a,Warm,0,12.49,13,119.0
2026-06-30 20:55:38.687,0abdad5a-80d0-40e4-9a0e-6a042f083dcc,Warm,0,13.32,14,119.0
2026-06-30 20:55:38.692,288fb3d2-0f7b-4811-bc03-17d0aa9a783e,Warm,0,18.44,19,119.0
2026-06-30 20:55:38.694,07dac25d-7b37-4416-92fb-283a89e3f9e9,Warm,0,18.98,19,119.0
2026-06-30 20:55:38.745,34273268-565c-4ddc-b643-0b992aa5b694,Warm,0,13.91,14,119.0
2026-06-30 20:55:38.859,872ee89c-3d61-4227-a5a1-7b8f9f090c2e,Warm,0,14.41,15,119.0
2026-06-30 20:55:38.924,3dc380d4-b909-40dd-b2c6-13838c2a7284,Warm,0,15.84,16,119.0
2026-06-30 20:55:38.928,111547ce-62cf-43b9-a74e-f0bb87d8be02,Warm,0,14.46,15,119.0
2026-06-30 20:55:39.647,11133802-6743-46c8-9154-95e7bf572c51,Warm,0,12.21,13,119.0
2026-06-30 20:55:39.665,d6ef4bf6-b332-440c-ad42-eee0f5155eb5,Warm,0,14.86,15,119.0
2026-06-30 20:55:39.668,4daa87de-2e80-4586-9581-01efe0b3ff21,Warm,0,13.11,14,119.0
2026-06-30 20:55:39.670,94fa439b-f568-481f-8b7c-981d9f0bb8d2,Warm,0,15.66,16,119.0
2026-06-30 20:55:40.668,cc4b4930-e777-4072-afb1-58e6d9a2501a,Warm,0,13.24,14,119.0
2026-06-30 20:55:40.682,db49aea4-ecd9-492e-a105-a22084943c04,Warm,0,12.8,13,119.0
2026-06-30 20:55:40.685,12de0e80-13fd-4857-b2e6-8bf95440e5da,Warm,0,12.65,13,119.0
2026-06-30 20:55:41.465,a712bf5f-27e0-4569-a527-73c2531080f3,Warm,0,12.71,13,119.0
2026-06-30 20:56:14.830,85d0a60b-20df-4bc6-827b-a816d1caa83c,Warm,0,72.23,73,119.0
2026-06-30 20:56:14.852,d44358be-9b82-48db-aaea-5e31772370cf,Warm,0,72.15,73,119.0
2026-06-30 20:56:15.597,73ee18e7-4aee-4fe1-8351-bf8ae8f70135,Warm,0,41.82,42,119.0
2026-06-30 20:56:15.597,9d995723-e085-4483-83a5-713804d6c9a0,Warm,0,46.27,47,119.0
2026-06-30 20:56:15.638,c6667074-1a6d-4af8-8886-44eaba00f829,Warm,0,80.7,81,120.0
2026-06-30 20:56:16.375,feef4e01-605b-473a-87a2-5bc9ca6bc67f,Warm,0,43.34,44,119.0
2026-06-30 20:56:16.377,60f613fc-336b-4b85-83ac-8f8eaf1e9df8,Warm,0,44.89,45,119.0
2026-06-30 20:56:16.378,8b28d935-2f09-4e27-8e5d-ccd636d85bdf,Warm,0,49.31,50,120.0
2026-06-30 20:56:16.481,01bf37d6-d829-4ca3-a748-40c0ebeb37bc,Warm,0,42.97,43,120.0
2026-06-30 20:56:17.293,4dea6cae-8817-4e91-b88f-e930afa3495b,Warm,0,53.57,54,120.0
2026-06-30 20:56:17.300,3de0165f-d9ad-4a43-b42f-20cf649d797f,Warm,0,48.01,49,119.0
2026-06-30 20:56:18.273,df8b95e0-48a4-4aae-9583-813b06b3cc04,Warm,0,44.25,45,119.0
2026-06-30 20:56:18.277,cf5c16ae-5b6e-407c-979f-72202d3a3aee,Warm,0,44.76,45,120.0
2026-06-30 20:56:18.287,6957c565-915d-429e-9c13-585ce3a0ffdf,Warm,0,46.97,47,119.0
2026-06-30 20:56:19.005,c948177b-1882-49fa-b105-448439326edb,Warm,0,45.11,46,119.0
2026-06-30 20:56:19.015,ff6ff0ad-4df2-465a-a1b1-6eab002f3985,Warm,0,50.25,51,120.0
2026-06-30 20:56:19.045,a293ae42-1f80-4390-ac8d-3cc2deaa9f4c,Warm,0,81.32,82,119.0
2026-06-30 20:56:19.893,6b1b36fd-3749-4f00-a27d-b34b18c31dfb,Warm,0,44.15,45,119.0
2026-06-30 20:56:19.914,4395e041-00d6-42b3-a449-1c7e80b6befc,Warm,0,61.58,62,120.0
2026-06-30 20:56:20.802,b08aa8fe-9684-47b5-bc5c-fb20659aabb2,Warm,0,40.53,41,120.0
2026-06-30 20:56:20.803,baf1fdd1-063b-4ed8-9ac6-aed4e4190fe9,Warm,0,42.32,43,119.0
2026-06-30 20:56:20.856,edcf1858-0539-4db3-81a3-abf49697cc83,Warm,0,87.86,88,119.0
2026-06-30 20:56:22.359,9de7c28f-accd-42b1-97d3-63f70a02c690,Warm,0,12.02,13,119.0
2026-06-30 20:56:22.372,406ed360-c70a-486e-a43d-36bf2274af0f,Warm,0,12.6,13,120.0
2026-06-30 20:56:22.373,6045764c-e72a-40cd-a500-44e03f752ca0,Warm,0,13.88,14,119.0
2026-06-30 20:56:22.405,428c9c8c-00df-4525-8aab-d410bdb48a74,Warm,0,11.98,12,120.0
2026-06-30 20:56:22.406,7d36a25c-83a2-48fa-a4b4-3dcceb72e31c,Warm,0,12.54,13,119.0
2026-06-30 20:56:22.406,38f7283b-2eb3-4bf4-9212-36c5c2781bd1,Warm,0,13.04,14,119.0
2026-06-30 20:56:23.166,18af9513-c823-4a5b-9fdb-04f75e64ca53,Warm,0,11.35,12,119.0
2026-06-30 20:56:23.167,454c5c91-2338-430b-ac98-ea7b0a72fd41,Warm,0,12.12,13,120.0
2026-06-30 20:56:23.167,199ad49c-2c0f-4cca-8a83-205b74e92e3f,Warm,0,12.92,13,119.0
2026-06-30 20:56:23.189,ef81c960-c9e7-42c1-a216-b9768c2a6eab,Warm,0,14.51,15,119.0
2026-06-30 20:56:23.193,a9fe3a64-b0f9-45b2-ae8e-443b62c2a9cc,Warm,0,12.63,13,119.0
2026-06-30 20:56:23.193,039538e5-c2b8-429b-9387-bdb374b74c1b,Warm,0,12.31,13,120.0
2026-06-30 20:56:23.224,d89b8ffd-8470-4db3-81a9-fb5369eb2938,Warm,0,43.04,44,119.0
2026-06-30 20:56:23.225,3ace1c45-6280-4601-94e0-334ddce76d92,Warm,0,42.9,43,120.0
2026-06-30 20:56:23.229,66b1a5f1-c84c-407c-a80c-80a26f1cb352,Warm,0,45.92,46,119.0
2026-06-30 20:56:24.163,d95db545-455f-4a43-9ac2-19153acd11af,Warm,0,11.74,12,119.0
2026-06-30 20:56:24.170,d35d2895-f957-4dd2-b8b6-02c4f03d5210,Warm,0,11.94,12,119.0
2026-06-30 20:56:24.171,2bf051e1-aa60-48c1-9c84-69adf3b1d548,Warm,0,13.87,14,120.0
2026-06-30 20:56:24.175,ada44548-170a-44aa-b8be-4c2f222a25da,Warm,0,14.16,15,119.0
2026-06-30 20:56:24.201,c30152a7-869b-4880-a845-256de2ebefb7,Warm,0,12.14,13,119.0
2026-06-30 20:56:24.204,397f0a46-b0d3-42ec-8525-ab59da3be298,Warm,0,13.29,14,120.0
2026-06-30 20:56:24.206,4c784a16-5244-4532-a935-4bfe0938b57b,Warm,0,15.55,16,119.0
2026-06-30 20:56:24.911,321b0cb7-3c02-413d-8617-0e9a4a8a60a4,Warm,0,12.27,13,120.0
2026-06-30 20:56:24.913,b68cb424-c559-450f-a983-257ebab45877,Warm,0,14.84,15,119.0
2026-06-30 20:56:24.914,f58485fc-fdbd-4b4d-8b68-dbf851ea95c0,Warm,0,11.49,12,119.0
2026-06-30 20:56:24.917,686bbbdd-7091-417c-815e-381b5316a023,Warm,0,13.24,14,119.0
2026-06-30 20:56:24.918,2f12821b-cb53-449f-b27c-b082da3747c4,Warm,0,13.08,14,120.0
2026-06-30 20:56:24.925,2629b2be-b7a0-4970-9e7a-034c8c46a648,Warm,0,14.14,15,119.0
2026-06-30 20:56:24.955,e426e9d8-7e92-48f3-8772-783d452ff3fd,Warm,0,43.81,44,119.0
2026-06-30 20:56:25.863,71fbeafb-6f46-4f6e-af2e-fd06569531e0,Warm,0,13.89,14,119.0
2026-06-30 20:56:25.870,aa48f64f-9f94-47bd-bb31-e7d8ddb7459f,Warm,0,13.75,14,119.0
2026-06-30 20:56:25.870,088cfaf7-5670-4ba2-9d84-d6cfae322a38,Warm,0,13.37,14,120.0
2026-06-30 20:56:25.884,39e9bdea-d091-46f5-a303-79c8648ef390,Warm,0,19.69,20,119.0
2026-06-30 20:56:25.925,a94c5f4f-b7d1-416f-a41f-b3d02d04e4ce,Warm,0,12.39,13,119.0
2026-06-30 20:56:25.926,dbcd23a1-8952-4291-b3fd-710bf2210f4e,Warm,0,11.75,12,120.0
2026-06-30 20:56:25.927,fa7cb00a-5c5f-4a41-bb9d-c9ac3c550111,Warm,0,12.47,13,119.0
2026-06-30 20:56:25.928,5207e397-915c-4cf4-a445-9e455bde5d02,Warm,0,12.69,13,119.0
2026-06-30 20:56:26.772,2a85ae34-adf7-4bf6-b784-021f148a1813,Warm,0,11.89,12,119.0
2026-06-30 20:56:26.778,72a5ebf4-1e89-429b-9519-f2d677581fd9,Warm,0,12.14,13,119.0
2026-06-30 20:56:26.795,cfba8b10-a1ca-4dba-b6d0-f4512b8a078e,Warm,0,11.63,12,119.0
2026-06-30 20:56:26.798,1381dfe9-f8a5-4a6d-8fa1-475a247d9b7a,Warm,0,12.93,13,119.0
2026-06-30 20:56:26.842,eafd735d-fee7-40c0-9dd2-22716e2b8a6b,Warm,0,13.49,14,119.0
2026-06-30 20:56:26.843,a082dab2-bd99-4b13-a7e1-93239e38523c,Warm,0,12.86,13,119.0
2026-06-30 20:56:27.489,b78ee67e-817d-495a-a4c7-1b8f6fa8e98b,Warm,0,12.51,13,119.0
2026-06-30 20:56:27.489,bf0b2f3a-711e-4958-a927-09159092e31f,Warm,0,13.84,14,119.0
2026-06-30 20:56:27.491,e793048f-8db2-48ea-a432-d75c73e04f51,Warm,0,11.62,12,119.0
2026-06-30 20:56:27.491,c531c275-ba9d-4bf5-90e3-eb0b1ecd3d09,Warm,0,12.19,13,120.0
2026-06-30 20:56:27.492,2ca6a32d-2b5c-4f3c-95e1-7252e3e91786,Warm,0,12.86,13,119.0
2026-06-30 20:56:27.492,42592daf-5539-49f4-b26c-c556ed7e4cb8,Warm,0,12.79,13,119.0
2026-06-30 20:56:28.379,ffcead8b-0e6c-4948-8624-adc4d3d2c0ef,Warm,0,12.22,13,119.0
2026-06-30 20:56:28.379,e5007b7a-9d7d-467e-95a5-2695051356b9,Warm,0,12.72,13,119.0
2026-06-30 20:56:28.384,33d418eb-cd42-4fe4-bedc-658e78f01e04,Warm,0,11.69,12,120.0
2026-06-30 20:56:28.393,99a03d1f-04a2-4b0b-a7cd-7ee1976789e6,Warm,0,13.21,14,119.0
2026-06-30 20:56:28.396,2c3e712d-1ab4-4dd9-b4c9-f0f642243a51,Warm,0,13.93,14,119.0
2026-06-30 20:56:28.397,e3b16172-5b1b-476e-9c8b-170588a6aa8a,Warm,0,15.94,16,119.0
2026-06-30 20:56:29.277,4bfd2f99-58a0-4a9f-999e-f1adf6b537aa,Warm,0,12.87,13,119.0
2026-06-30 20:56:29.285,4d96474e-4ddb-42bf-8c29-f0e00155254f,Warm,0,13.59,14,119.0
2026-06-30 20:56:29.287,7e21f51b-da15-476a-839a-378e8370f235,Warm,0,14.23,15,119.0
2026-06-30 20:56:29.289,b3e5fb03-cbff-4484-8a0a-c33d460264cc,Warm,0,13.3,14,120.0
2026-06-30 20:56:29.298,09f102f3-f083-488c-8d1a-b138762a1cf1,Warm,0,12.46,13,119.0
2026-06-30 20:56:29.803,069fb799-0c89-4636-ba2c-c135e3e353e0,Warm,0,11.92,12,119.0
2026-06-30 20:56:30.006,a044463d-1169-44ec-ab81-978edf30effa,Warm,0,11.35,12,119.0
2026-06-30 20:56:30.025,6ec27099-911a-4733-acdf-57a2ebac449b,Warm,0,12.6,13,119.0
2026-06-30 20:56:30.028,1899c4b3-f642-405c-9640-4794816d7928,Warm,0,13.19,14,120.0
2026-06-30 20:56:30.724,a19bb17e-d100-4a8a-96dd-7841347e505a,Warm,0,12.19,13,120.0
2026-06-30 20:56:30.940,19eca9ee-01cc-49a5-b69f-064a0c113cd7,Warm,0,12.06,13,120.0
2026-06-30 20:56:36.813,61de3735-c33d-48d3-8c24-2355cc91ae7b,Warm,0,11.85,12,120.0
2026-06-30 20:56:36.844,350adec2-1517-4c1f-8a0b-0af07457d288,Warm,0,42.02,43,119.0
2026-06-30 20:56:37.544,3ef30f73-a72b-4d3e-a112-21b52656dc41,Warm,0,13.25,14,119.0
2026-06-30 20:56:37.546,c23bc60d-e557-42b7-82db-eefd6d169ecc,Warm,0,12.41,13,120.0
2026-06-30 20:56:37.578,c028c7bc-0d23-4265-8ff2-4692924aafea,Warm,0,36.58,37,119.0
2026-06-30 20:56:37.586,4d341844-2b7b-4cb5-8a16-f55db53d2a04,Warm,0,39.64,40,119.0
2026-06-30 20:56:37.587,108ffaa1-4c4b-4751-a6c4-c9d87dfd8f29,Warm,0,42.17,43,119.0
2026-06-30 20:56:38.603,640fd6ce-8f70-49c6-9ef2-75dc7f4c382d,Warm,0,12.88,13,119.0
2026-06-30 20:56:38.607,c11382bf-49e7-4c60-9499-f12f51cf002a,Warm,0,14.75,15,119.0
2026-06-30 20:56:38.608,ffa9de25-4146-4375-9b1e-21c6dbafa9aa,Warm,0,15.88,16,119.0
2026-06-30 20:56:38.617,ecb74a3b-3229-45a6-8c74-274e1a334c4f,Warm,0,11.08,12,119.0
2026-06-30 20:56:38.619,bf999da6-ecd4-41e1-b957-8359c2073f11,Warm,0,13.03,14,120.0
2026-06-30 20:56:38.643,e91c2ee9-e1e4-4153-97a8-2607db5993e4,Warm,0,12.99,13,120.0
2026-06-30 20:56:38.643,fe5e6b8e-405c-44d9-9a6f-f5c6f38b1319,Warm,0,13.47,14,119.0
2026-06-30 20:56:38.644,202f30a0-5115-4348-b526-43eb5d1af75e,Warm,0,14.01,15,119.0
2026-06-30 20:56:39.507,9c69ddbc-206c-4118-ad37-058fe691d965,Warm,0,11.47,12,119.0
2026-06-30 20:56:39.517,dbbe858e-1d5f-4765-a585-e2685c945288,Warm,0,13.66,14,120.0
2026-06-30 20:56:39.517,23ce8a9a-ce02-43dd-8e56-aba7604589de,Warm,0,12.68,13,119.0
2026-06-30 20:56:39.520,55682934-22e7-4026-af01-3c2ee59d5651,Warm,0,12.92,13,119.0
2026-06-30 20:56:39.521,7e0ac901-5947-4333-971e-2228a82cd8bd,Warm,0,14.47,15,119.0
2026-06-30 20:56:39.549,c840e85e-a610-4e77-abe4-611e3565d81c,Warm,0,42.66,43,119.0
2026-06-30 20:56:39.551,8464b408-8704-440e-a290-c791dff51ddc,Warm,0,13.09,14,119.0
2026-06-30 20:56:39.570,83007b80-1e08-45f5-981f-41234fe1c7c1,Warm,0,15.86,16,119.0
2026-06-30 20:56:40.419,401a1aec-fe7a-4cc8-b4ee-097761c2ede0,Warm,0,14.13,15,119.0
2026-06-30 20:56:40.421,7d9b6b7c-a929-46c0-8126-154968058b41,Warm,0,16.23,17,119.0
2026-06-30 20:56:40.428,b4a043bf-6ee2-411f-b239-05ed8ea6df87,Warm,0,11.36,12,120.0
2026-06-30 20:56:40.429,cb2e400c-906a-422a-94ce-24938b00c6ca,Warm,0,12.93,13,119.0
2026-06-30 20:56:40.429,220ec8eb-d0f2-4e20-bbba-f982a8409cd1,Warm,0,13.87,14,119.0
2026-06-30 20:56:40.445,bb4dfc97-940b-42b4-a22c-c42ad6873cfc,Warm,0,13.21,14,119.0
2026-06-30 20:56:40.446,b53b11af-957a-43da-816c-a158b6b38a36,Warm,0,12.99,13,119.0
2026-06-30 20:56:40.447,7aad6a2b-8903-4ac8-8491-9595060fd132,Warm,0,12.63,13,119.0
2026-06-30 20:56:40.467,1159c1ce-015c-4396-9446-e7dfcd107fac,Warm,0,13.57,14,119.0
2026-06-30 20:56:41.118,43b4ef38-11e8-487b-ae61-0af439aa92f9,Warm,0,12.66,13,119.0
2026-06-30 20:56:41.119,46ca82a3-7049-4eec-8a77-a1369445139d,Warm,0,12.13,13,119.0
2026-06-30 20:56:41.120,fe0cff1c-2865-40bb-a805-09817b534151,Warm,0,14.1,15,119.0
2026-06-30 20:56:41.120,50c77e73-7e78-4205-82b4-4662a2829de7,Warm,0,11.3,12,119.0
2026-06-30 20:56:41.120,424f8ed5-85ab-416f-bd6e-1722160f4725,Warm,0,13.22,14,119.0
2026-06-30 20:56:41.120,2a6c1097-5c58-4863-9917-9a2bdd8643b2,Warm,0,12.17,13,120.0
2026-06-30 20:56:41.153,775707fd-2e11-4f74-85c4-390408314af4,Warm,0,42.56,43,119.0
2026-06-30 20:56:41.155,894dc574-33ec-4697-b876-8b4b6e276179,Warm,0,41.77,42,120.0
2026-06-30 20:56:41.160,c5acb234-2d92-41f3-b183-9253549f4a9b,Warm,0,49.35,50,119.0
2026-06-30 20:56:41.819,2f002ea5-54f3-4bb7-af09-0727601e7a58,Warm,0,13.39,14,119.0
2026-06-30 20:56:41.970,318bec23-6c15-48e8-b72d-acaa11e2227b,Warm,0,11.34,12,120.0
2026-06-30 20:56:41.971,ad2ef262-8c7a-405d-9f5b-915ff263fd89,Warm,0,12.35,13,119.0
2026-06-30 20:56:41.973,f0c71c73-da97-4d4a-af19-1b545f46fa4a,Warm,0,12.22,13,119.0
2026-06-30 20:56:41.974,d83782de-d51c-4a49-837a-60556bb75a15,Warm,0,13.21,14,120.0
2026-06-30 20:56:41.975,80934fc9-ed49-4ef3-9bb1-374d66277ee8,Warm,0,13.65,14,119.0
2026-06-30 20:56:41.976,ef361b92-6194-44f2-bcab-51867aea60bc,Warm,0,16.16,17,119.0
2026-06-30 20:56:41.979,d232ed6f-4e0c-4d5b-9718-c1c6bc5f551f,Warm,0,13.76,14,119.0
2026-06-30 20:56:41.980,c41dbbbc-d9ae-4922-a1a4-ef92dc5f957f,Warm,0,14.09,15,119.0
2026-06-30 20:56:42.000,2fbd7e2a-3a3b-487c-a201-c88ba2ab6e7a,Warm,0,13.76,14,119.0
2026-06-30 20:56:42.904,32866230-af3b-4cd8-98c4-d247470ebb36,Warm,0,12.53,13,119.0
2026-06-30 20:56:42.923,4b73e95f-537d-44ac-99f0-d830eb882ae8,Warm,0,11.3,12,119.0
2026-06-30 20:56:42.924,d758556d-0593-485b-8de0-39c0a2a5424b,Warm,0,12.61,13,119.0
2026-06-30 20:56:42.941,6d3b3a87-bb00-4e60-84fb-5d6b55350bcd,Warm,0,12.77,13,119.0
2026-06-30 20:56:42.942,8bcc8f9c-62ab-4ac4-9ab1-995ab50823a7,Warm,0,12.32,13,119.0
2026-06-30 20:56:42.942,50f24282-5cd7-40b6-88c2-65f561519716,Warm,0,13.85,14,119.0
2026-06-30 20:56:42.942,3b3ba753-3898-4e54-8335-1e5f591e9bac,Warm,0,12.09,13,119.0
2026-06-30 20:56:42.977,26e282f0-5217-46f7-b446-9c2a5c7b60a7,Warm,0,13.33,14,119.0
2026-06-30 20:56:43.806,195ed4e5-d1ef-40ce-af80-a09139e6d605,Warm,0,15.03,16,119.0
2026-06-30 20:56:43.809,43db399a-4f00-4eae-9cad-9e4a175123b7,Warm,0,12.17,13,119.0
2026-06-30 20:56:43.814,15c070f0-d1ca-4a60-bbc4-8dbc0c8e1229,Warm,0,14.54,15,119.0
2026-06-30 20:56:43.819,293e30b4-a637-47f7-8d76-3a8fefe3e5fc,Warm,0,14.76,15,119.0
2026-06-30 20:56:43.865,b4ef4f2b-4459-4e6f-b61e-0ff1358c9466,Warm,0,13.74,14,119.0
2026-06-30 20:56:44.518,776fb470-681d-411b-8125-efdc0671fab6,Warm,0,13.08,14,119.0
2026-06-30 20:56:44.520,1a70aef0-38a4-4b87-9290-85b79ed82d08,Warm,0,13.6,14,119.0
2026-06-30 20:56:51.379,82cf32be-b3df-4ac9-a210-74ce906cc837,Warm,0,41.14,42,119.0
2026-06-30 20:56:51.405,e84d8b9f-b591-4cc5-91fa-e9768a8f0ec1,Warm,0,41.51,42,119.0
2026-06-30 20:56:51.407,35ac9202-13b3-467a-bc0f-4ad39e125994,Warm,0,40.14,41,119.0
2026-06-30 20:56:51.407,b459a891-de94-49e7-859a-248dcace7da7,Warm,0,41.05,42,119.0
2026-06-30 20:56:51.410,ff008a3b-714e-4441-a6ba-b5d7b8f00a5c,Warm,0,42.93,43,120.0
2026-06-30 20:56:51.414,eeb9efc1-229a-440b-9cc0-a0e7244c5b6f,Warm,0,38.37,39,120.0
2026-06-30 20:56:51.417,67fa0c26-aadb-4f44-8088-cafbc5a011e5,Warm,0,43.07,44,119.0
2026-06-30 20:56:51.417,488fe59d-b283-4b4e-b4c7-bccc88665c2c,Warm,0,41.48,42,119.0
2026-06-30 20:56:52.053,f0266664-201a-45dd-b582-2233846547f4,Warm,0,11.35,12,120.0
2026-06-30 20:56:52.054,2dd71a61-7599-4136-aba2-56d45a1d246e,Warm,0,12.32,13,119.0
2026-06-30 20:56:52.055,59b540ac-5f16-40a8-8397-f074d057721f,Warm,0,12.66,13,119.0
2026-06-30 20:56:52.059,65928712-f8d4-4e39-a983-11f1a242f4ec,Warm,0,13.05,14,120.0
2026-06-30 20:56:52.064,1a4b92bc-6d08-4222-ad38-4f0d5584f438,Warm,0,12.48,13,119.0
2026-06-30 20:56:52.066,4347ba62-fdf4-497a-b646-c4a851eff11f,Warm,0,12.82,13,119.0
2026-06-30 20:56:52.066,a373b811-f9d5-4d1c-967d-c91e5b3058e8,Warm,0,12.67,13,119.0
2026-06-30 20:56:52.068,4cce0a84-dcb8-4795-a4ba-7690f210a7d5,Warm,0,14.15,15,119.0
2026-06-30 20:56:52.097,b09e5c25-f38e-444a-984d-3a763eae678c,Warm,0,40.86,41,119.0
2026-06-30 20:56:52.099,91f9b3da-6235-4de5-843a-e6e481a07ba8,Warm,0,40.99,41,119.0
2026-06-30 20:56:52.930,73ff42b8-c713-440d-8c56-33a559280e53,Warm,0,14.77,15,119.0
2026-06-30 20:56:52.940,7b618f69-0a57-4d50-a632-5d137776894e,Warm,0,13.14,14,119.0
2026-06-30 20:56:52.945,ce020252-5025-46be-9162-aaceb3d43955,Warm,0,12.83,13,119.0
2026-06-30 20:56:52.945,47260fde-6de0-4a76-9835-08242d768009,Warm,0,11.76,12,119.0
2026-06-30 20:56:53.141,7d84ad34-f59c-4385-b623-9a02cefe6566,Warm,0,12.88,13,119.0
2026-06-30 20:56:53.142,6276f06c-bf35-4674-b246-dd42dec4af44,Warm,0,12.56,13,119.0
2026-06-30 20:56:53.151,642c11d0-6242-4222-a72d-77516a0817ae,Warm,0,12.57,13,119.0
2026-06-30 20:56:53.153,f293ea5d-953f-4cef-8d38-713ee4af64e5,Warm,0,13.18,14,119.0
2026-06-30 20:56:53.154,75f4f9f9-a555-46a3-b233-85642771de07,Warm,0,13.98,14,119.0
2026-06-30 20:56:53.159,e08a0b77-17c8-47d4-a54a-a87d9cd885be,Warm,0,15.24,16,119.0
2026-06-30 20:56:53.172,13f89df5-4d0d-4388-b6f0-f95fba6fdc8c,Warm,0,13.57,14,119.0
2026-06-30 20:56:53.857,7a518807-e5ee-4daa-8be6-0269a758573e,Warm,0,12.74,13,119.0
2026-06-30 20:56:53.858,657758f8-e757-4fef-bf1c-7bc4a098a248,Warm,0,14.68,15,119.0
2026-06-30 20:56:53.862,03a22311-54b5-423d-a7d4-474feb72aed0,Warm,0,12.65,13,119.0
2026-06-30 20:56:53.863,f52aed73-1b0b-46ca-a756-7adb764f31e4,Warm,0,13.26,14,119.0
2026-06-30 20:56:53.864,a5bd4e51-a470-46d9-a429-1fba002832b0,Warm,0,13.7,14,119.0
2026-06-30 20:56:53.865,2eaf8bb2-12b6-4427-b449-85b8364536b6,Warm,0,14.57,15,119.0
2026-06-30 20:56:53.865,a7caa8b6-2c91-4b71-9898-8c73ee64f70e,Warm,0,12.73,13,120.0
2026-06-30 20:56:53.873,f620cdd6-4246-4e30-b0aa-603cebdc2758,Warm,0,13.28,14,119.0
2026-06-30 20:56:53.873,383a4984-8a16-4120-8aa0-04bcf6416a6e,Warm,0,13.37,14,119.0
2026-06-30 20:56:54.077,06af6bf3-c402-4a29-907a-48b2c4f3495e,Warm,0,14.11,15,119.0
2026-06-30 20:56:54.080,5095e5a4-c2d3-4425-ad55-004d5ec888e3,Warm,0,12.02,13,119.0
2026-06-30 20:56:54.081,fa596621-e413-4101-834e-731ba0d31be4,Warm,0,12.34,13,119.0
2026-06-30 20:56:54.103,5aa2114e-d891-41d0-8a58-5f264325fedf,Warm,0,15.4,16,119.0
2026-06-30 20:56:54.559,0ae39b00-3b2d-4b8f-ade2-ab5d32c74e2e,Warm,0,12.01,13,119.0
2026-06-30 20:56:54.562,86ea5c57-ee23-4237-b4bd-c65ae0173e04,Warm,0,13.69,14,119.0
2026-06-30 20:56:54.564,9203c9dc-0962-4dd5-afd6-c83e9722ed59,Warm,0,12.58,13,120.0
2026-06-30 20:56:54.569,0c5c7ff4-a1ae-46fa-b39c-a340ddff77a8,Warm,0,12.97,13,119.0
2026-06-30 20:56:54.571,c4c755c8-5ac9-43c8-b934-8b1da7d468b8,Warm,0,14.22,15,119.0
2026-06-30 20:56:54.576,80d0d273-ca80-46c2-9a87-2822e1f979f9,Warm,0,13.46,14,119.0
2026-06-30 20:56:54.579,914e6c8f-9db2-4ada-85b1-96ed7b8e9b3b,Warm,0,15.57,16,119.0
2026-06-30 20:56:54.579,5fc971e8-d3b0-4c4e-8a65-bc209e6ab790,Warm,0,12.52,13,119.0
2026-06-30 20:56:54.582,e42f66da-fde1-4e28-8069-0793cb645212,Warm,0,35.89,36,119.0
2026-06-30 20:56:54.618,8aee98c1-0402-4326-a69a-f97e0b20006a,Warm,0,24.21,25,119.0
2026-06-30 20:56:55.646,f91a3ae8-ba5b-4ba7-9332-a00b10249bce,Warm,0,14.26,15,119.0
2026-06-30 20:56:55.661,b9a2f875-5e6e-48f1-8ee8-fe6e5fce802a,Warm,0,13.22,14,119.0
2026-06-30 20:56:55.663,d78d3669-e192-49b9-84c0-1a9403fa3c7f,Warm,0,12.12,13,119.0
2026-06-30 20:56:55.691,8304f5d4-673b-4e3e-b6b0-a9624587b4ce,Warm,0,12.78,13,119.0
2026-06-30 20:56:55.699,e42ef688-ecba-489f-a41f-6774fd91a51c,Warm,0,51.63,52,119.0
2026-06-30 20:56:56.453,527de435-0b46-4ca2-bff8-20de18b13403,Warm,0,13.78,14,119.0
2026-06-30 20:56:56.466,5dacf395-d668-4791-ac05-8dbf44229dee,Warm,0,12.94,13,119.0
2026-06-30 20:56:56.469,ba356aaf-0a89-4f64-a083-dacd2ee7e56f,Warm,0,12.77,13,119.0
2026-06-30 20:56:56.470,353dd6ab-fcf0-45ed-8fb1-1fabd1266649,Warm,0,15.43,16,119.0
2026-06-30 20:56:56.479,14ce116f-1671-410f-b01d-fae3d6d90fb4,Warm,0,12.34,13,119.0
2026-06-30 20:56:57.072,08f8d242-4d2d-4b8c-bb90-d93aabecae2f,Warm,0,13.07,14,119.0
2026-06-30 20:56:57.073,1ebb47fc-5b0a-4360-b2d2-b29e3256cfa8,Warm,0,12.86,13,119.0
2026-06-30 20:56:57.074,9a5b2c82-1141-4e38-9479-a2457732f5a2,Warm,0,14.42,15,119.0
2026-06-30 20:56:57.078,f58f84f4-3488-456f-8337-6a8faf5423e4,Warm,0,13.28,14,119.0
2026-06-30 20:57:04.101,4a148351-6d61-4f17-9bad-b3aa10d863f0,Warm,0,45.27,46,119.0
2026-06-30 20:57:05.072,e83166ec-d7bb-4576-ae98-ae62df99b186,Warm,0,13.86,14,119.0
2026-06-30 20:57:05.116,9b6d8cef-9138-4c4a-839f-f08aaf4eb839,Warm,0,40.21,41,119.0
2026-06-30 20:57:05.948,c8026083-3d7e-4c4e-be8f-b07250967877,Warm,0,11.42,12,119.0
2026-06-30 20:57:05.950,58032e1f-0675-44f2-a9df-0624963416a3,Warm,0,13.54,14,119.0
2026-06-30 20:57:05.983,91d99886-9eb0-4bb7-9d4a-552865e73393,Warm,0,37.54,38,119.0
2026-06-30 20:57:05.990,243cfdf5-2c4a-4580-ae3b-f465cc3bd518,Warm,0,37.85,38,119.0
2026-06-30 20:57:06.000,a53a947b-962c-4429-be07-efd0220cffd9,Warm,0,42.52,43,119.0
2026-06-30 20:57:06.022,88101c43-5387-4088-9cd6-e476f07c7957,Warm,0,11.9,12,119.0
2026-06-30 20:57:06.664,538afedc-54d1-4ed1-be42-f459022775ea,Warm,0,12.39,13,119.0
2026-06-30 20:57:06.672,d64c2dc0-4b4c-401e-8e4c-b117d8d0294e,Warm,0,12.21,13,119.0
2026-06-30 20:57:06.674,3ea9b8f8-6f78-4ae7-a3e8-70dd732349fa,Warm,0,12.7,13,119.0
2026-06-30 20:57:06.680,5186655f-3203-4c45-b8c2-a2089bef931c,Warm,0,12.17,13,119.0
2026-06-30 20:57:06.681,a5cb9442-712e-44a4-a2c0-4883149b521b,Warm,0,12.51,13,119.0
2026-06-30 20:57:06.686,e3e5e988-fe40-4e4f-ab9c-9c8d3d368952,Warm,0,13.23,14,119.0
2026-06-30 20:57:06.712,f52f01fd-f7a5-4a04-936f-d2388edbf99b,Warm,0,38.17,39,119.0
2026-06-30 20:57:06.714,6ee39f99-1961-44cb-9138-a3313a77f908,Warm,0,42.96,43,119.0
2026-06-30 20:57:06.718,153e1385-5628-45fb-99d8-0f37f7159a03,Warm,0,44.78,45,120.0
2026-06-30 20:57:07.400,057baef1-22c0-4675-9eed-6850f6c32689,Warm,0,14.19,15,120.0
2026-06-30 20:57:07.400,69a195b4-c3db-4458-8fb6-618fa5c47f55,Warm,0,14.77,15,119.0
2026-06-30 20:57:07.408,5bea50ee-8f40-40e5-a2b8-9bf60ce3995a,Warm,0,11.77,12,119.0
2026-06-30 20:57:07.410,6f7eda04-62c8-498e-a7c3-e1c8950f84db,Warm,0,13.29,14,119.0
2026-06-30 20:57:07.411,335ae304-9164-45bf-9828-84087868b113,Warm,0,13.34,14,119.0
2026-06-30 20:57:07.412,38541542-4af4-4dcd-b06a-8c71c4f984ca,Warm,0,12.56,13,119.0
2026-06-30 20:57:07.412,304620ea-34a3-4c65-b2cc-e1f7bb3be4d0,Warm,0,12.42,13,119.0
2026-06-30 20:57:07.414,606bfc01-3fbc-4b5b-9a2a-f4624b8c4ce8,Warm,0,14.39,15,119.0
2026-06-30 20:57:07.610,1006b144-d8fd-465a-995b-f589ac0f8b68,Warm,0,11.89,12,119.0
2026-06-30 20:57:07.611,c542dfc5-a683-495a-9877-fbe162608065,Warm,0,13.73,14,119.0
2026-06-30 20:57:07.615,4a2928a0-3451-47c7-9a0c-75d9d93ff1bf,Warm,0,12.87,13,119.0
2026-06-30 20:57:07.620,5de03252-a70a-4871-b5bf-cb48081f4239,Warm,0,11.94,12,119.0
2026-06-30 20:57:08.188,468b23d5-af16-42fd-b324-6aa578562a19,Warm,0,14.23,15,119.0
2026-06-30 20:57:08.188,330fda9e-d193-49ba-b5e4-e78640f16c04,Warm,0,12.88,13,119.0
2026-06-30 20:57:08.203,a7686d36-a072-4754-bdeb-0532a102492f,Warm,0,12.17,13,119.0
2026-06-30 20:57:08.205,b4069c6e-5878-4730-8ef1-5f405326fd0a,Warm,0,12.54,13,119.0
2026-06-30 20:57:08.206,8d88488e-08ad-4289-ac58-3a22f913b256,Warm,0,13.05,14,119.0
2026-06-30 20:57:08.221,d8624526-a37e-418d-87fd-45dab386d085,Warm,0,12.49,13,119.0
2026-06-30 20:57:08.221,d5eb276d-0d9c-4ef0-a07c-62b22f517585,Warm,0,12.27,13,119.0
2026-06-30 20:57:08.225,0e64f778-f6ad-4eeb-b221-983f3b69bd76,Warm,0,14.52,15,119.0
2026-06-30 20:57:08.256,8d75b294-4535-43ca-8435-a9269be85170,Warm,0,12.77,13,119.0
2026-06-30 20:57:08.256,e40d68bd-9c4a-49bb-bc12-b7a5db63b75c,Warm,0,11.97,12,119.0
2026-06-30 20:57:09.085,d73a24b2-5c27-42f0-b5b1-c082d87ff58c,Warm,0,12.77,13,119.0
2026-06-30 20:57:09.087,55690492-6602-4c41-b7f7-c0a065680139,Warm,0,14.6,15,119.0
2026-06-30 20:57:09.088,45c6e0df-5901-43b0-95a0-edd5b464622d,Warm,0,14.55,15,119.0
2026-06-30 20:57:09.094,50e262c1-8871-4524-998f-3923f40882c1,Warm,0,14.06,15,119.0
2026-06-30 20:57:09.096,26771867-96e3-464d-8e80-b3a60663e679,Warm,0,11.73,12,119.0
2026-06-30 20:57:09.100,d890cb5f-ca47-4161-adc5-a7360f460ae8,Warm,0,13.35,14,119.0
2026-06-30 20:57:09.100,55681184-851e-4574-8699-0fcdcb5c7886,Warm,0,11.77,12,120.0
2026-06-30 20:57:09.104,a227b9b4-cc5a-4782-97de-72ead23e4af1,Warm,0,13.5,14,119.0
2026-06-30 20:57:10.081,20abe559-6eda-4f0d-b8b1-6e88289f5f11,Warm,0,13.07,14,119.0
2026-06-30 20:57:10.082,ac4eb97e-f7c0-4d3f-8c20-0f009589f46c,Warm,0,12.62,13,120.0
2026-06-30 20:57:10.085,c9004762-ebef-405a-8923-176a18c4ff33,Warm,0,12.99,13,119.0
2026-06-30 20:57:10.085,b023d4cb-3e34-4bfc-95ed-47882d3d9685,Warm,0,13.61,14,119.0
2026-06-30 20:57:10.085,7bbf09a1-f051-4907-92af-9a9c51b01c62,Warm,0,14.41,15,119.0
2026-06-30 20:57:10.088,87f7c1ab-00a7-41b9-8c1c-d7055726d01d,Warm,0,16.42,17,119.0
2026-06-30 20:57:10.981,f33ebd12-bd8f-4f13-9e2e-b2fbf50fbbca,Warm,0,13.98,14,119.0
2026-06-30 20:57:10.983,77b25cce-039b-403b-87f5-936ff6906761,Warm,0,12.71,13,119.0
2026-06-30 20:57:10.983,dee7fdcb-dc88-4c00-9add-5c68dbeaf3d6,Warm,0,14.51,15,119.0
2026-06-30 20:57:11.006,00fc9cea-cda7-4257-bcba-fdd1e4cf0052,Warm,0,10.98,11,119.0
2026-06-30 20:57:11.760,7f21ca5e-8cb9-41fd-8669-1e1061ecdcd6,Warm,0,14.75,15,119.0
2026-06-30 20:57:11.768,993006a8-38e3-4ee3-b405-eec4159b51c6,Warm,0,11.75,12,119.0
2026-06-30 20:57:11.777,885f43da-6157-4743-96ae-d14f4a304d5b,Warm,0,12.98,13,119.0
2026-06-30 20:57:11.778,642bd49f-0798-4f35-8901-28f8300c29b2,Warm,0,14.22,15,119.0
2026-06-30 20:57:12.697,ebede4d2-8964-4be9-97ec-642a94ec3f17,Warm,0,12.77,13,119.0
2026-06-30 20:57:12.705,57f0549c-7999-44df-9786-505fbd0f792b,Warm,0,16.43,17,119.0
2026-06-30 20:57:12.710,307caf38-81bb-45bf-93e7-f22e7fddd54e,Warm,0,15.77,16,119.0
2026-06-30 20:57:12.711,3b438d5c-5950-4adb-8760-50fcb04c47f4,Warm,0,13.56,14,119.0
2026-06-30 20:57:20.327,b3787740-fee7-409e-9804-f4e1673e01bf,Warm,0,40.1,41,119.0
2026-06-30 20:57:20.327,fc4729e9-b5f1-4169-9271-82da166252a2,Warm,0,39.6,40,119.0
2026-06-30 20:57:20.330,dae7ca3a-28f0-4918-aca9-9821111cdb51,Warm,0,41.64,42,119.0
2026-06-30 20:57:20.331,739d0b1b-1c31-4f88-8137-341a4202553d,Warm,0,38.79,39,119.0
2026-06-30 20:57:20.334,4b23c362-033f-49c2-8f96-d4da92aa3d86,Warm,0,40.34,41,120.0
2026-06-30 20:57:21.128,27af6f73-89bb-4223-b96f-681d413c5e99,Warm,0,13.43,14,120.0
2026-06-30 20:57:21.133,d1a31374-e754-4eac-b62f-e19f7a09cd28,Warm,0,16.94,17,119.0
2026-06-30 20:57:21.134,d3f42f3d-5196-4566-9ae5-c76184567b51,Warm,0,11.27,12,119.0
2026-06-30 20:57:21.137,da5b7d8f-2858-4962-8d10-230931ad6adc,Warm,0,12.03,13,119.0
2026-06-30 20:57:21.137,9ca651c4-29e3-40ed-8038-eb244c70bd33,Warm,0,13.28,14,119.0
2026-06-30 20:57:21.155,5eab724b-af02-41d3-894f-3c1fbdbc2e39,Warm,0,11.19,12,119.0
2026-06-30 20:57:21.164,941f359e-c1aa-4879-8869-fee3f89fc814,Warm,0,39.9,40,119.0
2026-06-30 20:57:21.206,5a9c0355-4bec-4686-95dc-9acdc41e90a5,Warm,0,13.29,14,119.0
2026-06-30 20:57:21.319,72aebefa-20b1-4e1e-8cfa-38e7a1293afa,Warm,0,13.9,14,119.0
2026-06-30 20:57:21.328,ba3e663f-583b-4877-b542-01020506b8e0,Warm,0,16.03,17,119.0
2026-06-30 20:57:21.328,323c202b-0570-4271-845c-68f1c432205f,Warm,0,12.75,13,119.0
2026-06-30 20:57:21.334,04cde7ec-64f3-4e17-b296-52e7340dda42,Warm,0,13.3,14,119.0
2026-06-30 20:57:21.336,217f601f-3b1d-45de-adbb-7811d6c76c3b,Warm,0,14.16,15,119.0
2026-06-30 20:57:21.336,0ee63326-3a46-4a82-93fa-9b4ab0063038,Warm,0,11.54,12,119.0
2026-06-30 20:57:21.791,6c222e76-3a61-4f28-9698-96bd5d6b0f52,Warm,0,12.37,13,119.0
2026-06-30 20:57:21.792,749ce041-77b9-4b4d-9cc4-0705e02d75cf,Warm,0,12.44,13,119.0
2026-06-30 20:57:21.829,24c996d5-6162-49f4-a4e8-5949ff4447e3,Warm,0,11.56,12,119.0
2026-06-30 20:57:21.830,137a4c41-d410-42d0-b8a0-c97ff21f2181,Warm,0,13.21,14,119.0
2026-06-30 20:57:21.832,fe532933-447a-461a-a7b1-ef27ab3644e9,Warm,0,12.46,13,119.0
2026-06-30 20:57:21.848,03ffca9e-d3df-4374-bfb2-a4609da01793,Warm,0,13.09,14,119.0
2026-06-30 20:57:21.849,8367e6d2-1677-4079-8a8c-964ff1d1ade1,Warm,0,12.52,13,119.0
2026-06-30 20:57:21.854,d56106f0-3b38-4f47-95bc-ae4519c49467,Warm,0,11.99,12,119.0
2026-06-30 20:57:21.856,ccc98957-f3d8-43a4-a900-d25db76f5972,Warm,0,12.18,13,119.0
2026-06-30 20:57:21.857,a37c80fd-55b2-4cba-88d8-4f8aad157fb9,Warm,0,13.63,14,119.0
2026-06-30 20:57:21.860,b5d2c692-6b60-4b77-b902-3e1a252dde4a,Warm,0,14.84,15,120.0
2026-06-30 20:57:21.884,037578c0-3dcf-4ca0-9e3c-a1e3de4dd1ca,Warm,0,38.17,39,119.0
2026-06-30 20:57:22.050,a6f19de7-2821-488b-ba03-8aff4fad7a28,Warm,0,16.04,17,119.0
2026-06-30 20:57:22.087,721bff1b-b433-40d2-873b-b8be84ee5bec,Warm,0,14.28,15,119.0
2026-06-30 20:57:22.732,f021031b-7b7f-44af-ae3f-425d2c3cc0e1,Warm,0,10.88,11,119.0
2026-06-30 20:57:22.734,917d8871-c733-4dfc-9836-fc660bb114fd,Warm,0,12.99,13,120.0
2026-06-30 20:57:22.741,8ffae295-65f3-4b82-84f0-615084fc9731,Warm,0,12,12,119.0
2026-06-30 20:57:22.741,e0389fbf-e498-4d15-a2a2-cc87cf8e6cfd,Warm,0,11.48,12,119.0
2026-06-30 20:57:22.744,320034bb-1ac3-40b8-ae00-02e800124127,Warm,0,13.65,14,119.0
2026-06-30 20:57:22.744,07b81f1d-a4f2-45dd-a693-d48d08866a84,Warm,0,13.14,14,119.0
2026-06-30 20:57:22.745,682f405f-cfcb-4c9f-8624-95e8e9f130e5,Warm,0,14.08,15,119.0
2026-06-30 20:57:22.759,96a4b671-5f13-4e65-88a9-3af60ab4b2f6,Warm,0,12.37,13,119.0
2026-06-30 20:57:22.762,3257c84b-917f-43f8-b0b4-bd9efb6ea930,Warm,0,12.86,13,120.0
2026-06-30 20:57:22.778,0ed5282b-f3cc-47ae-99ce-3b73540f4a04,Warm,0,30.24,31,119.0
2026-06-30 20:57:22.906,43842e06-d239-40d1-afb2-a717a7762a8c,Warm,0,13.16,14,119.0
2026-06-30 20:57:22.929,651f619b-2953-4b71-b350-fc9b403fa892,Warm,0,12.79,13,119.0
2026-06-30 20:57:22.936,19c54ee2-4c9a-46eb-82cd-452a738afe87,Warm,0,14.69,15,120.0
2026-06-30 20:57:23.624,62dabf4e-4b3a-4121-ad72-ab5c6b048a9c,Warm,0,12.49,13,119.0
2026-06-30 20:57:23.625,afa5ea61-1862-43d8-9c52-b7c7e623500c,Warm,0,12.83,13,119.0
2026-06-30 20:57:23.626,3ffce987-a497-40c0-99f4-0df95d1e7750,Warm,0,15.24,16,119.0
2026-06-30 20:57:23.626,9bc6b153-b065-46bf-b756-1aa5872b2f95,Warm,0,15.06,16,120.0
2026-06-30 20:57:23.629,98871b3a-4032-4cfe-b2fd-510ed99dacdd,Warm,0,13.74,14,119.0
2026-06-30 20:57:23.641,c5161ae6-6cfe-484d-a099-8c1a1fbf3f1d,Warm,0,11.9,12,119.0
2026-06-30 20:57:23.646,c5183429-72e5-4e98-bab4-fd933078f40d,Warm,0,11.87,12,119.0
2026-06-30 20:57:23.693,24140fba-fc0a-421d-8217-591f9f7df65b,Warm,0,12.89,13,119.0
2026-06-30 20:57:23.775,a4d15037-9275-4d2f-97bb-f16b756921bd,Warm,0,14.06,15,119.0
2026-06-30 20:57:23.824,13d505df-0614-4e0b-8574-081a3245256f,Warm,0,12.81,13,119.0
2026-06-30 20:57:23.827,148b6b2d-8a7b-47e1-a423-13111fdd8d29,Warm,0,13.31,14,119.0
2026-06-30 20:57:23.829,f118514d-dab3-4858-a3b3-0425370029f6,Warm,0,15.46,16,119.0
2026-06-30 20:57:23.842,ace0fe40-65ac-4629-a28f-eddcb4d523ca,Warm,0,13.4,14,120.0
2026-06-30 20:57:24.720,58ff9945-d313-404f-b4fa-d587a2914c79,Warm,0,12.27,13,119.0
2026-06-30 20:57:24.723,55e74115-73d5-430d-8e78-35a383cd2d5c,Warm,0,13.52,14,120.0
2026-06-30 20:57:24.725,fba5dc07-e83c-431a-b4c1-d52623ee64f0,Warm,0,16.28,17,119.0
2026-06-30 20:57:24.743,ebd2b2cd-bc00-4e65-8c2b-1fb4e2a4f709,Warm,0,13.4,14,119.0
2026-06-30 20:57:25.406,219dbb55-88b0-47d8-81e9-34483ba46113,Warm,0,14.41,15,119.0
2026-06-30 20:57:25.409,cd50e817-bc3a-4b5a-b118-22c50039a9bd,Warm,0,12.03,13,120.0
2026-06-30 20:57:25.429,58397dc0-ba32-498d-b526-5d8ec919da17,Warm,0,14.38,15,120.0
2026-06-30 20:59:40.344,dbe4317c-ca09-4b49-968c-1c0e4f28ec01,Warm,0,70.19,71,120.0
2026-06-30 20:59:40.346,2269331a-ec86-48f6-a06a-6973f4ec528d,Warm,0,67.44,68,119.0
2026-06-30 20:59:40.371,a487dd63-35e3-4d10-832a-8bd777ff8253,Warm,0,84.78,85,119.0
2026-06-30 20:59:40.974,63fca1d9-5c2e-4f38-8854-e13552909b47,Warm,0,47.6,48,119.0
2026-06-30 20:59:40.984,51360963-aa6f-4d02-a4e3-f63445090765,Warm,0,45.19,46,119.0
2026-06-30 20:59:40.985,71bfcb9e-abd4-4cee-81bc-aedcd3fca5c6,Warm,0,43.01,44,120.0
2026-06-30 20:59:41.019,62dcd1fe-4099-4fa1-b97c-04e2c103b36f,Warm,0,66.88,67,119.0
2026-06-30 20:59:41.023,191a82ea-73f4-40c2-8379-1d59dced943a,Warm,0,74.1,75,119.0
2026-06-30 20:59:41.065,c4658a4a-59f2-4ad8-8149-8a931a5eeed9,Warm,0,45,45,120.0
2026-06-30 20:59:41.744,b16e8029-6405-4caf-a68e-805517db8112,Warm,0,42.27,43,120.0
2026-06-30 20:59:41.762,58040480-16b1-4f56-ada7-ec7986f8186e,Warm,0,42.62,43,119.0
2026-06-30 20:59:41.815,65288a5c-e55f-4990-939e-bed768d7f956,Warm,0,42.57,43,120.0
2026-06-30 20:59:41.921,d388802d-df89-426d-8c30-4a99e09cbd56,Warm,0,58.7,59,120.0
2026-06-30 20:59:41.959,96edbe80-89e5-49b9-8e92-71e379d83028,Warm,0,40.66,41,119.0
2026-06-30 20:59:42.781,7b3634ba-28dd-4cac-bf83-d3cf6da5f344,Warm,0,44.19,45,119.0
2026-06-30 20:59:42.782,75fb3c94-29ec-4543-9ead-b3aef6832294,Warm,0,43.64,44,119.0
2026-06-30 20:59:42.783,61f0c6fc-a18e-46c5-a2df-21b82a5a9c49,Warm,0,46.54,47,120.0
2026-06-30 20:59:42.785,a33f680b-27c9-44de-b46a-b25cf58fc5a2,Warm,0,48.14,49,119.0
2026-06-30 20:59:42.794,89cfc690-a2ee-4259-b115-7a731f931033,Warm,0,48.79,49,119.0
2026-06-30 20:59:43.514,b84fbc3e-1651-4186-8e13-9b90bfd04a79,Warm,0,47.77,48,119.0
2026-06-30 20:59:43.517,4229f262-4a09-4a29-a064-a96b1abdeba7,Warm,0,46.52,47,119.0
2026-06-30 20:59:43.560,bdefb8d6-4194-4088-a660-20c9b166f910,Warm,0,45.96,46,120.0
2026-06-30 20:59:45.114,9b156987-51ca-4280-977b-18fbd9d6d08d,Warm,0,12.62,13,120.0
2026-06-30 20:59:46.083,db32867c-d8fe-4add-b42c-b8e15a6f2f1c,Warm,0,12.27,13,119.0
2026-06-30 20:59:46.083,5b9a2d3d-ab35-47cc-82b4-dad6432ab8a9,Warm,0,13.54,14,120.0
2026-06-30 20:59:46.087,e579a5ae-59e1-4c98-a44a-72d5e8e6edc4,Warm,0,15.42,16,119.0
2026-06-30 20:59:46.087,46ab9e57-f2d4-4425-acbe-a6df8fe07dd4,Warm,0,12.15,13,119.0
2026-06-30 20:59:46.088,3917b407-178c-453c-a4b9-82798797f9fe,Warm,0,12.09,13,119.0
2026-06-30 20:59:46.128,c76a368d-fe0b-4710-b3f0-2ca5b3bcd2af,Warm,0,45.47,46,119.0
2026-06-30 20:59:46.883,3ee21d91-d55b-47e3-a286-6d7b7111c232,Warm,0,13.18,14,119.0
2026-06-30 20:59:46.884,4428d7d9-4bdf-449e-abc1-d670faa04617,Warm,0,11.45,12,119.0
2026-06-30 20:59:46.885,705d6d45-8032-42db-9c90-9a33520b160e,Warm,0,11.74,12,119.0
2026-06-30 20:59:46.885,3ec479dc-0962-41f4-9678-8f481894e9f3,Warm,0,12.6,13,119.0
2026-06-30 20:59:46.887,1d7c24fd-f6d3-45a8-b852-83d0b965c0a5,Warm,0,13.84,14,119.0
2026-06-30 20:59:46.888,e2918e0d-23d2-429d-a21f-b8544a4e9e59,Warm,0,13.92,14,120.0
2026-06-30 20:59:46.909,445d515b-9b5b-485e-b297-b3ef8c096b40,Warm,0,13.05,14,120.0
2026-06-30 20:59:46.922,555076f9-9f41-4b9b-94be-fbdf6f45b15e,Warm,0,46.15,47,119.0
2026-06-30 20:59:46.922,8155215b-09ee-4608-8183-8487c6bc3402,Warm,0,47.83,48,119.0
2026-06-30 20:59:47.093,35045b0d-2e8d-4c75-b030-9a4505b647a8,Warm,0,12.47,13,119.0
2026-06-30 20:59:47.573,093cc41d-3100-40de-96b8-3f92a80da2f8,Warm,0,11.43,12,119.0
2026-06-30 20:59:47.588,32a3a836-036d-42ba-825c-a778e5042809,Warm,0,11.69,12,119.0
2026-06-30 20:59:47.588,766213e8-4358-4936-9da2-ab7137d27ec7,Warm,0,13.45,14,119.0
2026-06-30 20:59:47.589,f43db411-5df3-4d71-af23-5a13e9f44558,Warm,0,13.69,14,119.0
2026-06-30 20:59:47.590,5926cda1-a2a7-4081-a502-61de83fbcf38,Warm,0,15.11,16,119.0
2026-06-30 20:59:47.594,09112057-9d81-4eb4-a618-e0b6e23ce5e6,Warm,0,12.8,13,120.0
2026-06-30 20:59:47.781,cbf7fa88-d178-4ac6-b416-014d9c654a5d,Warm,0,11.87,12,120.0
2026-06-30 20:59:47.783,75ec69d5-5003-4795-b160-3c99aea5b086,Warm,0,11.61,12,119.0
2026-06-30 20:59:47.784,4992dd21-35eb-46fd-a33b-9dc5dc47f597,Warm,0,12.19,13,119.0
2026-06-30 20:59:47.788,f8e06021-1c84-4416-8127-19b77339a5a6,Warm,0,12.32,13,119.0
2026-06-30 20:59:47.792,8b6b68c2-04af-43b5-a9e0-4d88f5e577ac,Warm,0,12.82,13,119.0
2026-06-30 20:59:47.794,5b44f367-9464-42ba-8e8e-785b9400550d,Warm,0,13.74,14,119.0
2026-06-30 20:59:47.812,fe683e52-eb2a-4acd-a8e9-bd471ff77099,Warm,0,13.84,14,119.0
2026-06-30 20:59:48.488,49dbd044-810f-452a-88bb-f17108bbd2a9,Warm,0,12.8,13,119.0
2026-06-30 20:59:48.488,040ae0ce-d65c-4605-bee9-138781fe3d98,Warm,0,13.84,14,119.0
2026-06-30 20:59:48.491,f5206b98-e628-4b1c-9d3c-bb41a6acb740,Warm,0,12.87,13,119.0
2026-06-30 20:59:48.493,f6a4ee31-9998-4700-903b-67bfa8884725,Warm,0,12.89,13,119.0
2026-06-30 20:59:48.493,e176a76d-9e00-4bf6-a6f7-618d29034fcd,Warm,0,12.41,13,119.0
2026-06-30 20:59:48.495,444f79a3-6c8a-48c0-91ff-a76956aeaa98,Warm,0,13.16,14,120.0
2026-06-30 20:59:48.496,fece200c-fd18-4420-a321-bb563ea02bc0,Warm,0,11.95,12,119.0
2026-06-30 20:59:48.519,f27d0728-803c-490d-ab64-42cb395e04a2,Warm,0,11.56,12,120.0
2026-06-30 20:59:48.520,077ff094-a308-4c6b-b45f-da5237c9e509,Warm,0,12.39,13,119.0
2026-06-30 20:59:48.687,e026d658-b810-4270-ba17-d2b5680ab1df,Warm,0,10.97,11,119.0
2026-06-30 20:59:48.688,a5bb55fc-f695-4d8d-a825-713f0362d4f5,Warm,0,12.16,13,119.0
2026-06-30 20:59:48.690,4c2ff677-0bc2-4117-b839-75e022ba8d07,Warm,0,14.24,15,120.0
2026-06-30 20:59:48.696,f9f3d4b3-708a-4e92-9efc-86b53d0c25f4,Warm,0,11.7,12,119.0
2026-06-30 20:59:48.699,e2bd63fe-c189-429b-b8f6-e62fa4f813fa,Warm,0,12.18,13,119.0
2026-06-30 20:59:48.782,eec8e010-0915-4cc4-928e-5de6746f79d9,Warm,0,13.25,14,119.0
2026-06-30 20:59:49.549,3656a89f-01d8-43d5-8d9e-345206f75a6b,Warm,0,12.53,13,119.0
2026-06-30 20:59:49.558,91d7cfa5-b0cd-490a-b010-84b3e9030bab,Warm,0,11.98,12,119.0
2026-06-30 20:59:49.564,e775e60c-24cc-4fc5-a1a6-842ac24e8671,Warm,0,12.62,13,119.0
2026-06-30 20:59:49.565,4fe4f74a-1db0-47ee-9fce-e4629a1014ea,Warm,0,12.04,13,119.0
2026-06-30 20:59:49.565,41d2d403-53b6-4261-96ee-065b9940c5fa,Warm,0,14.42,15,120.0
2026-06-30 20:59:49.567,60618a15-9992-43f1-a9df-dd61d2272923,Warm,0,13.45,14,119.0
2026-06-30 20:59:49.569,cdec7307-af96-455a-9c91-bc423231d272,Warm,0,13.44,14,119.0
2026-06-30 20:59:49.672,f7533915-6178-4671-b15a-cd7d39f6f646,Warm,0,13.77,14,119.0
2026-06-30 20:59:50.460,8d143f75-b6c5-421a-b9c8-0ab163011015,Warm,0,12.93,13,119.0
2026-06-30 20:59:50.470,48650943-9dfc-4dc3-9162-44f22b8ad775,Warm,0,12.09,13,119.0
2026-06-30 20:59:50.474,a9fe8e5a-d9e8-45e2-a0c1-2fedc9432ef6,Warm,0,13.87,14,120.0
2026-06-30 20:59:50.475,641fd0c8-20ac-4e8b-992c-26d47cd917e4,Warm,0,12.1,13,119.0
2026-06-30 20:59:50.481,53414b2b-3969-416d-96ef-60f7cb141c15,Warm,0,12.25,13,119.0
2026-06-30 20:59:50.481,50e32a4f-7e06-43e9-9d0d-aac0ed7065c3,Warm,0,12.43,13,119.0
2026-06-30 20:59:51.353,4d1bdbaa-d48c-4b91-933b-7779b4733f2d,Warm,0,13.4,14,119.0
2026-06-30 20:59:51.356,2d2c5d6b-0b81-4a79-ac08-4c05f6fa414f,Warm,0,13.84,14,119.0
2026-06-30 20:59:51.361,bcddc529-b5c5-4e57-b61f-fe0967f2ea01,Warm,0,13.95,14,119.0
2026-06-30 20:59:51.370,6ab0bc3b-3e3c-48cf-9829-1a22d6445caf,Warm,0,14.16,15,120.0
2026-06-30 20:59:51.895,d76ea579-9034-4a0f-a943-7df5024ab5e0,Warm,0,12.49,13,120.0
2026-06-30 20:59:51.959,0f76926b-c253-4151-86c0-5a2fc4c26fa2,Warm,0,14.58,15,120.0
2026-06-30 20:59:52.143,2f8e0ac3-f73a-45f4-9c2b-9835974d6c5c,Warm,0,12.42,13,120.0
2026-06-30 20:59:58.972,cecb4b2f-b057-43d6-8d40-609975be820f,Warm,0,39.86,40,120.0
2026-06-30 20:59:59.703,81456746-63ec-40b4-9df1-18e613debe38,Warm,0,14.88,15,120.0
2026-06-30 20:59:59.727,1144701b-41c9-410f-abcb-2f8dd6081b12,Warm,0,38.56,39,119.0
2026-06-30 20:59:59.727,ddd33569-49fa-4645-8475-96b0e4e8c80c,Warm,0,38.86,39,119.0
2026-06-30 21:00:00.700,873c2ef1-702b-4025-b23a-7db7708e8b00,Warm,0,12.97,13,119.0
2026-06-30 21:00:00.706,c52ed486-20bf-49df-9dc5-3557dc3349b9,Warm,0,12.38,13,119.0
2026-06-30 21:00:00.713,f9e67e5c-e8cf-4105-a6dd-20ba365f9137,Warm,0,18.38,19,120.0
2026-06-30 21:00:00.730,c4be48b5-bf12-4c7e-88d5-defefb0862d4,Warm,0,13.6,14,119.0
2026-06-30 21:00:00.736,ae03658c-98da-420a-af2d-057973d248c1,Warm,0,39.4,40,119.0
2026-06-30 21:00:00.739,91be61c9-395c-4a1d-b964-11d159bd5e1a,Warm,0,44.54,45,119.0
2026-06-30 21:00:01.232,cb86f427-9be8-46d0-b8d6-32487120d5eb,Warm,0,11.08,12,119.0
2026-06-30 21:00:01.234,34c69005-c770-4736-8fff-3924a60a68a4,Warm,0,14.66,15,119.0
2026-06-30 21:00:01.235,6718fef6-cebd-4957-b6b8-ca02d884e77a,Warm,0,11.21,12,119.0
2026-06-30 21:00:01.250,777f651c-4ced-4fab-96f0-2aa327c9cba0,Warm,0,12.24,13,119.0
2026-06-30 21:00:01.254,b93cc9aa-fa81-4b42-a85b-00408f85b713,Warm,0,14.88,15,119.0
2026-06-30 21:00:01.255,730a8fe4-5ea0-4919-8b46-9fca12cda641,Warm,0,13.62,14,119.0
2026-06-30 21:00:01.258,a813b6bf-1c34-4960-baf2-b0ae2f0db21c,Warm,0,13.3,14,119.0
2026-06-30 21:00:01.258,d9b250c7-84d2-44ec-8349-4ab67c3e4c52,Warm,0,13.75,14,120.0
2026-06-30 21:00:02.180,9839719c-d52b-4775-a229-2b912788b10e,Warm,0,13.55,14,119.0
2026-06-30 21:00:02.184,9f0546c6-39fb-437c-8bb7-06262d7774a6,Warm,0,12.71,13,120.0
2026-06-30 21:00:02.197,c31116c7-dacb-409d-85f1-cf9030cdda0d,Warm,0,13.54,14,119.0
2026-06-30 21:00:02.233,03c4f7d2-5084-4971-8d81-5cee8f8aa3fd,Warm,0,11.93,12,119.0
2026-06-30 21:00:02.235,470a735d-9ea1-49cd-a046-27a64ff73c2f,Warm,0,13.63,14,120.0
2026-06-30 21:00:03.039,972d1a58-174b-4841-99a0-3c49d1a4617a,Warm,0,12.06,13,119.0
2026-06-30 21:00:03.041,63f534da-d3ef-409b-810e-a6582d7564c9,Warm,0,12.61,13,119.0
2026-06-30 21:00:03.042,eb363221-f0e1-4c99-b4a1-1b8400c1d091,Warm,0,14.04,15,119.0
2026-06-30 21:00:03.042,90cb3fdc-87ca-4b86-9d23-add238942b49,Warm,0,13.67,14,120.0
2026-06-30 21:00:03.045,91cf6634-218c-43bf-9b89-893608107c14,Warm,0,11.27,12,119.0
2026-06-30 21:00:03.077,baae31c7-c41f-4489-a883-8e7ab13bd7d5,Warm,0,34.48,35,119.0
2026-06-30 21:00:03.087,e4df01cd-fce9-4ead-a294-d8a7c8ab5a48,Warm,0,44.86,45,119.0
2026-06-30 21:00:03.234,b5812f26-d1fd-4406-87b4-e0b40ae8057b,Warm,0,13.36,14,119.0
2026-06-30 21:00:04.110,f409e160-af78-41e7-95f0-489495e82740,Warm,0,12.57,13,119.0
2026-06-30 21:00:04.111,037e8ee7-287c-493d-abb2-d5031c803712,Warm,0,11.33,12,119.0
2026-06-30 21:00:04.111,34b2a6be-d3ec-45a2-9462-217a0888d91f,Warm,0,12.05,13,119.0
2026-06-30 21:00:04.132,11df5899-8f47-48e9-96e2-d35f44c55f1f,Warm,0,12.04,13,119.0
2026-06-30 21:00:04.157,2dc6f2ef-570f-463c-9b05-f6129edd2d56,Warm,0,12.62,13,119.0
2026-06-30 21:00:04.185,8c69e724-1576-4a0f-ad9c-676dfd2261bd,Warm,0,13.07,14,119.0
2026-06-30 21:00:04.826,9f137070-4105-4499-b9ee-e2fc13a127b5,Warm,0,11.27,12,119.0
2026-06-30 21:00:04.829,670e9ec0-a975-4c26-9fe8-966828e31dac,Warm,0,12.85,13,119.0
2026-06-30 21:00:04.833,d3b2829a-3ebd-4e0a-81d4-2db61b28b725,Warm,0,14.47,15,119.0
2026-06-30 21:00:04.833,18ec8e6b-9832-411c-8014-f03757730732,Warm,0,12.89,13,119.0
2026-06-30 21:00:04.834,5a0a8efd-0a2f-4373-b1a5-8abd23b98d4f,Warm,0,14.5,15,120.0
2026-06-30 21:00:04.834,e7e32126-1c7a-4cdd-bf45-9b77edae1238,Warm,0,13.88,14,119.0
2026-06-30 21:00:04.869,410778bc-0419-4a3d-82d5-25160edfb635,Warm,0,49.22,50,119.0
2026-06-30 21:00:05.519,3ecd4255-5542-4b16-990d-2bb5926518d4,Warm,0,13.2,14,119.0
2026-06-30 21:00:05.522,82119e8a-7edb-4d5a-8feb-17f746fbe0bc,Warm,0,12.58,13,119.0
2026-06-30 21:00:05.524,a86d14e0-3723-4ff5-9224-f5ba87eb12fb,Warm,0,15.14,16,120.0
2026-06-30 21:00:05.529,ed512985-a7c4-46e5-9060-f7d9f556ad58,Warm,0,13.6,14,119.0
2026-06-30 21:00:05.535,ec561c35-d4fb-4886-a236-31f6a50d8bd2,Warm,0,13.16,14,119.0
2026-06-30 21:00:05.747,dacfe5d2-dba8-46ea-b09a-ab4042a71ee0,Warm,0,47.29,48,119.0
2026-06-30 21:00:06.515,48811d80-0d8e-42b9-a246-a78b9f1e19b1,Warm,0,14.8,15,119.0
2026-06-30 21:00:06.522,c6aa8c9e-91c3-4876-8c3c-5589341c5556,Warm,0,13.62,14,119.0
2026-06-30 21:00:06.538,6549690b-6ca3-424a-b1ea-24a6d7eb8bac,Warm,0,14.11,15,119.0
2026-06-30 21:00:06.539,27907736-a478-47a2-9cc8-d569f60cf101,Warm,0,14.34,15,120.0
2026-06-30 21:00:06.546,33ce1e4f-a2a8-46ec-8e34-fa275466d60e,Warm,0,14.14,15,119.0
2026-06-30 21:00:07.434,94fdb607-a8a4-4cc2-a5e6-2073956da5cc,Warm,0,12.97,13,119.0
2026-06-30 21:00:07.450,acdb83fc-b77e-48db-861d-26d2303447d3,Warm,0,13.2,14,119.0
2026-06-30 21:00:07.450,85090dd9-9eb6-462d-9ed8-1e0854ae0054,Warm,0,14.06,15,120.0
2026-06-30 21:00:07.476,7545b135-0b4f-40f4-9daa-ab39eecd053b,Warm,0,24.77,25,119.0
2026-06-30 21:00:07.487,8c1a138b-1df0-47cb-a6f3-4811dfe78e73,Warm,0,12.49,13,119.0
2026-06-30 21:00:07.513,149e217f-8695-4ee4-9351-4b26a0759a5f,Warm,0,12.56,13,119.0
2026-06-30 21:00:08.389,778209d0-d703-4550-806f-28016044a544,Warm,0,13.72,14,119.0
2026-06-30 21:00:08.398,d97bd38c-66b2-4b6b-b364-ec144a408be8,Warm,0,12.64,13,119.0
2026-06-30 21:00:08.403,35c06a63-c29b-4751-9b27-c765222defae,Warm,0,12.64,13,119.0
2026-06-30 21:00:08.406,cdc3f8f5-9f36-4133-a32f-26dc23542089,Warm,0,14.46,15,120.0
2026-06-30 21:00:08.416,1ffe3ca2-71bc-4142-9df1-5b003b8cb948,Warm,0,15.22,16,119.0
2026-06-30 21:00:17.837,d0225618-cbc9-4593-a134-8ceeec490e48,Warm,0,41.61,42,119.0
2026-06-30 21:00:18.458,e92a08a2-8e97-429c-aafb-1456127e643b,Warm,0,12.23,13,119.0
2026-06-30 21:00:18.663,0f4ab1c6-e514-4c1c-8a1f-426ff8ebbe41,Warm,0,13.6,14,119.0
2026-06-30 21:00:18.695,ea57710a-a3e3-4ee1-9477-eb09b502e1f7,Warm,0,12.63,13,119.0
2026-06-30 21:00:18.705,6868a992-9fbb-4592-9b4b-4806a093114b,Warm,0,39.34,40,120.0
2026-06-30 21:00:19.272,95613e61-93b4-4baa-88e1-346e7ca03646,Warm,0,13.76,14,120.0
2026-06-30 21:00:19.273,e9c03029-b256-47ae-b466-ed04e26c28e1,Warm,0,13.34,14,119.0
2026-06-30 21:00:19.299,6e26989a-d907-4691-8b43-8106eb9da930,Warm,0,39.34,40,119.0
2026-06-30 21:00:19.301,7f180f60-70ef-425a-babf-33797dbc0e96,Warm,0,40.46,41,119.0
2026-06-30 21:00:19.313,cdc76fbb-59c2-405c-ae38-ef7b582d60e0,Warm,0,37.37,38,119.0
2026-06-30 21:00:19.314,2de3b624-01b0-4560-933e-da9ae52bfaa0,Warm,0,40.41,41,119.0
2026-06-30 21:00:19.317,3d29bd14-6da3-4d79-8de5-06574815505e,Warm,0,42.43,43,119.0
2026-06-30 21:00:20.236,28886fa5-8953-4263-acaf-1062b08bae34,Warm,0,13.08,14,119.0
2026-06-30 21:00:20.239,11f9ed2b-9464-4574-9f91-b1556ff07aee,Warm,0,19.65,20,119.0
2026-06-30 21:00:20.240,cc7b7895-2562-4ece-8fd9-aab68b95f63a,Warm,0,12.94,13,119.0
2026-06-30 21:00:20.240,f3c95f1b-04b6-483f-b810-eabf07e28bb0,Warm,0,13.04,14,119.0
2026-06-30 21:00:20.240,93a65413-2546-4b9a-abf0-b55530718013,Warm,0,13.41,14,119.0
2026-06-30 21:00:20.241,ac9d7cf9-5c8d-4fc6-a9cc-ad5ceedadf41,Warm,0,13,13,119.0
2026-06-30 21:00:20.247,d1a1741b-d4a7-4652-b24b-8754195ace7a,Warm,0,14.53,15,120.0
2026-06-30 21:00:20.273,f9c33586-3138-4e60-88c1-c06e285c6dac,Warm,0,40.23,41,119.0
2026-06-30 21:00:20.340,57c882c2-5841-4fb2-8506-5898f92276ba,Warm,0,14.24,15,119.0
2026-06-30 21:00:20.968,7e89bb20-bf4b-414a-be7a-8460f0aa22c5,Warm,0,15.24,16,119.0
2026-06-30 21:00:20.988,4ba4b47a-907a-49ce-a464-32e8c980af4b,Warm,0,13.64,14,119.0
2026-06-30 21:00:20.989,f55573d1-a428-44c6-9b31-095117b6b8c6,Warm,0,14.03,15,120.0
2026-06-30 21:00:21.157,3a3a5767-e170-4789-a5d8-438d4d1bf514,Warm,0,13.95,14,120.0
2026-06-30 21:00:21.169,421ef8b9-2fe8-4e43-a495-e64946f778f4,Warm,0,14.27,15,119.0
2026-06-30 21:00:21.175,abf83f6c-d45a-4a8d-9564-6291b79c3334,Warm,0,12.95,13,119.0
2026-06-30 21:00:21.176,e1cf5eb4-5d1c-4d84-92bc-62b6fe464b6a,Warm,0,14.09,15,119.0
2026-06-30 21:00:21.891,1b4dc7a6-9674-43c5-a8de-c4d72af52eb1,Warm,0,13.52,14,119.0
2026-06-30 21:00:21.895,b04e4bb1-e4d5-4612-8939-038936b2ffd7,Warm,0,15.36,16,119.0
2026-06-30 21:00:21.897,2baf3cd0-dee7-45e0-8b28-c143f3eb10b0,Warm,0,12.78,13,119.0
2026-06-30 21:00:21.899,3f632f1b-82ef-4c19-a425-35971e937e11,Warm,0,12.64,13,119.0
2026-06-30 21:00:21.899,72d16b64-7c1f-4b54-9dcc-7c4ee87a4eaa,Warm,0,13.24,14,119.0
2026-06-30 21:00:21.899,71b58dce-50fb-4563-9e4f-0f86f04ab188,Warm,0,13.84,14,120.0
2026-06-30 21:00:21.918,f33062e3-fdb0-448f-afa7-3b1c93af77ed,Warm,0,13.84,14,119.0
2026-06-30 21:00:22.082,0e52bbbb-6987-44f8-b3b2-c8a27bdc853d,Warm,0,13.03,14,119.0
2026-06-30 21:00:22.602,0a05fea5-28cc-4e18-b72a-21e246c32bd1,Warm,0,12.6,13,120.0
2026-06-30 21:00:22.602,c2557fe9-7975-48cb-a392-4e21e44dc607,Warm,0,14.26,15,119.0
2026-06-30 21:00:22.603,9051c6e1-fe8b-4c90-87f7-f3689cdf7fa1,Warm,0,12.68,13,119.0
2026-06-30 21:00:22.603,f114524f-4d15-477b-b3ca-0a9e935d3357,Warm,0,14.37,15,119.0
2026-06-30 21:00:22.604,1dd2cfb2-265c-4efe-9114-57432833b550,Warm,0,12.99,13,119.0
2026-06-30 21:00:22.609,780ed90a-a15e-4184-953c-f6beb557d032,Warm,0,13.65,14,119.0
2026-06-30 21:00:22.641,a55c0039-88c1-43a6-90f2-a37a93d14739,Warm,0,14.28,15,119.0
2026-06-30 21:00:23.678,f15142c9-99d3-482e-8b4b-ff39fbb98f20,Warm,0,15.24,16,119.0
2026-06-30 21:00:23.680,7810c307-eb7b-48a4-b49d-efc73de68f70,Warm,0,12.56,13,119.0
2026-06-30 21:00:23.692,df9aed10-ef1e-4dfa-ab8b-0751745407c6,Warm,0,13.03,14,120.0
2026-06-30 21:00:23.693,76385a29-b5e6-4a26-8923-8d891a22178c,Warm,0,25.56,26,119.0
2026-06-30 21:00:23.694,db598d43-3228-4597-a914-d5fe02997743,Warm,0,15.36,16,119.0
2026-06-30 21:00:23.695,87d4a82a-610f-48fb-8cbb-b62f2f728c33,Warm,0,12.74,13,119.0
2026-06-30 21:00:23.697,181bf7d3-6520-4d75-bfaf-2fdea029a66e,Warm,0,12.99,13,119.0
2026-06-30 21:00:23.700,cd852243-08d4-4997-a7ac-b8efcfa0656e,Warm,0,14.84,15,119.0
2026-06-30 21:00:24.267,49cacadf-ead8-42d6-acad-2f46058b69eb,Warm,0,12.27,13,119.0
2026-06-30 21:00:24.280,99fd1771-2eff-4c9a-bcaf-7df0a0fa97bd,Warm,0,12.96,13,119.0
2026-06-30 21:00:24.465,d5189df4-c32c-4eaa-80c9-f746fa5913fb,Warm,0,12.81,13,119.0
2026-06-30 21:00:24.466,ad745325-8388-4c25-a33e-5ecf03d388e4,Warm,0,11.77,12,119.0
2026-06-30 21:00:24.466,9711328a-0a29-4c97-bae1-bbfef8b21d63,Warm,0,12.07,13,119.0
2026-06-30 21:00:24.468,980ccc32-b4de-4799-a9b3-c6ce62ff8cb3,Warm,0,12.85,13,119.0
2026-06-30 21:00:24.471,38e5d9c8-1670-47b2-8118-de57baf8398e,Warm,0,14.26,15,119.0
2026-06-30 21:00:24.474,e0534b63-146a-4ead-a915-3e509e341010,Warm,0,14.12,15,120.0
2026-06-30 21:00:25.350,a9b02bc3-4257-415d-84d4-21a96baa07c0,Warm,0,13.54,14,120.0
2026-06-30 21:00:25.362,5ca566a6-8cb5-4d39-a825-d311d529208d,Warm,0,15.59,16,119.0
2026-06-30 21:00:25.365,e4d021d9-e89d-42b8-8aa5-0cf329179c92,Warm,0,20.34,21,119.0
2026-06-30 21:00:25.365,c0e036f4-102a-456c-8ab6-d472d180a757,Warm,0,11.41,12,119.0
2026-06-30 21:00:25.366,d3197683-b285-4347-ab5e-3ff9c5e3600d,Warm,0,12.46,13,119.0
2026-06-30 21:00:25.367,7514ee0f-b1da-4b26-aabf-53abd3a466ce,Warm,0,13.76,14,119.0
2026-06-30 21:00:26.102,31a3bcef-f2b1-4d3d-80d1-66eb3588d41e,Warm,0,13.17,14,119.0
2026-06-30 21:00:38.238,b469fd2e-badc-43b9-9b33-3567b63c6b25,Warm,0,41.84,42,119.0
2026-06-30 21:00:38.239,0ceaa8db-f008-425b-9396-659d7dd16ad9,Warm,0,39.53,40,119.0
2026-06-30 21:00:38.242,d85d278e-e8b5-447f-9733-0a731d78e5b0,Warm,0,45.98,46,119.0
2026-06-30 21:00:38.249,f123e182-3913-46b7-a548-7be4f1e0ae0f,Warm,0,38.15,39,119.0
2026-06-30 21:00:38.252,2ab4ef48-7250-409d-927f-e2e46d6970e3,Warm,0,38.99,39,119.0
2026-06-30 21:00:39.091,339c3ed2-694e-497e-8637-9d9f31c65ada,Warm,0,13.58,14,119.0
2026-06-30 21:00:39.099,24e8880e-e192-4483-8fe2-3690bc4aa7ba,Warm,0,12.96,13,119.0
2026-06-30 21:00:39.100,baa6485e-cc66-45da-a0c9-bb97792077d2,Warm,0,13.34,14,119.0
2026-06-30 21:00:39.101,b8a8724e-93ee-40b2-82d8-e0aa252ec48a,Warm,0,13.74,14,119.0
2026-06-30 21:00:39.106,3eb5c0c7-882e-4165-8c73-ad9b901b0a50,Warm,0,13.65,14,119.0
2026-06-30 21:00:39.112,5acf8380-4176-4e31-a21d-8f2b7d329dd3,Warm,0,13.51,14,119.0
2026-06-30 21:00:39.134,eb70bf9d-9cb4-4855-9ae7-d0e2f03292ac,Warm,0,40.69,41,120.0
2026-06-30 21:00:39.136,f28a6a9d-0a52-4587-95e8-cce4245fb9c9,Warm,0,41.79,42,119.0
2026-06-30 21:00:39.139,a8befa33-b342-46a5-9637-6cab8c6ffe06,Warm,0,40.75,41,119.0
2026-06-30 21:00:39.715,a64a7ab5-a7ab-460e-85f2-96d4cb89edab,Warm,0,14.07,15,119.0
2026-06-30 21:00:39.716,69b90537-7145-4573-a324-7783d3eec0ce,Warm,0,15.48,16,119.0
2026-06-30 21:00:39.725,97b3a853-cd74-4a87-b79b-988b0abbd66f,Warm,0,13.47,14,120.0
2026-06-30 21:00:39.730,76925297-bc2d-482d-a0b0-ffca35ba5555,Warm,0,15.62,16,119.0
2026-06-30 21:00:39.730,8aae911e-71bc-4b74-850a-c389df384cae,Warm,0,15.7,16,119.0
2026-06-30 21:00:39.733,0c7e4c11-adfe-42f3-892a-95b03d7c2139,Warm,0,12.21,13,119.0
2026-06-30 21:00:39.740,b38d0864-9734-4af1-a8d6-1df736597218,Warm,0,14.11,15,119.0
2026-06-30 21:00:39.740,41b6a46f-0fb8-4777-85ef-bd074c524b98,Warm,0,13.94,14,119.0
2026-06-30 21:00:39.741,3b56770c-8114-4173-9399-aa1cca0bc95d,Warm,0,14.3,15,119.0
2026-06-30 21:00:39.741,577ace36-2596-4d89-8025-f4eed4417013,Warm,0,13.81,14,119.0
2026-06-30 21:00:40.614,c33900c3-1512-4af6-b38a-c6ff2941aa67,Warm,0,14.74,15,119.0
2026-06-30 21:00:40.620,8811997a-ca7d-4ef7-af5f-c173a60de78b,Warm,0,11.19,12,119.0
2026-06-30 21:00:40.622,430fc8e6-9be0-4288-a78a-541527ac3a75,Warm,0,13.09,14,119.0
2026-06-30 21:00:40.623,305228ca-5e7b-483e-a7bc-8f561e468598,Warm,0,12.8,13,119.0
2026-06-30 21:00:40.625,adc4ed21-2adc-4a6d-9401-a9a8187205b9,Warm,0,13.1,14,119.0
2026-06-30 21:00:40.626,8c1a9633-29d1-4646-afa0-3728e5ada05b,Warm,0,16.17,17,119.0
2026-06-30 21:00:40.627,17439000-07e4-40c2-8470-0dcc9106ae1e,Warm,0,15.01,16,119.0
2026-06-30 21:00:40.633,c18d4160-9ee3-4b89-b48f-ff702fbdf40f,Warm,0,12.75,13,120.0
2026-06-30 21:00:40.633,99f73e29-054f-4f7a-be17-12bdf4207b30,Warm,0,14.12,15,119.0
2026-06-30 21:00:40.727,8c9afc5e-63a7-4c97-a0aa-4da0fac8b02c,Warm,0,13.08,14,119.0
2026-06-30 21:00:40.852,1c582a12-3aac-4981-a1f6-6b14fc1397cf,Warm,0,15.62,16,119.0
2026-06-30 21:00:41.325,1ece6b78-0c91-47f6-b93f-175957eef946,Warm,0,14.23,15,119.0
2026-06-30 21:00:41.332,b2b04451-a750-47a3-930a-0280ca2ad55d,Warm,0,14.16,15,120.0
2026-06-30 21:00:41.332,ce07ef87-97fd-48f0-801b-ca698fb41fdc,Warm,0,12.94,13,119.0
2026-06-30 21:00:41.333,fe9a3b5b-8de9-4845-9692-475d9a1def70,Warm,0,13.38,14,119.0
2026-06-30 21:00:41.333,def2e536-5b88-4942-aa3e-9bb1453f4e8f,Warm,0,13.81,14,119.0
2026-06-30 21:00:41.367,8e1000e7-ec24-42b5-a3f2-f7b57c97ab41,Warm,0,13.09,14,119.0
2026-06-30 21:00:41.367,51125bdf-cad9-4bf5-ac3f-9556c4bafc0f,Warm,0,13.09,14,119.0
2026-06-30 21:00:41.369,9a1b7013-f727-4552-bcb1-428b359c7856,Warm,0,13.17,14,120.0
2026-06-30 21:00:42.478,064b8b16-342b-4acd-af05-7e650ab20313,Warm,0,12.01,13,120.0
2026-06-30 21:00:42.495,d27a2ed8-d31c-432c-b23e-3d66bdc8cf2b,Warm,0,13,13,119.0
2026-06-30 21:00:42.496,1ec9295e-6bfe-49d3-a0f8-1a736a8de85e,Warm,0,13.74,14,119.0
2026-06-30 21:00:42.497,e17a22f2-295c-4ed4-8535-22fe4dc59cdb,Warm,0,12.53,13,120.0
2026-06-30 21:00:42.498,c619976d-5d0a-4923-92d5-f89aa73d5052,Warm,0,13.35,14,119.0
2026-06-30 21:00:42.500,ffc1fca6-0ff9-4594-a474-2433631f01e3,Warm,0,13.18,14,119.0
2026-06-30 21:00:42.501,a6990c6f-15ac-45b0-a947-4ee1a7bdcc01,Warm,0,14.03,15,119.0
2026-06-30 21:00:43.013,de683ee5-be64-49f0-949f-43cd37d447b7,Warm,0,14.09,15,119.0
2026-06-30 21:00:43.230,fee222ec-515e-4262-9152-5475ef153460,Warm,0,18.82,19,119.0
2026-06-30 21:00:43.232,1122fb43-95b0-434d-9506-1dc0ebf812f3,Warm,0,13.9,14,119.0
2026-06-30 21:00:44.022,fd535b12-df9f-4299-b3c9-6a3fc0f0d9ec,Warm,0,14.22,15,119.0
2026-06-30 21:00:44.025,847f53a2-8c42-43ac-8860-fcc5b5d8c7f3,Warm,0,13.15,14,119.0
2026-06-30 21:00:44.914,f96b7785-fc2d-46a9-b585-3aee1847a58d,Warm,0,11.68,12,119.0
2026-06-30 21:00:44.915,c504b349-ede1-4c90-bccc-4aabd2508871,Warm,0,15.98,16,119.0
2026-06-30 21:00:44.916,82bec516-d178-4add-b947-ac65c617a5df,Warm,0,12.34,13,119.0
2026-06-30 21:00:45.810,d9ecc6b8-b181-4c62-bbc0-cf7974519d8f,Warm,0,12.96,13,119.0
2026-06-30 21:00:45.822,8fe9d82e-5c15-47ba-a52c-da09e2819ee2,Warm,0,13.19,14,119.0
2026-06-30 21:00:45.832,9a868b7f-780c-4d5b-a542-d5dd9891b744,Warm,0,13.17,14,119.0
2026-06-30 21:00:46.420,e787b9a6-a24a-4da6-805a-42f005fe8b70,Warm,0,11.29,12,119.0
2026-06-30 21:00:46.422,b7e908dd-f7c3-46de-a053-14073ed9c5aa,Warm,0,14.43,15,119.0
2026-06-30 21:00:46.663,11c5d641-876b-46f6-b6e7-f5deeb5e0345,Warm,0,18.76,19,119.0
2026-06-30 21:00:47.604,7dde6c75-6178-42bc-ac98-1fae881faac3,Warm,0,13.91,14,119.0
2026-06-30 21:00:47.623,41ca4869-8eb0-43d8-84bc-3ac662c5ee0c,Warm,0,15.14,16,119.0
2026-06-30 21:00:56.787,e6085477-6329-4415-9bba-6b9c0e1cd2ed,Warm,0,37.12,38,119.0
2026-06-30 21:00:57.676,d747d0c1-053c-4b09-a5ed-d3ad7857a14f,Warm,0,10.57,11,119.0
2026-06-30 21:00:57.695,39dbb2f5-c9d8-4e6a-8727-e1edee2562c6,Warm,0,11.15,12,119.0
2026-06-30 21:00:57.706,d44dbbfe-2350-4142-983a-59d2702f8403,Warm,0,38.86,39,119.0
2026-06-30 21:00:57.712,61d0bdfe-d7d6-4d06-b936-253578594f94,Warm,0,40.4,41,119.0
2026-06-30 21:00:57.895,9484c2f3-588e-48c2-8fa6-0f39886d9968,Warm,0,13.88,14,119.0
2026-06-30 21:00:58.438,53a4e707-2e24-4f72-8599-393c7469b6ef,Warm,0,14.83,15,119.0
2026-06-30 21:00:58.442,cb34e7c3-4a12-472b-b05b-08346228a404,Warm,0,13.42,14,119.0
2026-06-30 21:00:58.450,f7f1399e-2528-4a9b-99d4-00f6d39ed808,Warm,0,10.71,11,119.0
2026-06-30 21:00:58.484,dc426dfa-7663-4a4e-aa6e-13a9bb6e12ee,Warm,0,49.54,50,120.0
2026-06-30 21:00:58.641,c0b8c3cd-2daf-4756-a140-bd56aaf06351,Warm,0,12.94,13,120.0
2026-06-30 21:00:58.644,792a3fdc-4fe2-408b-9988-b154672af9b3,Warm,0,11.11,12,119.0
2026-06-30 21:00:58.716,3f511747-9648-427b-b8c4-5c30d0e4a9b7,Warm,0,10.85,11,119.0
2026-06-30 21:00:59.383,0210e7fe-f1fa-4a32-9062-25176f5d00cc,Warm,0,11.5,12,119.0
2026-06-30 21:00:59.383,3b4c383d-0a0d-44f3-9249-f7b5f02e8a5f,Warm,0,12.41,13,119.0
2026-06-30 21:00:59.385,3728a9e6-1296-465c-aaf0-3bfa044e5525,Warm,0,13.74,14,119.0
2026-06-30 21:00:59.386,44d41e92-0cae-4121-ac25-03a5dca72870,Warm,0,13.98,14,120.0
2026-06-30 21:00:59.411,7581c9b6-4615-4095-acb7-acbad117fd6c,Warm,0,38.36,39,119.0
2026-06-30 21:00:59.413,c1e78d2a-e849-4631-9c61-e6ba74b9481e,Warm,0,39.08,40,119.0
2026-06-30 21:00:59.416,eaa436fa-5ab3-4577-a16a-e911e9792d46,Warm,0,38.82,39,119.0
2026-06-30 21:00:59.420,e074b21d-5add-40da-ac3c-b21d8a750df8,Warm,0,43.69,44,119.0
2026-06-30 21:00:59.422,3fe898eb-305e-421c-8c4c-f32ea8723bbb,Warm,0,45.16,46,120.0
2026-06-30 21:01:00.227,dec339a1-b35e-4764-9d44-3caa7e715cac,Warm,0,11.21,12,120.0
2026-06-30 21:01:00.235,8c782f98-8f9e-441f-9870-4965c994d3bf,Warm,0,13.62,14,119.0
2026-06-30 21:01:00.239,9a007a4f-8be1-4cd6-bc2d-73e9bdb3619e,Warm,0,12.82,13,119.0
2026-06-30 21:01:00.239,84d537c4-14a5-4d86-bbae-b4d9fb7ceb59,Warm,0,11.95,12,119.0
2026-06-30 21:01:00.242,b1a25a3f-5907-4a3c-8b59-991f2f49c7b4,Warm,0,14.47,15,119.0
2026-06-30 21:01:00.259,fefbdf6d-8ff2-4a3f-8ed8-c0d6afd395fb,Warm,0,14.62,15,119.0
2026-06-30 21:01:00.260,ae1188a6-7441-4678-b7f6-c7a3b4a85918,Warm,0,11.32,12,119.0
2026-06-30 21:01:00.261,de8e9cdd-b660-4171-a2d2-06de85f5ff54,Warm,0,12.41,13,119.0
2026-06-30 21:01:00.263,860ee2ae-059a-43ce-b2c4-dd40a849903b,Warm,0,14.31,15,119.0
2026-06-30 21:01:01.064,96fc6e39-eae9-49a1-84c1-b42029f6012c,Warm,0,14.4,15,119.0
2026-06-30 21:01:01.071,7c903044-04a5-4c06-b6b3-1a28c9352568,Warm,0,13.36,14,119.0
2026-06-30 21:01:01.077,1c1f1a2c-f344-4017-bf9a-3bff664995da,Warm,0,15.59,16,119.0
2026-06-30 21:01:01.082,cf640eca-2175-4e2d-b6cf-8e2c6ec248b6,Warm,0,13.62,14,119.0
2026-06-30 21:01:01.082,3d17af5c-67d7-40fb-81ad-716df4051673,Warm,0,13.28,14,119.0
2026-06-30 21:01:01.083,a0d90a5d-efa2-481e-9d0c-2c7004f6e307,Warm,0,13.4,14,120.0
2026-06-30 21:01:01.085,623c2342-24df-490f-a0aa-30b9c06f8c19,Warm,0,13.79,14,120.0
2026-06-30 21:01:01.115,b1cc0559-03f6-4867-95c5-aedd7880975c,Warm,0,13.53,14,120.0
2026-06-30 21:01:01.264,6c9eaa8b-cd7d-41d7-b5b0-4132ad96a5cc,Warm,0,15.68,16,120.0
2026-06-30 21:01:01.840,02b65d04-aa50-4f52-adf5-626c09cbbef0,Warm,0,12.61,13,120.0
2026-06-30 21:01:01.841,65ce6b9d-ca1f-476d-a698-123454ddc944,Warm,0,13.13,14,119.0
2026-06-30 21:01:01.842,17423387-64cf-4edb-8aa3-ea5e4a3e8075,Warm,0,11.56,12,120.0
2026-06-30 21:01:01.842,d0433da4-e424-4067-b90f-c65fd1c6ae32,Warm,0,13.18,14,119.0
2026-06-30 21:01:01.847,98b2ee56-9c80-4739-b271-55a87edd3e4b,Warm,0,14.14,15,119.0
2026-06-30 21:01:01.868,d7d90ea6-18f6-4a46-ae81-be560f7a232c,Warm,0,13.31,14,119.0
2026-06-30 21:01:01.882,0429b00d-1c8f-4766-909c-25290126a14b,Warm,0,11.7,12,120.0
2026-06-30 21:01:01.884,4c94b48a-f14e-4ddd-8df6-26aafb545d15,Warm,0,14.24,15,119.0
2026-06-30 21:01:02.657,b35cbd3d-e47f-43a4-a862-c4248143328b,Warm,0,13.11,14,119.0
2026-06-30 21:01:02.663,cedd3d29-9f36-461c-9f71-14dad7648c6a,Warm,0,11.68,12,120.0
2026-06-30 21:01:02.665,d48c2bdb-9f40-40e0-820b-f3bc1b1e6b8e,Warm,0,13.74,14,119.0
2026-06-30 21:01:02.683,5ce864ce-b79e-4ef9-9894-48e65bcd6bb8,Warm,0,12.05,13,119.0
2026-06-30 21:01:02.684,336b2805-6021-4e46-8f14-b4b3b26a584d,Warm,0,13.44,14,119.0
2026-06-30 21:01:02.690,706853ae-10d5-4819-89a4-24f1da5c4475,Warm,0,14.57,15,120.0
2026-06-30 21:01:02.860,4f1ff422-3d4c-405f-93fa-fe8cff50121f,Warm,0,13.15,14,120.0
2026-06-30 21:01:02.872,2ab3716e-7d6e-4a53-8478-62f396f709fc,Warm,0,13.21,14,119.0
2026-06-30 21:01:02.876,8e9a3b49-4c91-4e74-ac81-099710321757,Warm,0,11.64,12,119.0
2026-06-30 21:01:02.877,d76359ac-a0b0-4312-8429-48c504f46be7,Warm,0,16.29,17,119.0
2026-06-30 21:01:03.732,19cdd0fb-eef1-4c17-aea3-97c829e5aad0,Warm,0,13.07,14,119.0
2026-06-30 21:01:03.733,2d959855-d7f9-40d2-a22d-5f6c63b932fe,Warm,0,12.59,13,119.0
2026-06-30 21:01:03.734,12758aa9-1247-49d9-8dfd-f5bf6d6afcd5,Warm,0,13.9,14,119.0
2026-06-30 21:01:03.744,1cc378a9-0ddd-4965-926d-43de1d525665,Warm,0,12.39,13,120.0
2026-06-30 21:01:03.746,c3598c6f-12c5-4a0d-8db1-c6d8053fa8fd,Warm,0,12.58,13,120.0
2026-06-30 21:01:03.770,2f009bfb-ceb4-4902-84c3-f6c6c68ad9f7,Warm,0,13.29,14,119.0
2026-06-30 21:01:03.771,86fccb66-5574-4391-9fd5-aa52910c1721,Warm,0,13.29,14,120.0
2026-06-30 21:01:03.772,353888e4-0d4c-47fd-aaf3-73f58fbe0478,Warm,0,14.91,15,120.0
2026-06-30 21:01:27.505,aed3b42f-6c61-4d03-9117-9bbde7f875d8,Warm,0,78.35,79,120.0
2026-06-30 21:01:27.549,1679b401-c8f5-490e-8660-10bfc8ba0d24,Warm,0,74.59,75,120.0
2026-06-30 21:01:27.662,6df565ff-aa11-4471-9406-f2f51707e9a6,Warm,0,44.05,45,120.0
2026-06-30 21:01:27.665,06d55296-c951-4b5e-acdc-be8c542a3c20,Warm,0,45,46,120.0
2026-06-30 21:01:27.697,4ec65c1e-0c04-49b8-84af-5469e8023703,Warm,0,72.6,73,119.0
2026-06-30 21:01:28.369,c6258c3e-e3ee-423e-ae23-78a436af574c,Warm,0,45.67,46,119.0
2026-06-30 21:01:28.370,fdbd18e6-d839-4589-a106-bef620275505,Warm,0,45.28,46,120.0
2026-06-30 21:01:29.201,39d1f936-3f55-4ac9-86da-66a171106f5f,Warm,0,44.27,45,119.0
2026-06-30 21:01:29.205,f8674127-5f82-4b07-b4c4-20d7fa333be9,Warm,0,44.18,45,120.0
2026-06-30 21:01:29.205,48096166-647f-4545-852b-ab008a5e377b,Warm,0,45.7,46,120.0
2026-06-30 21:01:29.941,05aaef09-8e53-442c-aa0c-3e4ef94bbd17,Warm,0,46.42,47,120.0
2026-06-30 21:01:30.143,6b989467-4391-4975-b4f1-4dc28b56c9e3,Warm,0,46.76,47,120.0
2026-06-30 21:01:30.157,835415f0-f64a-4964-8488-7176d6009f98,Warm,0,45.16,46,120.0
2026-06-30 21:01:30.958,f8932539-95ed-4146-af89-83638887ce66,Warm,0,45.23,46,120.0
2026-06-30 21:01:31.184,6f4675ac-00d5-4091-9a4f-5560da1248f8,Warm,0,46.87,47,120.0
2026-06-30 21:01:31.696,d73aaf1b-ba05-4e79-8116-542ea0f1a3e0,Warm,0,43.56,44,120.0
2026-06-30 21:01:31.732,7dc01d7c-4b90-435b-b8c7-3db7dc038324,Warm,0,45.43,46,120.0
2026-06-30 21:01:31.764,80dcd620-020a-4ece-a360-ad07b6a8bf3e,Warm,0,45.9,46,120.0
2026-06-30 21:01:32.680,91aa9e8a-7e20-4a6d-921c-895cab690b18,Warm,0,45.66,46,120.0
2026-06-30 21:01:32.687,ddf9ab47-b1df-457c-a58d-5e8b66f72cbc,Warm,0,45.2,46,120.0
2026-06-30 21:01:33.664,ff9d9081-fd1f-4847-ae0a-5cc882a8c098,Warm,0,47.82,48,120.0
2026-06-30 21:01:33.679,c784f0f2-8e81-49bd-97ba-312c08befea2,Warm,0,61.32,62,120.0
2026-06-30 21:01:35.844,d68d35ad-0f17-4142-a69d-79a5d05b8c44,Warm,0,14.94,15,120.0
2026-06-30 21:01:35.851,3e8d7f6a-5149-401f-83f0-47bff5ef5eb8,Warm,0,14.46,15,120.0
2026-06-30 21:01:35.868,9652ebdd-76de-466a-8cc4-a2d28ce16553,Warm,0,12.69,13,120.0
2026-06-30 21:01:35.880,d1b58b41-57d2-4a17-8c61-37dc14715e53,Warm,0,38.7,39,119.0
2026-06-30 21:01:36.107,66b808ad-5c40-452a-a59e-22ae622d5337,Warm,0,12.31,13,119.0
2026-06-30 21:01:36.833,16d497d5-295e-4fc7-9e73-91d6bf9f48f1,Warm,0,12.53,13,119.0
2026-06-30 21:01:36.850,8ec43096-62c6-402c-bd38-9b5d5a1ecae9,Warm,0,13.06,14,120.0
2026-06-30 21:01:36.855,65f24130-1b47-45a0-844f-caf7e139eee9,Warm,0,13.07,14,119.0
2026-06-30 21:01:36.860,7ae5f5c2-bd60-46ce-86c4-0c779ed439e6,Warm,0,15.78,16,120.0
2026-06-30 21:01:36.917,67d963ad-473f-41b1-a8b1-d3261f032f2d,Warm,0,43.98,44,119.0
2026-06-30 21:01:37.751,cd38c5d4-40b3-4a12-895a-6ef3a28c0d8b,Warm,0,11.28,12,119.0
2026-06-30 21:01:37.759,3437545b-4416-44e9-8f60-17a01d1f8d6c,Warm,0,11.04,12,120.0
2026-06-30 21:01:37.759,9a9c76b9-d205-45ba-9769-122945592736,Warm,0,12.25,13,120.0
2026-06-30 21:01:37.789,76448be8-8781-4b6d-a43d-3c814e2cbeac,Warm,0,39.99,40,119.0
2026-06-30 21:01:37.790,25d78911-3ac8-4bd5-9fa6-06cd3dcf7583,Warm,0,41.12,42,119.0
2026-06-30 21:01:37.790,27470466-c871-40eb-8e8a-cc565319608f,Warm,0,40.24,41,119.0
2026-06-30 21:01:37.792,6caed4cc-ee8e-4db4-85fe-814b63c091f9,Warm,0,41.49,42,119.0
2026-06-30 21:01:37.795,09276d98-3a17-453d-bc22-63837ec4595e,Warm,0,41.7,42,119.0
2026-06-30 21:01:38.736,51e347a6-9fae-4e42-b6a5-ea4f917233e5,Warm,0,13.09,14,119.0
2026-06-30 21:01:38.736,42202fbf-9445-4321-9738-680650fd607f,Warm,0,12.4,13,119.0
2026-06-30 21:01:38.738,10994069-3bc5-46c1-a297-eebe1779d151,Warm,0,13.58,14,119.0
2026-06-30 21:01:38.738,e10bbe2b-795d-42f5-b392-2788162b5ce6,Warm,0,14.15,15,119.0
2026-06-30 21:01:38.739,185ee2ae-dccf-42e4-92c3-e64c31219ec4,Warm,0,15.2,16,119.0
2026-06-30 21:01:38.752,f8d4e508-276e-4ff3-b77b-f82feb36226d,Warm,0,12.5,13,120.0
2026-06-30 21:01:38.756,a771de0d-1928-41a9-9b40-2697faf2b1e9,Warm,0,15.19,16,120.0
2026-06-30 21:01:38.794,ffc12114-40b7-4873-8388-b19ddc848bc3,Warm,0,13.45,14,120.0
2026-06-30 21:01:38.794,e292efc7-780c-4a26-adcf-ac68c2174821,Warm,0,13.04,14,120.0
2026-06-30 21:01:39.445,90d73fd7-dcc9-4a89-bfe0-3f629831f3f1,Warm,0,12.74,13,120.0
2026-06-30 21:01:39.451,71215ec1-22ce-4d94-a551-c2b913960f72,Warm,0,12.44,13,120.0
2026-06-30 21:01:39.458,dc290ab0-a21b-4ef0-8d84-e7fe19125c9d,Warm,0,13.43,14,119.0
2026-06-30 21:01:39.460,95ad96c3-d4af-4aa7-97a1-8492cff7bb9b,Warm,0,15.7,16,119.0
2026-06-30 21:01:39.462,f8a7f835-64d3-4f69-8ce0-c10fab7bf2bf,Warm,0,15.22,16,119.0
2026-06-30 21:01:39.465,63b3b0a6-5fb4-46fa-85d1-20f9234a4c45,Warm,0,14.74,15,119.0
2026-06-30 21:01:39.487,1e03f514-b7ea-456c-bebf-1bd6c6003d89,Warm,0,11.69,12,119.0
2026-06-30 21:01:39.490,d99f4319-53ce-4b93-baf4-7e07bd7d95ed,Warm,0,12.88,13,119.0
2026-06-30 21:01:39.490,d573c947-7632-47da-92dc-96c454b44f56,Warm,0,13.54,14,119.0
2026-06-30 21:01:39.491,33121240-9e29-44ce-8671-99abf644454d,Warm,0,12.91,13,119.0
2026-06-30 21:01:39.653,d64255c8-efc7-472f-9748-6cadea2365b0,Warm,0,13.49,14,119.0
2026-06-30 21:01:39.655,5a927b40-eb99-434f-b098-42fd60abd4a6,Warm,0,14.57,15,119.0
2026-06-30 21:01:40.172,bf82ab35-c419-4613-aae6-4fe02a55ccfb,Warm,0,14.87,15,119.0
2026-06-30 21:01:40.177,2ced4c5f-b0b3-4d21-8421-23cbbec14ca8,Warm,0,13.83,14,119.0
2026-06-30 21:01:40.178,375f45d7-7e19-42ed-a705-0f2a0632572b,Warm,0,13.76,14,119.0
2026-06-30 21:01:40.181,41322dce-8560-4b0b-91cc-39896693812b,Warm,0,11.65,12,120.0
2026-06-30 21:01:40.184,721b74f7-5369-401d-ae87-656e9f7b0b4f,Warm,0,12.83,13,119.0
2026-06-30 21:01:41.136,bf5db1d7-a7cb-4dd9-9714-da030b4c600d,Warm,0,12.56,13,119.0
2026-06-30 21:01:41.139,42eaee1e-dd69-443a-bdff-e4c17d989b38,Warm,0,12.14,13,119.0
2026-06-30 21:01:41.140,a807a8e3-b237-4ad9-8cbc-4004bbff7f06,Warm,0,13.11,14,119.0
2026-06-30 21:01:41.140,5f20bff3-b108-400e-a5fa-69ab6936137b,Warm,0,14.24,15,120.0
2026-06-30 21:01:41.143,bf526d13-7048-4e96-9f81-86b3e2e47a64,Warm,0,13.18,14,119.0
2026-06-30 21:01:41.173,8094dd44-ce05-4182-9875-f4e0449cb91c,Warm,0,16.61,17,119.0
2026-06-30 21:01:42.125,ed8db2c8-9f52-4a97-bcba-234ed907a25f,Warm,0,15.29,16,119.0
2026-06-30 21:01:42.149,934ddfc1-55cd-44e8-b26f-6ce5f591c1f3,Warm,0,13.46,14,119.0
2026-06-30 21:01:42.150,504e412b-3fd5-402b-aff6-43cd1fff2f6a,Warm,0,12.95,13,119.0
2026-06-30 21:01:42.153,7060ede7-d08e-409b-ae85-a611ceb2ac96,Warm,0,13.86,14,120.0
2026-06-30 21:01:42.162,ab9927b3-9702-4bd2-841d-839cdd99f91d,Warm,0,12.18,13,119.0
2026-06-30 21:01:43.026,3c4962cb-a278-4327-9fe8-85aa1d8ece4e,Warm,0,11.79,12,119.0
2026-06-30 21:01:43.041,717c1e43-1967-40d8-bf90-30f1bb04b5c7,Warm,0,13.51,14,120.0
2026-06-30 21:01:43.044,e484563c-8452-4964-b33b-d182fe0edd89,Warm,0,15.2,16,119.0
2026-06-30 21:01:43.078,92f54555-cb5a-4694-bab9-f9074088749e,Warm,0,12.21,13,119.0
2026-06-30 21:01:43.079,68027d30-780b-46e7-89fc-915a64b69d17,Warm,0,13.07,14,120.0
2026-06-30 21:01:43.079,a40da5b0-9df2-4d49-bb82-c163ff0fbaf4,Warm,0,12.72,13,119.0
2026-06-30 21:01:43.722,1756c7e7-8154-4aa4-9ba1-82ad349d919d,Warm,0,12.62,13,120.0
2026-06-30 21:01:43.727,966b5833-b3b6-44c3-b32a-ecde01f63a6c,Warm,0,12.59,13,119.0
2026-06-30 21:01:43.738,58b7b58b-e583-420f-90af-837aed64fc2a,Warm,0,11.9,12,119.0
2026-06-30 21:01:44.477,3a41caef-d1ba-4023-9a84-5194d0725922,Warm,0,14.29,15,119.0
2026-06-30 21:01:44.646,f0ac61ec-41a0-4ead-9d2e-d1d241c45801,Warm,0,15.21,16,119.0
2026-06-30 21:01:52.323,8d999e3e-94ed-4a0f-a450-f30f08ddc34e,Warm,0,40.63,41,119.0
2026-06-30 21:01:52.336,75ae043d-84ae-477d-96cb-c3cd7e706710,Warm,0,38.54,39,119.0
2026-06-30 21:01:52.356,bd474102-6128-4851-87eb-73f8fc6b111c,Warm,0,38.2,39,120.0
2026-06-30 21:01:53.012,af2daefa-f8ba-4b8c-882e-eab28f1723ff,Warm,0,13.76,14,120.0
2026-06-30 21:01:53.016,71367ff7-6aa5-4981-8bb6-7d46de366e3f,Warm,0,11.3,12,119.0
2026-06-30 21:01:53.048,8a7dbfac-e410-45b0-9ffa-ccf04287b835,Warm,0,40.89,41,119.0
2026-06-30 21:01:53.049,548ee51c-0eb7-4c05-8512-4939b443db4f,Warm,0,38.77,39,119.0
2026-06-30 21:01:53.057,1b46cfd5-5348-4eea-81a7-081681914e2e,Warm,0,51.99,52,119.0
2026-06-30 21:01:54.068,2e8ce24b-d501-43f4-9dad-d53cc612774a,Warm,0,12.01,13,119.0
2026-06-30 21:01:54.068,61ff7e24-04e8-43d3-97ee-d9475c93ba8b,Warm,0,11.99,12,119.0
2026-06-30 21:01:54.073,5d3926b0-fd6d-4af8-8522-883474dc6f76,Warm,0,12.86,13,119.0
2026-06-30 21:01:54.074,2de5687a-f7b4-4161-87c2-ee0029cc160e,Warm,0,12.64,13,120.0
2026-06-30 21:01:54.074,2f1de3b6-c680-44a5-a0d4-a3d0f4244a93,Warm,0,13.97,14,119.0
2026-06-30 21:01:54.093,77310766-b471-442b-9ac6-116abc2fb247,Warm,0,12.37,13,119.0
2026-06-30 21:01:54.102,ed7c6f39-424d-4efe-9d0d-0428e925cd0c,Warm,0,40.74,41,120.0
2026-06-30 21:01:54.111,46729694-a57c-4b87-a8a3-51ddc181c6bb,Warm,0,12.15,13,120.0
2026-06-30 21:01:54.810,efce4985-9d92-4f6c-9dd6-a05d0cae89c5,Warm,0,13.91,14,120.0
2026-06-30 21:01:54.813,96f7f9e0-1abf-4d3a-ac44-bbd7b7be0058,Warm,0,13.67,14,120.0
2026-06-30 21:01:54.815,7ff05ab2-053a-42aa-92cc-19cf626b5a66,Warm,0,13.04,14,119.0
2026-06-30 21:01:54.816,1cd23b97-9b15-4d12-a6b3-34b3fc9ce692,Warm,0,13.08,14,119.0
2026-06-30 21:01:54.819,2b4163b2-d1b1-4276-88c0-f3c94e243f1d,Warm,0,14.53,15,119.0
2026-06-30 21:01:55.481,28d52d61-1475-4b80-8658-10ffd9679064,Warm,0,10.55,11,119.0
2026-06-30 21:01:55.493,7512a684-abf6-4a4a-9252-c1c3bd9e10fd,Warm,0,11.44,12,119.0
2026-06-30 21:01:55.494,f7a9d567-427e-4111-9271-10c26ec7cd08,Warm,0,12.51,13,119.0
2026-06-30 21:01:55.687,86d10b25-ed2d-4632-8c74-900ef74b50df,Warm,0,13.4,14,119.0
2026-06-30 21:01:55.690,c74cf959-f6f0-49fb-a68c-1c306225869e,Warm,0,14.65,15,119.0
2026-06-30 21:01:55.699,fe4abeb5-49fc-4b34-9029-fd3d77e0011f,Warm,0,11.77,12,119.0
2026-06-30 21:01:55.705,d9a01a71-0ff8-4e22-952c-e5f11734c5e0,Warm,0,12,12,119.0
2026-06-30 21:01:55.711,a2490543-917e-49f3-a811-5e77ec1a983b,Warm,0,13.48,14,119.0
2026-06-30 21:01:56.388,561b76f2-4515-4969-ab28-683dfbeae03b,Warm,0,12.48,13,119.0
2026-06-30 21:01:56.392,e82f3a36-6ab8-4b57-9a6c-1a4c3d1cf82b,Warm,0,14.07,15,119.0
2026-06-30 21:01:56.404,c7bb2267-b53c-4037-bf61-ef6fdd6e04ab,Warm,0,12.88,13,119.0
2026-06-30 21:01:56.405,2315309e-67a6-4a48-ba61-c6a21132fa38,Warm,0,13.21,14,120.0
2026-06-30 21:01:56.412,aa07e7d1-5f7e-4fd8-a543-4c83f3dca0fc,Warm,0,13.21,14,119.0
2026-06-30 21:01:56.413,29e63c66-8af2-44eb-9b59-038769323e5a,Warm,0,13.62,14,120.0
2026-06-30 21:01:56.414,70629113-8f22-4277-ab18-de200bb930c3,Warm,0,11.87,12,119.0
2026-06-30 21:01:56.415,bc1c94f7-8378-4870-b73c-2ef04dc5a6fc,Warm,0,15.62,16,119.0
2026-06-30 21:01:56.606,3b8acda3-eece-46c1-9fea-fc56094363de,Warm,0,12.11,13,119.0
2026-06-30 21:01:56.621,37e9eae0-e766-4df1-9f7e-9e43d7ab9ac3,Warm,0,13.69,14,119.0
2026-06-30 21:01:56.648,71df5891-3c57-40ad-8311-cf0ea390114f,Warm,0,13.61,14,119.0
2026-06-30 21:01:57.421,613d3dcb-b0aa-4544-b17e-190a6ae1809a,Warm,0,12.8,13,119.0
2026-06-30 21:01:57.425,c0435417-94f6-49cf-b908-83498d62b80c,Warm,0,11.08,12,119.0
2026-06-30 21:01:57.429,0ce2149d-e13a-4cfc-b96d-98084945c67b,Warm,0,11.98,12,119.0
2026-06-30 21:01:57.430,a4356afc-abde-46d9-be45-b67cd79a06f4,Warm,0,12.76,13,120.0
2026-06-30 21:01:57.431,ef2a42a5-9885-46e3-853d-37568242126f,Warm,0,13.49,14,120.0
2026-06-30 21:01:57.437,0970e7fd-b959-4062-a689-56d6e6806697,Warm,0,11.83,12,119.0
2026-06-30 21:01:58.091,3dd2d09f-5e6b-442b-88a2-6ef9bce49e13,Warm,0,13.66,14,119.0
2026-06-30 21:01:58.096,26a47c2c-f148-4ad8-80b8-a5f47770d7cc,Warm,0,13.87,14,120.0
2026-06-30 21:01:58.097,708530b4-be3d-49ba-a422-7598e35976e7,Warm,0,13.16,14,119.0
2026-06-30 21:01:58.097,9d20df47-d143-40e4-8871-3e06c409b9f7,Warm,0,12.2,13,119.0
2026-06-30 21:01:58.100,1c1ec52b-58db-4409-a777-ac72e52191c6,Warm,0,19.48,20,120.0
2026-06-30 21:01:58.111,bcfb9670-fa9e-49b3-a4c4-29d61ae766d2,Warm,0,23.47,24,119.0
2026-06-30 21:01:58.131,653381cc-7c71-400c-92b8-cc4b0631311a,Warm,0,42.67,43,119.0
2026-06-30 21:01:58.139,96bfa544-984a-40d2-9455-a90acb569f5b,Warm,0,41.9,42,119.0
2026-06-30 21:01:58.984,239046a3-d484-4052-bdde-fbf5df6826a0,Warm,0,13.58,14,119.0
2026-06-30 21:01:58.987,b925f10a-3d7f-4fa8-af35-68ed96699b5a,Warm,0,16.39,17,119.0
2026-06-30 21:01:58.992,ab3c67b8-bcce-4b41-aa25-ff64b9754f86,Warm,0,11.33,12,119.0
2026-06-30 21:01:59.813,4131b3f3-9001-45e0-b3a6-a1fe52dfa596,Warm,0,13.14,14,119.0
2026-06-30 21:01:59.816,49c5f4d4-3d7a-4f14-a3c8-bcaa947a907b,Warm,0,12.78,13,119.0
2026-06-30 21:01:59.848,b03f923d-02cf-4dc9-aab8-eeb0a25e5993,Warm,0,12.83,13,119.0
2026-06-30 21:01:59.851,bacbbfb1-a8f4-4bf2-bbe1-0052373057f6,Warm,0,12.58,13,119.0
2026-06-30 21:02:00.897,beac08f3-b4b4-4c97-b241-53e04f8d5aab,Warm,0,15,15,119.0
2026-06-30 21:02:00.899,fe5ecaf6-53b9-4078-89df-9cbd6da07c52,Warm,0,12.01,13,119.0
2026-06-30 21:02:00.899,c5c63cd8-dd47-40ce-b6a3-0f4b59223a75,Warm,0,13.69,14,119.0
2026-06-30 21:02:00.901,c7b526c7-cafd-40dd-bb93-3fdb9a3db358,Warm,0,13.04,14,120.0
2026-06-30 21:02:01.539,600c7043-51b1-4211-a03f-12fd9e36dca7,Warm,0,12.31,13,120.0
2026-06-30 21:02:12.677,dd5f8ed6-31b5-4208-9f53-cb6376e82d6b,Warm,0,40.77,41,120.0
2026-06-30 21:02:12.684,3fa08fd2-d6d4-4805-97e6-0059b3062094,Warm,0,45.67,46,119.0
2026-06-30 21:02:13.377,0a3387fb-1202-498f-a448-cc6ebf7f68fe,Warm,0,14.43,15,119.0
2026-06-30 21:02:13.380,f2eee098-4ca6-4918-93f0-2695d9b21f0d,Warm,0,13.03,14,120.0
2026-06-30 21:02:13.405,59ecaa2c-4963-4812-9a95-734899c2df9b,Warm,0,38.69,39,119.0
2026-06-30 21:02:13.406,7795a89c-a958-4ce0-af17-f595de0096fd,Warm,0,37.95,38,119.0
2026-06-30 21:02:13.406,c5edbf7a-3e13-4dd2-9261-c69b46e1260d,Warm,0,40.87,41,119.0
2026-06-30 21:02:13.424,ad7f7a8a-0952-4898-b82f-b69b053a2a9a,Warm,0,42.21,43,119.0
2026-06-30 21:02:13.428,0d2628d7-1bf5-42bb-856b-b090b9906e0e,Warm,0,59.07,60,119.0
2026-06-30 21:02:13.431,18324a63-cb49-4f84-a367-b8bd6a838511,Warm,0,50.48,51,120.0
2026-06-30 21:02:13.580,3f194b2a-838a-4346-b0fc-0414c3217d33,Warm,0,14.9,15,120.0
2026-06-30 21:02:14.334,1ebef9fe-7599-4975-a3cf-1041ce37fb4f,Warm,0,13.08,14,120.0
2026-06-30 21:02:14.353,160951c7-c8df-43d6-a135-18ba993cb425,Warm,0,14.3,15,119.0
2026-06-30 21:02:14.353,2249636f-e776-4fdc-9d4d-8ef2b14a9909,Warm,0,13.7,14,119.0
2026-06-30 21:02:14.358,394255f6-4a70-4462-a1bd-cbb88f544a8c,Warm,0,13.62,14,119.0
2026-06-30 21:02:14.358,6dab9137-4833-40c5-a70a-f1336557a905,Warm,0,13.73,14,119.0
2026-06-30 21:02:14.359,fdf54fb2-b1cc-4f00-8c8d-e4becf3d797a,Warm,0,12.39,13,119.0
2026-06-30 21:02:14.359,ccf9769a-0aae-4f9d-a04c-ecce4666f7b0,Warm,0,13.37,14,119.0
2026-06-30 21:02:14.368,5b687b96-78e9-47e3-8906-62869b75cfd2,Warm,0,13.22,14,120.0
2026-06-30 21:02:14.392,64dfc78c-67dc-465b-a645-567bf7a314b7,Warm,0,44.5,45,120.0
2026-06-30 21:02:14.401,c01ed537-6098-4075-91f3-a2ac70597a5e,Warm,0,54.79,55,120.0
2026-06-30 21:02:14.573,941290be-dd28-4df0-927b-c83ce89fcaee,Warm,0,11.15,12,120.0
2026-06-30 21:02:15.030,8f16ba36-73ca-4e7f-9a9b-eb0564ccd543,Warm,0,13.72,14,120.0
2026-06-30 21:02:15.038,31d4ec99-37ce-4aaf-9e29-e239f0e1773d,Warm,0,13.7,14,120.0
2026-06-30 21:02:15.039,abec69ec-c4f3-4825-988f-8f90ba4d1492,Warm,0,12.23,13,120.0
2026-06-30 21:02:15.042,329951fe-9675-4a92-9e85-294dbbf01962,Warm,0,12.55,13,119.0
2026-06-30 21:02:15.042,1c4acfaa-68bf-4dd1-a3fb-fb31823ae8c3,Warm,0,14.51,15,119.0
2026-06-30 21:02:15.060,1bcd5529-6c60-4305-888c-0dade81e4494,Warm,0,12.55,13,120.0
2026-06-30 21:02:15.064,2f4e834b-5a48-401f-a06d-37e87dbd201f,Warm,0,15.57,16,120.0
2026-06-30 21:02:15.064,1d04fd2e-aa27-4cd4-ad9b-672d628b96aa,Warm,0,13.47,14,120.0
2026-06-30 21:02:15.073,ad15eb9f-bfaa-43ec-8822-aef73e1ec3e9,Warm,0,45.16,46,119.0
2026-06-30 21:02:15.239,d5e1c2b7-27da-4cde-a1c2-e4ed9dc67f3a,Warm,0,16.03,17,119.0
2026-06-30 21:02:15.286,6c723d81-172e-44e1-b720-ac5bd61300db,Warm,0,13.07,14,119.0
2026-06-30 21:02:15.936,f904f1ce-8206-40c0-a301-e387bd361193,Warm,0,14.15,15,119.0
2026-06-30 21:02:15.956,56c25698-7968-4758-a62f-b62b9be0c411,Warm,0,13.01,14,120.0
2026-06-30 21:02:15.963,4ffc6fcd-a09e-4ed4-85dd-894a4acb15bc,Warm,0,13.6,14,119.0
2026-06-30 21:02:15.964,079d8b01-66c9-4e43-a0f8-6d7b5072ba2f,Warm,0,12.53,13,120.0
2026-06-30 21:02:15.965,877fb387-39c0-4870-8eb4-eefb0beb1fc9,Warm,0,12.73,13,119.0
2026-06-30 21:02:15.966,c0f43041-7e98-41e0-a6f7-f28b6e79ed64,Warm,0,13.71,14,120.0
2026-06-30 21:02:16.136,008ac4cf-369b-463a-8a2d-dfb2b32a51c1,Warm,0,13.11,14,120.0
2026-06-30 21:02:16.142,74bde58f-6535-4208-a9c0-f88c1834c013,Warm,0,12.28,13,119.0
2026-06-30 21:02:16.150,786daa6d-ebe1-4604-b13e-cb529b725fde,Warm,0,14.08,15,120.0
2026-06-30 21:02:16.836,bf15a3a5-5b27-40f0-bf8a-0aee7cdc79d9,Warm,0,12.37,13,119.0
2026-06-30 21:02:16.839,390fe829-9e92-48b2-9595-4d8721598645,Warm,0,13.59,14,120.0
2026-06-30 21:02:16.841,fd8de844-0d0d-4336-a90d-9eab02011b87,Warm,0,12.05,13,120.0
2026-06-30 21:02:16.842,bcc9cfde-aaaf-4221-9448-bda2cda7aac4,Warm,0,12.97,13,119.0
2026-06-30 21:02:16.848,5e7fe3a8-b3e4-4926-857a-924c92ce0224,Warm,0,14.41,15,120.0
2026-06-30 21:02:17.035,7c8481bf-2207-4dfa-928a-3e299a82a5d9,Warm,0,13.91,14,120.0
2026-06-30 21:02:17.046,8ae79a92-6312-4069-9498-c3594a95e6a7,Warm,0,15.97,16,119.0
2026-06-30 21:02:17.046,1ace0eb8-2032-4db4-9d02-add6345bed58,Warm,0,12.49,13,120.0
2026-06-30 21:02:17.047,4a564e9f-6be2-4ef1-9995-4017baec225f,Warm,0,14.1,15,120.0
2026-06-30 21:02:17.088,55da3099-e0c6-4f7e-a2f7-8519816b36c2,Warm,0,13.2,14,119.0
2026-06-30 21:02:17.089,2f303c3c-d412-4457-9e7f-8ce1a8739dc2,Warm,0,13.97,14,120.0
2026-06-30 21:02:17.091,35e65f32-9a90-4294-9b73-8a378395a55a,Warm,0,16.83,17,120.0
2026-06-30 21:02:17.761,273a6aca-6d63-4270-b859-69edf8195c3d,Warm,0,14.18,15,119.0
2026-06-30 21:02:17.762,cbd8d1b8-f84e-44bb-9ba2-a3ae0b0ae695,Warm,0,14.39,15,120.0
2026-06-30 21:02:17.763,6115abfe-0e84-41a3-9d13-425cd97a03f6,Warm,0,16.49,17,120.0
2026-06-30 21:02:17.771,754d8b9e-f872-4cd6-af5b-8bd35c033747,Warm,0,12.75,13,120.0
2026-06-30 21:02:18.827,06e56b44-281d-4ef8-97be-56577215fb81,Warm,0,15.14,16,120.0
2026-06-30 21:02:18.833,1664606a-0eab-4e27-bd50-88b0298f5549,Warm,0,14.29,15,120.0
2026-06-30 21:02:18.862,a4b243c7-4137-4143-98da-3347fb16c61b,Warm,0,13.46,14,120.0
2026-06-30 21:02:18.863,4bee03ed-659f-4d4d-a90c-2625c560792a,Warm,0,14.82,15,120.0
2026-06-30 21:02:18.878,ea384dfa-e4fe-4d5b-bf83-06db90ffd8bf,Warm,0,12.62,13,120.0
2026-06-30 21:02:19.532,a336c603-aff5-409e-91fc-273d0fa453bc,Warm,0,11.56,12,120.0
2026-06-30 21:02:19.543,ddd0592d-d332-4819-9eec-ef0e7e43630c,Warm,0,14.98,15,120.0
2026-06-30 21:02:19.549,399b24cb-e03a-4c9d-9b02-47198f314ebd,Warm,0,13.8,14,120.0
2026-06-30 21:02:29.911,654f8f7c-8c02-46f7-9764-e297a33d53df,Warm,0,41.39,42,120.0
2026-06-30 21:02:29.919,b3d114e3-8083-44b2-9cbc-0e1093c39e37,Warm,0,41.15,42,120.0
2026-06-30 21:02:30.773,ff6c3b78-5e96-462b-a0df-78549f475255,Warm,0,12.53,13,120.0
2026-06-30 21:02:30.780,686a94b3-f76f-4785-8700-6a731f8db477,Warm,0,14.64,15,120.0
2026-06-30 21:02:30.805,1ae99c62-6fee-4cc8-aff2-701426c39eb9,Warm,0,37.28,38,119.0
2026-06-30 21:02:30.809,68efcece-b5b4-41ae-b706-38d61437c8d0,Warm,0,40.86,41,119.0
2026-06-30 21:02:30.810,00dbcaa4-e50e-4104-b1bf-eb9179a6d029,Warm,0,42.24,43,120.0
2026-06-30 21:02:31.558,6b54e5ec-d76a-4228-9266-b3c289c826b0,Warm,0,11.98,12,120.0
2026-06-30 21:02:31.569,29400f13-4cb7-47ad-a90d-de7b94aca0ea,Warm,0,13.61,14,119.0
2026-06-30 21:02:31.569,83caa5b2-f4b1-422d-a3f7-3c18d8abe2ce,Warm,0,13.04,14,120.0
2026-06-30 21:02:31.571,403fd025-5ea1-4575-8b4a-6a3c31b48ac4,Warm,0,13.76,14,120.0
2026-06-30 21:02:31.572,60af9926-44a5-47e0-9778-d039a6eda854,Warm,0,17.62,18,119.0
2026-06-30 21:02:31.582,35efc299-3e48-4c16-a94c-840be77137fc,Warm,0,12.88,13,120.0
2026-06-30 21:02:31.664,a63e404c-8455-43f6-81d7-be7a5f3f2fba,Warm,0,16.7,17,120.0
2026-06-30 21:02:32.099,a7c87322-2203-47c8-b093-6b1aed73445a,Warm,0,14.5,15,119.0
2026-06-30 21:02:32.100,f9a295e9-ef34-4801-b3fd-6657f120f05a,Warm,0,14.21,15,120.0
2026-06-30 21:02:32.103,ae94d59c-8309-44ec-a523-3ec163f39fca,Warm,0,13.07,14,119.0
2026-06-30 21:02:32.103,094c326e-9836-440e-ba85-e971743c179a,Warm,0,13.13,14,120.0
2026-06-30 21:02:32.104,37bce307-392a-47f7-9362-336686a7238a,Warm,0,12.82,13,120.0
2026-06-30 21:02:32.133,29ac56a7-959d-43c3-a99c-c9ad7269c59d,Warm,0,39.95,40,119.0
2026-06-30 21:02:32.133,6a522cb2-72d8-4ba0-a3d5-6f99df77ea96,Warm,0,40.39,41,119.0
2026-06-30 21:02:32.135,5688a810-c914-4b48-8a02-5873ff40488b,Warm,0,38.01,39,119.0
2026-06-30 21:02:32.135,68f019c9-87c5-4448-8423-5f420e2ab2bd,Warm,0,39.02,40,119.0
2026-06-30 21:02:32.147,83a67382-09f7-432f-ba87-2224595f4e78,Cold,930.55,49.64,981,119.0
2026-06-30 21:02:32.998,623edfc2-2f26-45cb-8fcc-a46ddbca7081,Warm,0,12.07,13,119.0
2026-06-30 21:02:32.999,b3a78d2f-9b23-494b-ad17-3806991bdc23,Warm,0,13.42,14,119.0
2026-06-30 21:02:33.000,032277e7-a2d1-4029-a0b2-315bdac86e99,Warm,0,11.9,12,119.0
2026-06-30 21:02:33.001,e9423ebf-09d2-4291-8fe4-32454906f306,Warm,0,12.36,13,119.0
2026-06-30 21:02:33.001,795d7b1d-15e8-4da3-890e-8ea35bb0e316,Warm,0,11.18,12,119.0
2026-06-30 21:02:33.014,57c511db-5a01-4d70-8f9b-a7a4fc2c3af9,Warm,0,10.61,11,119.0
2026-06-30 21:02:33.041,f26f9d4f-efcc-448c-bca6-448956bbcdc8,Warm,0,11.12,12,119.0
2026-06-30 21:02:33.188,f4f066de-d3d6-481a-b315-e2d54d5a1a31,Warm,0,13.21,14,119.0
2026-06-30 21:02:33.192,0aa0c3f0-e072-4ff9-9268-bafa191a6601,Warm,0,12.87,13,119.0
2026-06-30 21:02:33.751,83c5cc0b-7856-4692-8c2e-ba51052d3666,Warm,0,12.08,13,119.0
2026-06-30 21:02:33.752,cd6d11a6-98e6-419a-b246-0ceeb9f5cea5,Warm,0,11.89,12,119.0
2026-06-30 21:02:33.955,d1820a02-ff4c-4e47-b789-3257da2bf0e4,Warm,0,12.38,13,119.0
2026-06-30 21:02:33.965,9a40cf22-1641-46e9-8eb2-d5e4bbfc88a1,Warm,0,12.05,13,119.0
2026-06-30 21:02:33.970,a57d00b2-1585-475f-a4a4-8892df6f8abe,Warm,0,13.11,14,119.0
2026-06-30 21:02:33.973,f4846da8-b1f5-4555-87cf-f88c81268003,Warm,0,12.29,13,119.0
2026-06-30 21:02:33.974,bc358d48-9b1c-4d1d-a538-f96d8e1e43a9,Warm,0,13.21,14,120.0
2026-06-30 21:02:33.975,e28c30c3-35ab-49bb-839f-0bdf9ed37ede,Warm,0,15.13,16,119.0
2026-06-30 21:02:33.977,9e05f059-d8d6-46a9-8cb7-e027a1c0f894,Warm,0,12.2,13,119.0
2026-06-30 21:02:34.011,3a3d5acf-5d95-49ab-89f7-dbcad1516da2,Warm,0,11.57,12,119.0
2026-06-30 21:02:34.789,79a81027-0302-4116-b029-7ea9198b9464,Warm,0,13.18,14,119.0
2026-06-30 21:02:34.796,c2c793f0-5528-4878-8e9a-d40a3045ff14,Warm,0,14.47,15,119.0
2026-06-30 21:02:34.796,f155a049-4c08-4be5-9c8c-3c69893c348b,Warm,0,12.2,13,120.0
2026-06-30 21:02:34.799,af36130a-f304-4bd2-abbd-f65d81049c67,Warm,0,11.91,12,119.0
2026-06-30 21:02:34.816,a2da38af-a0b3-4eaf-bf3b-ca8d01962f89,Warm,0,29.87,30,119.0
2026-06-30 21:02:34.826,38732002-2380-43cd-8bba-12824a70a506,Warm,0,12.21,13,119.0
2026-06-30 21:02:34.827,0fd62f72-2c75-47c0-b89c-b3627d804e2e,Warm,0,13.09,14,119.0
2026-06-30 21:02:34.985,58932b2a-ef16-4bcd-b841-88dc580a107f,Warm,0,12.66,13,119.0
2026-06-30 21:02:35.860,df19526e-67ef-4695-886e-c3ccef5ea3ef,Warm,0,12.2,13,119.0
2026-06-30 21:02:35.874,2315d3ff-ac65-4daf-8ea0-7d032f9c8c46,Warm,0,12.12,13,119.0
2026-06-30 21:02:35.875,71397db3-e3d5-4f56-bfde-a81883f2e89c,Warm,0,14.48,15,119.0
2026-06-30 21:02:35.876,00aaa023-c1e8-405a-af77-08cfb52366b1,Warm,0,14.23,15,120.0
2026-06-30 21:02:36.565,2f67af9f-74b4-44a8-b399-27bcec39268d,Warm,0,14.97,15,120.0
2026-06-30 21:02:36.572,292b3838-d926-40ba-8bbb-b126e5cdda68,Warm,0,14.01,15,119.0
2026-06-30 21:02:36.584,d6128f7d-21fa-4d75-a648-91f5e68ae1b0,Warm,0,13.59,14,120.0
2026-06-30 21:02:36.586,a6405e0e-5166-4380-b9a7-0b8b02483404,Warm,0,12.83,13,119.0
2026-06-30 21:02:37.374,e68d52fb-6ce1-4703-a73f-bbe0acabb2c8,Warm,0,10.97,11,119.0
2026-06-30 21:02:37.386,53d7c95f-0252-41e2-88a5-38691b9168b7,Warm,0,11.76,12,119.0
2026-06-30 21:02:37.386,89c784f9-1857-4499-8e6b-dcb5cb4dbb76,Warm,0,11.2,12,120.0
2026-06-30 21:02:37.387,5671f895-5603-4c6e-9be3-84f98ce0ae35,Warm,0,11.79,12,119.0
2026-06-30 21:02:37.388,d0a3dbfe-7c41-4cb1-b757-748d20827e03,Warm,0,13.18,14,119.0
2026-06-30 21:02:38.374,c3711892-d320-4b86-9c01-d2d182a76f36,Warm,0,11.87,12,119.0
2026-06-30 21:02:38.401,f07d9b14-0685-4db4-ad29-1ef7436ac3a2,Warm,0,11.97,12,119.0
2026-06-30 21:02:46.080,34ef59d3-a7c0-4a26-8dae-3b5e764b85c8,Warm,0,49.58,50,119.0
2026-06-30 21:02:46.910,564e3b67-351b-48a4-b185-3b5adff2b831,Warm,0,12.42,13,119.0
2026-06-30 21:02:46.936,494bf34a-1b48-4f4f-91f6-dd861471f4b4,Warm,0,38.42,39,119.0
2026-06-30 21:02:46.942,95b61f4c-da12-4aa5-9762-452d7beee172,Warm,0,42.52,43,119.0
2026-06-30 21:02:46.944,1711836a-01aa-426d-8c52-a5e0f3a26376,Warm,0,41.19,42,120.0
2026-06-30 21:02:46.949,6684e141-e9fe-4412-9839-301ac4869503,Warm,0,44.1,45,119.0
2026-06-30 21:02:47.652,ec327762-24c1-483f-9955-c419d23cc02c,Warm,0,11.76,12,119.0
2026-06-30 21:02:47.666,5a72d35c-3eb6-41ee-af41-7722ea396705,Warm,0,11.98,12,119.0
2026-06-30 21:02:47.666,42d20d4b-c3c0-44a3-bd3b-c2d3c5f1ff63,Warm,0,13.2,14,120.0
2026-06-30 21:02:47.667,6fcd3615-8c2c-4577-a84a-2463e5eb770c,Warm,0,13.24,14,119.0
2026-06-30 21:02:47.672,9dd2e230-45f5-4ffe-91fe-1c0c52fdaacb,Warm,0,13.55,14,119.0
2026-06-30 21:02:47.695,fe148aa0-4909-46a6-a3b6-37b37335180b,Warm,0,39.87,40,119.0
2026-06-30 21:02:48.499,cce07997-7adb-4cab-a9a6-92128a3fc895,Warm,0,12.03,13,119.0
2026-06-30 21:02:48.499,9c81667a-2b0d-48ca-9633-4ad66c3b59aa,Warm,0,12.16,13,120.0
2026-06-30 21:02:48.500,457bb79f-3d13-40ad-bf20-767fcf188dbe,Warm,0,15.26,16,119.0
2026-06-30 21:02:48.501,928b90ef-c921-41ca-927c-a5f771cc8630,Warm,0,14.84,15,119.0
2026-06-30 21:02:48.503,8c9d369d-f2e4-4d50-8783-eb055736f311,Warm,0,11.97,12,119.0
2026-06-30 21:02:48.504,0a3bd3c0-e98d-4bae-ae70-2d39b0196b6f,Warm,0,13.49,14,119.0
2026-06-30 21:02:48.537,c9d17632-c9d9-4e9c-bb15-88f5ffd2d3b7,Warm,0,41.34,42,120.0
2026-06-30 21:02:48.537,fd689f31-afd7-4983-b528-1d19813977c5,Warm,0,40.19,41,120.0
2026-06-30 21:02:48.556,a4c281c9-6b82-427c-b92d-9b8578528189,Warm,0,59.62,60,119.0
2026-06-30 21:02:49.318,8a9616a2-9b62-42e6-8ac0-2619a3a9a71f,Warm,0,14.19,15,119.0
2026-06-30 21:02:49.318,8d4c4056-88ad-484a-9b27-f4247cb2c182,Warm,0,14.2,15,120.0
2026-06-30 21:02:49.345,6fef42e6-a65c-4a80-8b9a-7d045bb56fc7,Warm,0,12.48,13,119.0
2026-06-30 21:02:49.347,61592e53-d82b-4b4c-85f7-ff353c74a995,Warm,0,12.18,13,120.0
2026-06-30 21:02:49.349,98868af9-fbb4-4531-88fd-f25c2cef9272,Warm,0,13.17,14,120.0
2026-06-30 21:02:49.533,242cf48c-bfba-4580-88da-b5a99e1976bf,Warm,0,14.14,15,120.0
2026-06-30 21:02:49.534,e828916a-503f-4929-ab41-689add901882,Warm,0,11.87,12,119.0
2026-06-30 21:02:49.534,0407c60d-e490-4d94-8313-51c8a10aeb4a,Warm,0,11.95,12,119.0
2026-06-30 21:02:49.536,f860f9cb-9a79-4774-ba2e-380017c6d539,Warm,0,13.74,14,119.0
2026-06-30 21:02:49.536,2e6542e1-8143-42d3-946b-d1bcf9c5384a,Warm,0,14.67,15,120.0
2026-06-30 21:02:50.136,d20ca177-03d7-4546-892f-230ffef04d25,Warm,0,14.16,15,120.0
2026-06-30 21:02:50.144,df2968e4-75c9-4c7f-87b4-41b4df1067bf,Warm,0,15.26,16,119.0
2026-06-30 21:02:50.156,07ec17a1-b86a-4395-bb2f-6ed590e7cfee,Warm,0,14.89,15,119.0
2026-06-30 21:02:50.336,b17943fd-2631-4110-8e57-e82e6fa699c7,Warm,0,12.3,13,119.0
2026-06-30 21:02:50.338,1c3ac867-901c-4ffc-9e18-7e6f37162490,Warm,0,13.6,14,120.0
2026-06-30 21:02:50.339,48d3eabf-2981-4a3c-b417-86dba808f56b,Warm,0,14.76,15,119.0
2026-06-30 21:02:50.346,89b02c83-4e98-4038-89fd-dc1a7c03af3c,Warm,0,12.03,13,119.0
2026-06-30 21:02:50.353,e77946c4-5ce6-40ae-8b54-5fd29e3f3710,Warm,0,12.9,13,120.0
2026-06-30 21:02:50.355,6e57edb8-1382-4428-9ef3-efe5444eb2dc,Warm,0,14.19,15,119.0
2026-06-30 21:02:51.110,dcf73f8d-fce8-4adf-bf12-10f0368ef6a6,Warm,0,12.68,13,119.0
2026-06-30 21:02:51.113,78bb8cad-59ed-4280-8dbf-e7353e66390c,Warm,0,12.08,13,119.0
2026-06-30 21:02:51.115,11636e1e-df49-45d6-b640-4e07b79cc83e,Warm,0,14.62,15,120.0
2026-06-30 21:02:51.130,3bae1391-1baa-4d9f-8640-cb2d81a23f2d,Warm,0,13.25,14,119.0
2026-06-30 21:02:51.131,a153c198-1d27-4f92-92ff-5cf69999a302,Warm,0,14.49,15,120.0
2026-06-30 21:02:51.131,3388a0c5-190c-43d1-aaaa-3e1254bea219,Warm,0,13.04,14,119.0
2026-06-30 21:02:51.133,a3b82abc-b564-430b-aacc-a9ed21cfb9ba,Warm,0,10.89,11,119.0
2026-06-30 21:02:51.828,25800c0f-3d9b-4947-84d2-5b350e553786,Warm,0,13.28,14,119.0
2026-06-30 21:02:51.833,55d11e7e-7bb4-4875-b1bb-179de39476fb,Warm,0,16.2,17,119.0
2026-06-30 21:02:51.837,84abdd5e-8f81-4a40-a45c-81b80487eccd,Warm,0,12.27,13,119.0
2026-06-30 21:02:51.838,9bd6d4ae-423d-4bde-ac68-58ff2b4e60c7,Warm,0,13.1,14,120.0
2026-06-30 21:02:51.839,0235fed2-fa80-467f-bcc7-01309eca360d,Warm,0,12.82,13,120.0
2026-06-30 21:02:52.665,12eb32a7-83c3-4923-9d40-923b67ec5996,Warm,0,14.39,15,120.0
2026-06-30 21:02:52.700,2979c958-f4f9-464b-85c7-d28f5c9a8b46,Warm,0,14.04,15,120.0
2026-06-30 21:02:52.837,3b45e6a7-630f-49c1-898f-624e9dbafc6b,Warm,0,16.7,17,120.0
2026-06-30 21:02:52.841,edf02d6f-7b91-49e9-96dd-6ddc09d7de78,Warm,0,12.63,13,120.0
2026-06-30 21:02:53.729,dde8cbcc-8269-4f47-957b-b5a6906e3de9,Warm,0,12.74,13,120.0
2026-06-30 21:02:53.746,75ecf3fa-b19f-4f09-9289-92d366b06708,Warm,0,14.43,15,120.0
2026-06-30 21:02:54.626,3682e99a-2c2b-4e93-aed8-6b37a36f6153,Warm,0,13.3,14,120.0
2026-06-30 21:02:54.628,55868687-f2d2-460b-bb20-7c6d9c678212,Warm,0,14.35,15,120.0
2026-06-30 21:02:54.639,88509a2b-d70a-4eb6-9ae7-a01906cd2598,Warm,0,12.04,13,119.0
2026-06-30 21:02:55.321,6de1aae1-fa29-48d0-b92a-cea4990f07b4,Warm,0,11.78,12,119.0
2026-06-30 21:02:55.334,09243696-ee1c-40ba-bca2-83d7ad85fc86,Warm,0,14.7,15,120.0
2026-06-30 21:02:55.349,0159fea4-971d-4e0a-acbc-a7bcf6abe16f,Warm,0,31.05,32,120.0
2026-06-30 21:02:55.425,f34fcee9-5dc6-4f75-96d8-b452a8ff6d5a,Warm,0,14.23,15,120.0
2026-06-30 21:02:56.118,3a3f0623-7ddc-4f17-a296-bc989cb5ce70,Warm,0,13.5,14,120.0
2026-06-30 21:03:21.998,544aca00-96eb-4f6f-b542-d0258038c070,Warm,0,74.3,75,120.0
2026-06-30 21:03:22.010,1d596942-2602-46ca-912d-43902f0f136b,Warm,0,79.71,80,119.0
2026-06-30 21:03:22.015,7ceb9014-6683-4b8a-9b26-d4b7c9ab878b,Warm,0,91.38,92,120.0
2026-06-30 21:03:22.716,9baf1001-db77-4e73-9ffd-1fe99c67ba06,Warm,0,45.14,46,119.0
2026-06-30 21:03:22.721,44e0cd76-925f-4aa6-af6c-5e20e377488e,Warm,0,52.67,53,120.0
2026-06-30 21:03:22.724,c6fd5a6a-b5b8-474e-85f8-0c9f2b069ad7,Warm,0,46.77,47,120.0
2026-06-30 21:03:22.755,a1714315-4bb5-4bd9-94bc-845f30d69162,Warm,0,73.72,74,119.0
2026-06-30 21:03:22.862,b979efdf-b4e4-4af5-831f-e316af10a495,Warm,0,45.55,46,119.0
2026-06-30 21:03:23.610,9a90b34f-e34b-46f7-916c-e20793082b27,Warm,0,43.04,44,119.0
2026-06-30 21:03:23.620,74b75624-0390-477e-85a5-b9cfa9ade185,Warm,0,42.56,43,120.0
2026-06-30 21:03:23.638,3b2a010a-84e3-4552-adb2-d34ea47c6020,Warm,0,48.05,49,119.0
2026-06-30 21:03:23.642,428833be-d68c-4ce5-aeae-ee2adcd5fbd6,Warm,0,52.63,53,120.0
2026-06-30 21:03:23.664,4ea82a99-0edd-45ed-94a4-225157b84059,Warm,0,73.54,74,119.0
2026-06-30 21:03:23.670,ac1549c7-03d5-48d7-826a-21860e6f348e,Warm,0,78.93,79,119.0
2026-06-30 21:03:24.345,06a5aacf-05ac-45b8-bdea-75802c1e8af6,Warm,0,47.32,48,119.0
2026-06-30 21:03:25.235,b1ff4dd3-f56d-4e53-adf8-bac00cd70f9d,Warm,0,49.47,50,119.0
2026-06-30 21:03:25.247,dfdc69cd-cdce-42eb-b5b8-e5beb8274408,Warm,0,48.66,49,119.0
2026-06-30 21:03:25.248,2fed7952-d4f5-4b87-91b4-141900cd9e48,Warm,0,44.28,45,119.0
2026-06-30 21:03:25.253,c9ea1d96-9355-4380-9a7a-da38f44cebcf,Warm,0,54.16,55,120.0
2026-06-30 21:03:26.018,766072f3-d60c-48fb-aa81-cbf691e8ee43,Warm,0,46.5,47,119.0
2026-06-30 21:03:26.057,cd53649e-f560-42f9-99f8-ad577a7d0c4f,Warm,0,65.16,66,119.0
2026-06-30 21:03:26.062,bb9ad271-219d-47c5-8835-0a85e618e697,Warm,0,90.69,91,120.0
2026-06-30 21:03:27.594,e0b1f955-5ccb-4e84-9bce-b01998b96e20,Warm,0,13.45,14,120.0
2026-06-30 21:03:28.685,aa45703b-b60d-48dc-9d6c-789c138471a2,Warm,0,13.65,14,120.0
2026-06-30 21:03:28.703,a4e94251-384e-485f-a314-9c4139e29b1b,Warm,0,14.16,15,119.0
2026-06-30 21:03:28.707,12095973-6f9f-4e03-88c0-ba3a7b1ac118,Warm,0,16.37,17,119.0
2026-06-30 21:03:28.713,a6b7b37e-aa77-48a5-ae58-dd9a40890e44,Warm,0,13.16,14,119.0
2026-06-30 21:03:28.716,4a3fcc0a-0045-4185-81cf-db223ef5a8f0,Warm,0,13.21,14,119.0
2026-06-30 21:03:28.717,36e7336a-4e65-4e78-935a-8c7219406d6e,Warm,0,15.5,16,120.0
2026-06-30 21:03:28.718,1e31c82f-c14d-47b6-9ec3-505ea283e363,Warm,0,15.56,16,120.0
2026-06-30 21:03:29.228,407eacae-b9d8-4167-81cb-32f7937ddf04,Warm,0,13.88,14,119.0
2026-06-30 21:03:29.228,6176d63b-6cbf-4680-a0c2-769618eb912b,Warm,0,13.3,14,120.0
2026-06-30 21:03:29.229,1de08a4b-da5b-4e1b-9da2-04ef9a3d6fc7,Warm,0,12.65,13,119.0
2026-06-30 21:03:29.232,de81adc9-0550-41f1-986f-5e10b6d901fd,Warm,0,13.38,14,120.0
2026-06-30 21:03:29.249,005597b7-a9f5-4062-a5bd-5cd5c2be5349,Warm,0,13.58,14,119.0
2026-06-30 21:03:29.249,4e71a019-6ad8-46bf-b5d9-adad82e4fe93,Warm,0,13.47,14,119.0
2026-06-30 21:03:29.250,7c4bfdf9-a988-4127-a1cc-2ea79802f18b,Warm,0,13.11,14,120.0
2026-06-30 21:03:29.252,a4470941-eeab-459d-9e21-a021d0768d61,Warm,0,12.09,13,119.0
2026-06-30 21:03:29.253,3923afa7-6db1-4b5e-b0b5-38c6064e11f4,Warm,0,14.65,15,120.0
2026-06-30 21:03:29.253,967094a9-aa46-4497-b1fa-64962176663e,Warm,0,13.71,14,119.0
2026-06-30 21:03:29.281,5d09f575-4339-4d21-abc4-ecdeb4321df4,Warm,0,39.04,40,120.0
2026-06-30 21:03:29.284,57b06ae5-7720-4841-b34a-9937f78dd792,Warm,0,41.88,42,119.0
2026-06-30 21:03:29.285,2a53df7e-e5ca-4c82-ba55-a5846752a29c,Warm,0,13.06,14,119.0
2026-06-30 21:03:30.209,c99c03d7-7a10-498f-8c8d-e9642c059d79,Warm,0,12.55,13,119.0
2026-06-30 21:03:30.224,989bf858-b1c5-44ee-a46b-5fff08a0912f,Warm,0,13.01,14,119.0
2026-06-30 21:03:30.226,886ac0c7-743e-4b6d-a33b-2bba52f866a0,Warm,0,13.83,14,120.0
2026-06-30 21:03:30.227,a74508d9-f8e7-4be1-b723-fae68ea4fb82,Warm,0,14.61,15,120.0
2026-06-30 21:03:30.230,1bf67b79-a311-4294-9122-6c2ae6b09312,Warm,0,13.62,14,119.0
2026-06-30 21:03:30.231,0d9b56b2-d85a-489a-92ae-a946efb9a4bd,Warm,0,13.29,14,119.0
2026-06-30 21:03:30.283,157d7949-2ac6-424c-9f90-1b6ce1fee408,Warm,0,12.97,13,119.0
2026-06-30 21:03:30.286,3ace39ba-8b18-4c97-b868-0f978d89bf81,Warm,0,11.43,12,119.0
2026-06-30 21:03:30.297,edb1bdc2-0210-4aa9-9546-5d0c6d8928d3,Warm,0,14.31,15,120.0
2026-06-30 21:03:30.413,681df508-3643-4d6b-b67e-ebb10b5ba49c,Warm,0,15.19,16,120.0
2026-06-30 21:03:30.437,6fb7cba4-6ebc-441c-854b-7a12451a8901,Warm,0,12.62,13,119.0
2026-06-30 21:03:30.437,2bedd51a-4d1f-4016-8ae7-5637769dd503,Warm,0,12.49,13,119.0
2026-06-30 21:03:30.440,e2d6efb9-79d7-4527-9261-2819349be50d,Warm,0,15.77,16,120.0
2026-06-30 21:03:30.931,25e555e2-f5b8-404d-b653-0f319feceb41,Warm,0,12.96,13,120.0
2026-06-30 21:03:30.931,6df8eb53-a42c-459b-ba26-bcf85839fd2d,Warm,0,15.63,16,120.0
2026-06-30 21:03:30.932,789b39b7-fdc3-4e37-8b8f-46992442b34a,Warm,0,14.19,15,119.0
2026-06-30 21:03:30.933,6aa4817c-beae-4015-8848-c38925518425,Warm,0,13.75,14,119.0
2026-06-30 21:03:30.934,a5822cc3-5e06-4b12-b4c2-85e05f53a305,Warm,0,16.2,17,119.0
2026-06-30 21:03:30.938,62015417-048c-450f-93f2-d65c9dd09ac3,Warm,0,13.02,14,119.0
2026-06-30 21:03:30.944,459e0aab-abdd-4098-86f3-ac4cec71e502,Warm,0,15.3,16,120.0
2026-06-30 21:03:30.952,049e9ab7-fe24-48a0-a43f-1f55dae5e8bd,Warm,0,12.38,13,119.0
2026-06-30 21:03:30.953,fd2a0475-a05d-4475-a8a4-1415777665e5,Warm,0,12.19,13,119.0
2026-06-30 21:03:30.954,692a9552-ea82-46e7-bd23-304ed8b7ee39,Warm,0,13.19,14,119.0
2026-06-30 21:03:31.143,317bc4dc-211e-406d-8c86-2b88f8cdeca4,Warm,0,13.35,14,119.0
2026-06-30 21:03:31.145,6267199a-8ddb-4c4a-8bff-d29895f23763,Warm,0,13.51,14,119.0
2026-06-30 21:03:31.146,c138c70c-b916-437d-8595-14fc0f1edcdd,Warm,0,12.28,13,119.0
2026-06-30 21:03:31.153,99744b57-e190-4290-aad4-0e3eadd2e80d,Warm,0,13.03,14,120.0
2026-06-30 21:03:31.916,123202de-f19f-4ba9-9498-058b81fa98b5,Warm,0,13.3,14,120.0
2026-06-30 21:03:31.918,173235d5-0e43-4957-a479-780c7c51b0f8,Warm,0,14.18,15,119.0
2026-06-30 21:03:31.922,7b1287d3-1122-47d3-905e-273cb8cf8e20,Warm,0,12.66,13,119.0
2026-06-30 21:03:31.923,5bc659f6-8321-42ba-9348-45b6cea9dd5c,Warm,0,13.41,14,119.0
2026-06-30 21:03:31.923,b7ec9ff7-ff14-4038-be7d-a1a75634e547,Warm,0,14.12,15,119.0
2026-06-30 21:03:31.926,d9995208-6e65-4c42-9431-aa88f9d7c5de,Warm,0,13.71,14,120.0
2026-06-30 21:03:31.929,b7def5e6-c574-46b2-9411-912e015eee2d,Warm,0,14,15,120.0
2026-06-30 21:03:32.122,27089cea-21d7-49e5-8079-1cba2b45469d,Warm,0,10.97,11,120.0
2026-06-30 21:03:32.131,21af088b-4347-47b6-9d45-f1a7dcb90a61,Warm,0,12.71,13,120.0
2026-06-30 21:03:32.132,6210b157-b172-4b2e-b7bf-fb447b361897,Warm,0,12.16,13,119.0
2026-06-30 21:03:32.141,70f0a242-e938-40c5-b3cf-d6d15cc3925f,Warm,0,12.89,13,120.0
2026-06-30 21:03:32.146,e6c5f64c-2ccc-4a6b-8d1c-e96c353f9384,Warm,0,15.09,16,119.0
2026-06-30 21:03:32.926,8ce625c1-2973-49c6-9534-f3c1b91b951c,Warm,0,11.98,12,120.0
2026-06-30 21:03:32.928,b776e37c-87a9-46c6-a6b5-6a56674d3f4f,Warm,0,12.42,13,119.0
2026-06-30 21:03:32.931,ceccab20-5a24-4e34-bd43-663308e24eb3,Warm,0,13.77,14,120.0
2026-06-30 21:03:32.935,677d4c35-a47d-4a2f-b849-81af49f4bc20,Warm,0,30.49,31,119.0
2026-06-30 21:03:32.944,f101c1ab-9656-410c-806a-6620ea0a59d6,Warm,0,12.93,13,119.0
2026-06-30 21:03:32.944,07ade6f7-aa65-455c-b5fb-def5e4e73f99,Warm,0,14.39,15,119.0
2026-06-30 21:03:40.453,15ea7590-a722-4a29-9443-3ad7b2b437a7,Warm,0,40.54,41,119.0
2026-06-30 21:03:40.470,9b9065bf-685e-4ab9-84fe-7d7b42ecf0f2,Warm,0,38.73,39,119.0
2026-06-30 21:03:41.316,18813642-11f4-4dd4-8dee-1c4ec6d2da12,Warm,0,12.19,13,119.0
2026-06-30 21:03:41.329,a67d9027-d06e-409e-9ea2-ad0aa7720511,Warm,0,11.6,12,119.0
2026-06-30 21:03:41.342,7ee7ae65-5b16-4c9f-82df-81ad9408f851,Warm,0,13.91,14,119.0
2026-06-30 21:03:41.367,2646bfc5-4a5e-410e-84b0-5b59d2cac852,Warm,0,38.31,39,120.0
2026-06-30 21:03:41.370,84441800-bf4c-4b0a-984a-26bc04923a7a,Warm,0,41.97,42,119.0
2026-06-30 21:03:42.140,fdfe6630-0709-470f-9ff7-7084f7d5b041,Warm,0,13.63,14,119.0
2026-06-30 21:03:42.152,b7c11f56-f18a-4555-9f86-d3ae4b145b87,Warm,0,14.24,15,120.0
2026-06-30 21:03:42.152,209dbc78-4011-487e-8ce2-b5125bceb408,Warm,0,13.64,14,119.0
2026-06-30 21:03:42.155,9e9725a8-7bce-4a06-941d-451a21b83d35,Warm,0,14.94,15,119.0
2026-06-30 21:03:42.160,17c901aa-cbde-4024-b416-2ffb6a08c043,Warm,0,13.01,14,119.0
2026-06-30 21:03:42.188,8bceaec7-00ca-4a92-9a2a-d4d3f548befd,Warm,0,39.8,40,120.0
2026-06-30 21:03:42.189,76efc084-0df8-491d-bf73-29a78ab89d93,Warm,0,41.64,42,119.0
2026-06-30 21:03:42.196,ea561716-13c4-4ed5-9434-10bcb11069f1,Warm,0,46.48,47,120.0
2026-06-30 21:03:42.351,79a63bb0-87ff-4f30-8313-cba9932371e3,Warm,0,14.95,15,120.0
2026-06-30 21:03:42.354,b36cd488-8931-4d76-9e69-4bd2fd81686e,Warm,0,12.84,13,119.0
2026-06-30 21:03:42.356,e4666766-1c2b-4786-a94a-7d05a9c78924,Warm,0,11.73,12,120.0
2026-06-30 21:03:42.361,be709c7b-b595-4cec-8629-ea21278e7b6a,Warm,0,12.44,13,119.0
2026-06-30 21:03:42.840,643e1a1e-5889-4d8e-bcc2-98920601b7aa,Warm,0,11.92,12,119.0
2026-06-30 21:03:42.845,c41eb8b4-c9fd-4e70-a53f-60117dde480b,Warm,0,13.14,14,120.0
2026-06-30 21:03:42.854,58c4fb01-4b30-44d8-9eb7-c9aa350c00c3,Warm,0,13.41,14,119.0
2026-06-30 21:03:42.858,3ef2e678-81a0-4aaa-80a3-7dcec00d9b15,Warm,0,16.48,17,120.0
2026-06-30 21:03:42.861,88ec052e-ee35-46ad-a14b-de6470f21f1c,Warm,0,11.9,12,119.0
2026-06-30 21:03:42.864,14e604bd-6f25-4f2f-96c1-d562df8c5568,Warm,0,14.12,15,119.0
2026-06-30 21:03:42.865,28a2ca38-bc94-43a0-93f5-68bb693bc70e,Warm,0,11.92,12,120.0
2026-06-30 21:03:42.867,662c90b0-3a99-4b9f-a382-2c51adb5eb09,Warm,0,12.65,13,120.0
2026-06-30 21:03:42.868,08482887-4b98-433a-9156-af282e2f83a4,Warm,0,12.29,13,119.0
2026-06-30 21:03:43.057,1ac39adf-2021-416c-93a6-837b84e2552a,Warm,0,13.37,14,119.0
2026-06-30 21:03:43.061,5ca15455-4ffe-49c1-9793-5a5e46945779,Warm,0,14.87,15,119.0
2026-06-30 21:03:43.063,bfe9fdda-4633-40b6-9004-03dbc2635f56,Warm,0,16.35,17,120.0
2026-06-30 21:03:43.065,31c4b571-7f38-4009-a5a4-1b1a887d86e2,Warm,0,21.46,22,120.0
2026-06-30 21:03:43.832,9816f4ba-def0-43a2-b891-3d858a9cf86c,Warm,0,11.56,12,120.0
2026-06-30 21:03:43.835,b7f8e0ea-9717-40ae-a220-1990777641b3,Warm,0,13.75,14,120.0
2026-06-30 21:03:43.846,b72189ed-fba0-469c-afc1-1dc981bef43c,Warm,0,12.65,13,119.0
2026-06-30 21:03:43.878,ed8f5035-7631-493b-b070-cf73b12ccdd6,Warm,0,11.24,12,119.0
2026-06-30 21:03:43.879,ff307dd1-9c47-4233-a548-e5b40f0a2b65,Warm,0,11.78,12,119.0
2026-06-30 21:03:43.879,f4ce81d8-7ccd-4220-bfd4-0a1a6e13dc91,Warm,0,11.48,12,120.0
2026-06-30 21:03:43.881,7a6191c3-93e7-48a8-8eae-cf4d04ef18b4,Warm,0,13.46,14,120.0
2026-06-30 21:03:43.884,24dbef6c-0acc-4ad5-a28f-efe9b18292a7,Warm,0,11.16,12,120.0
2026-06-30 21:03:43.884,c9ca8049-a649-4388-9c42-8273270bc2e3,Warm,0,12.01,13,119.0
2026-06-30 21:03:43.885,59b22ed7-4f84-4924-8a5c-db2a6d0d0842,Warm,0,12.93,13,119.0
2026-06-30 21:03:43.912,7a285873-e686-4353-a038-beca145c586e,Warm,0,38.69,39,120.0
2026-06-30 21:03:43.913,43009a8a-4e7a-4de1-8220-4a146e4e6a95,Warm,0,39.61,40,119.0
2026-06-30 21:03:43.917,1e724e4f-711d-446b-9481-6bbc96e2df2d,Warm,0,41.91,42,119.0
2026-06-30 21:03:44.811,ee044adf-e828-4eb4-be83-1164785f0de7,Warm,0,12.18,13,120.0
2026-06-30 21:03:44.811,5b7b65b9-9a92-41cd-b472-783d39537f6b,Warm,0,14.02,15,119.0
2026-06-30 21:03:44.812,100443f3-5077-4c93-9513-588a5178de29,Warm,0,12.18,13,119.0
2026-06-30 21:03:44.814,ef264cef-5d35-4ad8-886e-0ca0c83557df,Warm,0,13.36,14,119.0
2026-06-30 21:03:44.816,cc618040-017f-427c-837d-1075ab890ecb,Warm,0,12.56,13,120.0
2026-06-30 21:03:44.817,b07779fa-b74d-49b3-b547-8520c57c3e6f,Warm,0,13.83,14,120.0
2026-06-30 21:03:44.831,242b064a-4433-43d2-b8b8-3cee6db64157,Warm,0,31.89,32,119.0
2026-06-30 21:03:44.866,551faa13-c73b-4d0a-ba27-33ba802a899b,Warm,0,13.04,14,119.0
2026-06-30 21:03:45.028,ff1e6b45-70b7-47d3-aed2-c8f910b5061f,Warm,0,14.69,15,119.0
2026-06-30 21:03:45.030,2c518fee-fd20-4b0d-a013-0583e82036c8,Warm,0,15.34,16,120.0
2026-06-30 21:03:45.420,353e53e9-1355-42cd-a47c-88a5e01fa8e9,Warm,0,15.64,16,120.0
2026-06-30 21:03:45.447,ab024a5e-8dfc-4fde-89b9-8f051bb39296,Warm,0,15.2,16,120.0
2026-06-30 21:03:45.634,da597b65-3ad5-4130-89e5-962dd4846c93,Warm,0,15.21,16,120.0
2026-06-30 21:03:45.640,4f514276-43b9-4c7a-b677-cf118e9d047c,Warm,0,11.66,12,119.0
2026-06-30 21:03:45.642,54712655-ff8a-491b-8f10-005f44328d30,Warm,0,14.18,15,120.0
2026-06-30 21:03:46.548,b16d4da8-1be5-441e-b4a9-df6e89e30c9b,Warm,0,13.85,14,120.0
2026-06-30 21:03:46.569,b2914a16-d65f-4179-b1a5-bcbdd495385d,Warm,0,12.48,13,120.0
2026-06-30 21:03:46.572,e5b51d9b-06bd-40db-8f15-c9d5f81a062f,Warm,0,13.81,14,119.0
2026-06-30 21:03:47.281,028a9729-8bb0-4b3f-860d-390a626737eb,Warm,0,13.64,14,119.0
2026-06-30 21:03:47.286,722ce84b-f3a9-4eb7-979c-1d6cb6a02282,Warm,0,12.73,13,120.0
2026-06-30 21:03:47.292,ea9394fe-b0b9-4bbc-87d4-ab5f993ad15f,Warm,0,16.68,17,120.0
2026-06-30 21:03:55.964,d72ce104-52d5-426d-8488-d3083fda8c98,Warm,0,48.13,49,120.0
2026-06-30 21:03:56.001,9aac9981-f8b2-4c9b-b8d1-ca1ab1782741,Warm,0,39.35,40,120.0
2026-06-30 21:03:56.759,c48a2cd9-a54e-4492-ba77-0f1e762d2fc0,Warm,0,11.99,12,120.0
2026-06-30 21:03:56.762,4ffb06c2-6e20-4d27-a05c-3a1790906ed6,Warm,0,12.7,13,120.0
2026-06-30 21:03:56.798,47884017-7aa3-487c-b6c7-f85688ee2175,Warm,0,12.56,13,120.0
2026-06-30 21:03:56.804,668d2730-b823-42ed-b520-3558ab491b7a,Warm,0,15.74,16,120.0
2026-06-30 21:03:56.825,a7ed2239-1ea0-449a-a58c-9d5077f9cb04,Warm,0,39.5,40,119.0
2026-06-30 21:03:56.843,1a64d256-c469-4057-aee1-5f51fb4230b0,Warm,0,13.1,14,120.0
2026-06-30 21:03:57.505,5f2738c1-d4af-4786-ba56-31a3aa9c1825,Warm,0,12.47,13,120.0
2026-06-30 21:03:57.511,b3bcf2a2-7898-41a3-815f-a1953acbc013,Warm,0,12.24,13,119.0
2026-06-30 21:03:57.511,ae599438-f3ed-403b-82ca-e0dc959e22b4,Warm,0,13.55,14,120.0
2026-06-30 21:03:57.542,2599959d-c7ba-4b69-9217-f6f3cbd49cc2,Warm,0,43.65,44,119.0
2026-06-30 21:03:57.543,2400375c-3e15-4372-9a00-bd9513f07aa8,Warm,0,39.08,40,120.0
2026-06-30 21:03:57.548,1a6b3821-9cf2-4709-b697-817e8b2b90a9,Warm,0,49.53,50,120.0
2026-06-30 21:03:57.554,d924feda-64f1-4556-8648-5d24e8020ea9,Warm,0,43.55,44,119.0
2026-06-30 21:03:57.712,60e151f2-ebfd-47a4-be35-2ebabaf670ae,Warm,0,12.67,13,119.0
2026-06-30 21:03:58.352,b9b00989-7885-4330-bf9b-448be3b3dc19,Warm,0,12.69,13,120.0
2026-06-30 21:03:58.352,58042927-85ae-4a5d-9347-59938c0cde58,Warm,0,12.59,13,120.0
2026-06-30 21:03:58.354,dc63e052-3767-40bb-8b62-b7ac3744c9ee,Warm,0,13.11,14,119.0
2026-06-30 21:03:58.354,157fd19e-264b-4eac-b9bc-31450ac5fda6,Warm,0,13.95,14,119.0
2026-06-30 21:03:58.354,06193aa5-3cf8-469b-a071-8b3762065932,Warm,0,14.27,15,120.0
2026-06-30 21:03:58.356,76222e14-0cd1-44a0-811e-7e03e117db5a,Warm,0,14.28,15,119.0
2026-06-30 21:03:58.358,c7338acb-353b-4080-93e4-87d1cca30584,Warm,0,12.49,13,120.0
2026-06-30 21:03:58.388,78605071-53e0-4ba0-985c-18dd2a5f8270,Warm,0,40.12,41,120.0
2026-06-30 21:03:58.390,d7451064-81eb-4662-bd2d-e7bc8593c095,Warm,0,42.05,43,119.0
2026-06-30 21:03:59.265,2f752f9d-ff67-461b-8407-85b6b9a9dee1,Warm,0,11.43,12,119.0
2026-06-30 21:03:59.268,3a228678-385e-4116-8691-a65952c21b66,Warm,0,12.68,13,120.0
2026-06-30 21:03:59.276,59a8b447-f0c4-4dfb-9369-ef15b6eaecd6,Warm,0,10.79,11,119.0
2026-06-30 21:03:59.279,f1a90e4b-490a-4931-8100-a1784d9d6780,Warm,0,16.06,17,120.0
2026-06-30 21:03:59.285,f68ff665-9cb3-4cd3-b460-6f903489ffb1,Warm,0,13.45,14,120.0
2026-06-30 21:03:59.285,7dda61a7-9a8c-4aaf-bdbc-cb879f9fb579,Warm,0,11.69,12,120.0
2026-06-30 21:03:59.286,02f64144-9fed-4ede-9c11-31dbfeba5068,Warm,0,12.15,13,119.0
2026-06-30 21:03:59.289,b7666686-190d-41ee-84b9-4244c2a97ced,Warm,0,13.23,14,119.0
2026-06-30 21:03:59.290,68239ead-c64c-428c-b769-a309391e7a95,Warm,0,12.88,13,119.0
2026-06-30 21:04:00.108,6cf02e9d-898b-4fce-88d5-a76992ccda3f,Warm,0,11.66,12,119.0
2026-06-30 21:04:00.111,233e15d6-90d2-4d6f-9f3e-4a034061b3ba,Warm,0,14.12,15,119.0
2026-06-30 21:04:00.117,7b7aa987-0ed4-4d51-865d-ac5f3b3d6ca8,Warm,0,12.97,13,119.0
2026-06-30 21:04:00.119,7c6e9e4d-2698-41d2-aeb9-4a6440c4168a,Warm,0,14.27,15,120.0
2026-06-30 21:04:00.119,583df917-c650-4cd4-9d6e-1a7965a184f9,Warm,0,12.81,13,120.0
2026-06-30 21:04:00.119,d000ccd5-df2c-4b8b-98a8-202b3ffe9bb9,Warm,0,12.51,13,120.0
2026-06-30 21:04:00.120,a2cca25e-9743-4140-9733-815e819cc51a,Warm,0,13.05,14,119.0
2026-06-30 21:04:00.123,b52e1b75-0339-4e69-ae33-17c42e8a3e9f,Warm,0,15.61,16,120.0
2026-06-30 21:04:00.913,6e1382c1-aae9-4e2f-b9b9-e8cf1b9f8076,Warm,0,12.11,13,120.0
2026-06-30 21:04:00.918,eb7dc43e-b9d4-4388-b60a-d03a4b4d0246,Warm,0,12.68,13,120.0
2026-06-30 21:04:00.919,d92c9dd9-ba72-4e79-b2a9-749f3d371899,Warm,0,13.83,14,120.0
2026-06-30 21:04:00.920,e327d2a6-60c0-4c88-8b77-8de8edfbcad6,Warm,0,14.66,15,119.0
2026-06-30 21:04:00.921,2360a1b9-7c20-4b61-9164-94adb60ea9e7,Warm,0,17.19,18,120.0
2026-06-30 21:04:00.924,023ee848-6980-48ce-b8a1-c0a7472f2e8d,Warm,0,21.95,22,119.0
2026-06-30 21:04:00.957,46cf2c25-a75f-451c-83b0-ad528ff61f36,Warm,0,13.59,14,119.0
2026-06-30 21:04:01.123,243073ee-7707-418c-a77c-b2260f379ba7,Warm,0,12.9,13,119.0
2026-06-30 21:04:01.124,e6d41ebc-b5ca-4e2d-bc66-9b332c6dd5d1,Warm,0,13.2,14,120.0
2026-06-30 21:04:01.775,b7409ed6-79f6-4b55-9434-1651fcb02dbe,Warm,0,13.1,14,120.0
2026-06-30 21:04:01.778,5693e1e3-f8fd-4529-9e5f-7592dec16009,Warm,0,12.7,13,119.0
2026-06-30 21:04:01.780,121a0108-e8be-4fb8-abf7-fa05d8777d89,Warm,0,14.01,15,119.0
2026-06-30 21:04:01.782,4e7a7b41-8dd3-4f0f-a8e7-3f8f8cc5c290,Warm,0,11.95,12,120.0
2026-06-30 21:04:01.783,8535b3ec-ee6e-47ce-88d5-39766928bad2,Warm,0,11.36,12,120.0
2026-06-30 21:04:01.784,bf021b08-16cb-4455-9c6c-d6252afb2bc6,Warm,0,12.7,13,120.0
2026-06-30 21:04:01.785,ce801f2f-fdf7-44e5-b22c-95facc6984ed,Warm,0,12.62,13,119.0
2026-06-30 21:04:01.839,41cfcb43-c6c7-4b00-bbd7-b521434f6213,Warm,0,13.18,14,120.0
2026-06-30 21:04:02.686,7e617e9c-abb4-4fb2-b2bf-8585f1db4a5b,Warm,0,12.94,13,120.0
2026-06-30 21:04:02.694,f7fb2b89-b8c6-48de-aa73-fc227637a832,Warm,0,13.14,14,119.0
2026-06-30 21:04:02.698,7e22aee0-bce1-4d2d-b1a6-0c31c9dcdee3,Warm,0,16.77,17,120.0
2026-06-30 21:04:02.733,1a701ce5-a2d8-408e-b786-c208c6d0b1a3,Warm,0,12.3,13,120.0
2026-06-30 21:04:03.501,683b9532-91f1-4c8c-82d4-fa035c76ca5d,Warm,0,12.49,13,120.0
2026-06-30 21:04:03.516,d0fbb434-6509-40d9-af7c-bda33cf215dd,Warm,0,13.95,14,119.0
2026-06-30 21:04:04.419,46e695d4-9eea-4699-9467-1c98cb5ad44f,Warm,0,12.79,13,119.0
2026-06-30 21:04:12.149,f8596a7b-3979-4bd4-89e7-ed13cbf3dbf4,Warm,0,40.27,41,119.0
2026-06-30 21:04:12.183,ae7e1a71-b9df-43be-b7e1-a7b4078c2beb,Warm,0,39.25,40,120.0
2026-06-30 21:04:12.914,648c0c0a-06c9-42fd-af71-26f2b22521ee,Warm,0,12.85,13,120.0
2026-06-30 21:04:12.921,50053ed0-6c33-49c3-a817-590f52b8f400,Warm,0,15.27,16,119.0
2026-06-30 21:04:13.704,d8599857-62d8-4273-b524-3e514fc2aa75,Warm,0,16.68,17,119.0
2026-06-30 21:04:13.705,bb5069d0-4d4a-48d6-a6b2-9965210fce2b,Warm,0,14.86,15,120.0
2026-06-30 21:04:13.730,841aa91a-4f4f-4604-b7be-d0a72b9e90f2,Warm,0,12.66,13,120.0
2026-06-30 21:04:13.735,5cfd315d-a612-4180-a27e-cd3e918c07a3,Warm,0,38.59,39,120.0
2026-06-30 21:04:13.736,81d2ec8d-6428-4493-a028-21aa09812e08,Warm,0,14.54,15,119.0
2026-06-30 21:04:13.740,0046d866-8456-4a10-b0d1-0d450d523e2f,Warm,0,39.97,40,119.0
2026-06-30 21:04:13.742,688b7632-9430-4072-900d-4e51c10c0162,Warm,0,42.9,43,120.0
2026-06-30 21:04:14.433,b39224e8-50b1-4bdb-93e3-afa5c01dfc00,Warm,0,12.66,13,120.0
2026-06-30 21:04:14.434,02d40522-e024-4caf-8b03-a8475199a72f,Warm,0,12.9,13,119.0
2026-06-30 21:04:14.448,fab75a14-d679-4735-8634-4ed20f71d99f,Warm,0,14.24,15,119.0
2026-06-30 21:04:14.470,917ae569-cfd5-431f-b1d0-df0b1513ac63,Warm,0,12.47,13,119.0
2026-06-30 21:04:14.473,9be3cde0-b2a6-4356-9ae1-31afa317a4e5,Warm,0,14.73,15,119.0
2026-06-30 21:04:14.476,e412b1b0-838e-4ab3-8d06-04c34633f751,Warm,0,13.55,14,120.0
2026-06-30 21:04:15.203,1a68c195-0bc1-4655-9df6-bb40a6c450de,Warm,0,13.13,14,120.0
2026-06-30 21:04:15.222,12ede272-d4c9-44ee-9f10-6001929426ed,Warm,0,13.61,14,119.0
2026-06-30 21:04:15.417,e4726954-6db8-45a4-8e11-f8ca177031fa,Warm,0,12.46,13,119.0
2026-06-30 21:04:15.419,64c0e4f3-a4bb-46a8-b648-2e56a0b5df7d,Warm,0,12.95,13,120.0
2026-06-30 21:04:16.147,4c4fd34f-e4f6-4a96-a85a-690f43303a6a,Warm,0,13.35,14,120.0
2026-06-30 21:04:16.164,04515a7f-6db2-4e85-b5db-e0aac2bb005f,Warm,0,16.87,17,119.0
2026-06-30 21:04:16.173,77875343-466a-43d8-9256-dddd55f7c32f,Warm,0,12.72,13,120.0
2026-06-30 21:04:16.198,799a60b0-84ab-44e8-9d56-aaea13d8dd4c,Warm,0,13.34,14,120.0
2026-06-30 21:04:16.198,72e517c5-e6f0-4a92-8d73-01443da2748e,Warm,0,11.7,12,119.0
2026-06-30 21:04:16.201,594e8f32-e47e-4ca8-98fc-5c3e1505f984,Warm,0,13.76,14,119.0
2026-06-30 21:04:16.996,ec9eaa56-ffaf-406a-ba78-18fa1261b1cc,Warm,0,13.76,14,119.0
2026-06-30 21:04:16.996,cbf9a7f7-b0de-4a1f-ab46-a806ab6ed611,Warm,0,13.17,14,120.0
2026-06-30 21:04:16.996,d6b5118a-1643-4f87-95b4-acbc6f9a9229,Warm,0,13.31,14,119.0
2026-06-30 21:04:17.003,c91f9403-1d9e-4496-9429-b0aff9e1f897,Warm,0,14.15,15,120.0
2026-06-30 21:04:17.005,cab397fc-3b62-4f95-9e14-1a725ec214e2,Warm,0,16.46,17,120.0
2026-06-30 21:04:17.937,f3c641c9-bda2-4469-9279-1dad9df74ae6,Warm,0,12.48,13,120.0
2026-06-30 21:04:17.946,a67a2274-6717-4d3d-b670-76cd48334860,Warm,0,10.83,11,120.0
2026-06-30 21:04:17.948,3c1e1845-497f-4fa2-9eb4-1aa02ecf4183,Warm,0,13.99,14,119.0
2026-06-30 21:04:17.952,5fad72f7-d8e4-4caa-844d-9ccb7ca6c32e,Warm,0,13.26,14,120.0
2026-06-30 21:04:17.956,2d26ab48-745c-4a2d-adfd-52c1d58237d4,Warm,0,15.05,16,119.0
2026-06-30 21:04:18.867,591d63bd-cfce-4162-a77a-46ca20a7b497,Warm,0,13.82,14,119.0
2026-06-30 21:04:18.872,97ca88dd-6a7c-4662-86bf-2e37e8e2b746,Warm,0,10.86,11,120.0
2026-06-30 21:04:18.873,8f9d682a-3410-4883-910d-304b390960f1,Warm,0,13.68,14,119.0
2026-06-30 21:04:18.875,f67fd2f0-5bce-4e39-a7d0-bbd3c28960d0,Warm,0,12.73,13,120.0
2026-06-30 21:04:18.876,20ea70bb-a3f9-4d35-876a-d9246597fc8a,Warm,0,14.16,15,120.0
2026-06-30 21:04:18.915,3c2870c8-0472-4502-b5c3-d595b3415cbb,Warm,0,39.99,40,119.0
2026-06-30 21:04:19.691,40ea9992-72a3-4c09-9203-cb214f3f500d,Warm,0,12.52,13,119.0
2026-06-30 21:04:19.692,5fd5860c-71fd-4f3d-b564-a30097e9c6ec,Warm,0,14.99,15,120.0
2026-06-30 21:04:19.696,30bd4302-459a-4416-9136-f9b64691e885,Warm,0,13.06,14,120.0
2026-06-30 21:04:19.701,3649a536-d40c-407b-b7bd-7f4555163847,Warm,0,11.88,12,119.0
2026-06-30 21:04:19.726,dd83051a-1426-4942-bec2-4a936461cf35,Warm,0,13.86,14,119.0
2026-06-30 21:04:19.781,fabba234-009d-4d0d-b945-0f0dbf767654,Warm,0,13.22,14,119.0
2026-06-30 21:04:20.439,a7a664b5-84e5-4d11-b023-abf5811a8c2c,Warm,0,12.05,13,120.0
2026-06-30 21:04:20.440,c04e47ae-8c2f-49a6-b8f3-53f6583876c9,Warm,0,14.16,15,119.0
2026-06-30 21:04:20.444,8eb2b15f-cf48-47a2-8c8f-33bb7b538719,Warm,0,12.47,13,119.0
2026-06-30 21:04:20.452,2154876c-55a3-4386-89e2-6d11f0b57cd8,Warm,0,13.77,14,120.0
2026-06-30 21:04:20.453,12a66e1e-2764-4ce0-bc64-e3440e23dc95,Warm,0,13.93,14,120.0
2026-06-30 21:04:21.421,3feff03d-fda8-4229-9923-7594bbf2698a,Warm,0,14.21,15,120.0
2026-06-30 21:04:21.425,e1d22b4b-4754-4195-a3d3-7d14618c5c95,Warm,0,12.15,13,119.0
2026-06-30 21:04:21.427,f9ca639a-23e7-45fa-9e58-9fa7d2d479ad,Warm,0,13.57,14,119.0
2026-06-30 21:04:21.452,d4c37c65-6300-4124-b0a8-737ab8e8d500,Warm,0,55.53,56,120.0
2026-06-30 21:04:22.316,03f418f1-bde0-4e24-90e2-9e84dbb69a17,Warm,0,15.37,16,120.0
2026-06-30 21:04:22.332,3f23b458-e765-472e-b97b-d0d7ab13bc62,Warm,0,11.58,12,119.0
2026-06-30 21:04:22.352,b04856db-60c7-4028-9bd8-84b5c67f7aca,Warm,0,11.92,12,119.0
2026-06-30 21:04:23.215,daf67ef9-eb25-41f1-baf7-e9e8c266467a,Warm,0,13.94,14,119.0
2026-06-30 21:04:23.220,493a302a-8b52-4b93-bad0-32113fe99813,Warm,0,12.51,13,119.0
2026-06-30 21:04:23.220,7c148a4c-4b68-482a-843a-7c7c92099469,Warm,0,12.71,13,120.0
2026-06-30 21:04:23.922,22c78942-fe1b-43cb-b3d4-1d1b7d39f90f,Warm,0,12.1,13,119.0
2026-06-30 21:04:23.944,5d35aba2-a4d3-4ed0-acf9-d4a6649188a5,Warm,0,15.91,16,119.0
2026-06-30 21:04:33.536,598c2e5d-d8a4-4ad8-9975-6c0dba9ca222,Warm,0,39.91,40,119.0
2026-06-30 21:04:34.075,a737199b-5668-49e6-9ded-4697e86a120a,Warm,0,12.38,13,119.0
2026-06-30 21:04:34.105,cdb0fa74-2fbe-4771-ab60-171b3f7b575a,Warm,0,40.77,41,120.0
2026-06-30 21:04:35.052,35143a1a-ac52-470f-92c4-f514bb300879,Warm,0,12.78,13,119.0
2026-06-30 21:04:35.054,81e5b314-0c22-4790-bc41-8ac71d8de780,Warm,0,12.49,13,120.0
2026-06-30 21:04:35.078,19143af3-f8f9-4850-9b62-3b7bcedbf678,Warm,0,38.75,39,119.0
2026-06-30 21:04:35.859,42ca1695-7967-4acf-b312-2f052c40f2de,Warm,0,14.15,15,119.0
2026-06-30 21:04:35.868,3bbc6749-3aa7-471a-a04b-36095d63c155,Warm,0,12.35,13,119.0
2026-06-30 21:04:35.868,9e635048-eb3d-4410-b9f9-384adee0b7a5,Warm,0,14.24,15,120.0
2026-06-30 21:04:35.904,cfbfa2d3-2632-4181-977c-637234fb5d1a,Warm,0,42.67,43,120.0
2026-06-30 21:04:36.657,5d4d0d31-a6c4-47d0-9f46-d4831f0aebd5,Warm,0,13.21,14,120.0
2026-06-30 21:04:36.669,94cec6ca-0444-4385-9511-7b3d2eb81b7b,Warm,0,12.08,13,119.0
2026-06-30 21:04:36.673,d17a173a-3f2e-4264-ad82-7b0bb8d12e4a,Warm,0,11.86,12,120.0
2026-06-30 21:04:36.678,57a3a9dd-b380-4f95-85a6-fced41c35414,Warm,0,14.08,15,120.0
2026-06-30 21:04:36.678,ccf028f3-dcc4-4129-879a-ccc6aae5ac8a,Warm,0,13.2,14,119.0
2026-06-30 21:04:36.703,a0ab3e7c-0f4a-4970-8c0a-47058a77ca99,Warm,0,37.52,38,120.0
2026-06-30 21:04:37.493,9116774b-4ea9-4091-93d9-8ac49d1eb5f5,Warm,0,11.77,12,120.0
2026-06-30 21:04:37.501,ca8dac1a-d080-4b5f-9d8e-dc74e75bc962,Warm,0,13.12,14,120.0
2026-06-30 21:04:37.501,357a0f0d-4331-4aa0-8e96-6596254fdda4,Warm,0,12.22,13,119.0
2026-06-30 21:04:37.502,43b44b65-7a04-4202-b653-0a97d17a778a,Warm,0,12.94,13,119.0
2026-06-30 21:04:37.503,acb0baba-5686-4747-bd78-50536380a8b8,Warm,0,14.31,15,120.0
2026-06-30 21:04:37.512,44365761-6afc-42ee-b82a-174ba5782cd8,Warm,0,12.86,13,120.0
2026-06-30 21:04:37.531,232ad512-f309-46a7-8484-d867aa3508a5,Warm,0,37.8,38,120.0
2026-06-30 21:04:37.534,683b6339-86b1-4518-ae25-34bb98e9846b,Warm,0,41.41,42,119.0
2026-06-30 21:04:37.536,77390636-7e56-4f10-970a-fb82afa7dafd,Warm,0,38.67,39,119.0
2026-06-30 21:04:37.540,38092b47-d754-466b-a488-a48cac2de62e,Warm,0,38.76,39,120.0
2026-06-30 21:04:38.393,b27a6ae0-8a5b-42d1-a66e-cc5ee97b8acc,Warm,0,11.71,12,120.0
2026-06-30 21:04:38.398,01da68a4-418a-4d1d-8573-1369f007ad3e,Warm,0,13.2,14,119.0
2026-06-30 21:04:38.409,1f18097f-e51e-4456-a436-67eef6d9fef3,Warm,0,13.32,14,120.0
2026-06-30 21:04:38.410,101a6e72-57ab-44eb-9d8d-304a2f180efa,Warm,0,13.72,14,120.0
2026-06-30 21:04:38.411,c9276a2e-aac6-46b7-8372-3f3c65d5321b,Warm,0,14.03,15,119.0
2026-06-30 21:04:38.416,0d86edf6-7b10-4ebb-a453-69457c32d9e7,Warm,0,13.88,14,120.0
2026-06-30 21:04:38.599,5df601fa-76f6-4fe6-8ab4-3417e56616eb,Warm,0,17.06,18,120.0
2026-06-30 21:04:38.599,ac480c1b-ff79-44d5-ba4c-9f96654cb4a3,Warm,0,12.84,13,119.0
2026-06-30 21:04:39.080,40acdec7-0e26-4ace-afe8-4e983105819b,Warm,0,13.06,14,119.0
2026-06-30 21:04:39.083,8cebe18b-2af4-4de7-84ab-fa04bc0c49eb,Warm,0,11.93,12,120.0
2026-06-30 21:04:39.096,01b1ddd1-57f9-48f3-9977-571f0e7f93a5,Warm,0,11.96,12,119.0
2026-06-30 21:04:39.096,6bc2b733-fc65-453d-973b-6bcd88ca3a94,Warm,0,14.2,15,120.0
2026-06-30 21:04:39.096,bdb3ff0f-91d5-4e50-80cc-01b0dacfa835,Warm,0,12.92,13,120.0
2026-06-30 21:04:39.102,db2c0ee3-9218-496c-9ef5-40060f276b9d,Warm,0,14.13,15,119.0
2026-06-30 21:04:39.107,5c0698c9-a4f8-4c42-8f6f-d4ea3d286226,Warm,0,11.29,12,120.0
2026-06-30 21:04:39.110,0e959696-da9c-4417-8930-f16e04bf870d,Warm,0,12.68,13,120.0
2026-06-30 21:04:39.110,4d48361a-24ad-44bd-af9b-427e51a7ddce,Warm,0,12.66,13,119.0
2026-06-30 21:04:39.111,529b0c92-1915-46ed-94c1-1e59679c407f,Warm,0,11.59,12,120.0
2026-06-30 21:04:40.098,c0081edf-4b51-4ca2-acdc-810ffd83d1ce,Warm,0,12.9,13,120.0
2026-06-30 21:04:40.128,600a214a-13bd-4579-8068-c9f49365de3a,Warm,0,12.13,13,120.0
2026-06-30 21:04:40.129,040e667c-bfa0-43c9-b3fb-4921ae8dc48f,Warm,0,14.11,15,120.0
2026-06-30 21:04:40.133,55c593f4-aeb6-4f33-a875-3b3ff0e8a81e,Warm,0,14.86,15,119.0
2026-06-30 21:04:40.226,61886a13-2467-429b-b168-ff32db55c635,Warm,0,24.08,25,119.0
2026-06-30 21:04:40.934,6e198ada-7445-4c82-b49a-78e369da80a2,Warm,0,12.43,13,119.0
2026-06-30 21:04:40.939,bac8dcb8-05bf-4801-8811-c60646d99918,Warm,0,11.79,12,120.0
2026-06-30 21:04:40.944,4718096a-17f2-43a4-af6b-24078716f3ec,Warm,0,13.4,14,120.0
2026-06-30 21:04:40.947,acd0ea9b-6717-43ec-9aa1-48d01df64c73,Warm,0,14.58,15,120.0
2026-06-30 21:04:40.947,db441f1d-643c-4fd6-9091-da6d7e31c419,Warm,0,13.51,14,120.0
2026-06-30 21:04:40.947,07388837-e849-404c-a293-e8f978c22fe0,Warm,0,12.71,13,120.0
2026-06-30 21:04:40.951,a17378ab-d2eb-4694-9f9e-0b4e59bf1172,Warm,0,16.61,17,119.0
2026-06-30 21:04:41.874,54d25660-17eb-45e7-825a-d3ef4b510776,Warm,0,11.8,12,119.0
2026-06-30 21:04:41.882,b5174a91-87dc-45af-abb3-9a61200f04f1,Warm,0,13.53,14,120.0
2026-06-30 21:04:41.894,3e66b3b9-a044-40a2-beca-5afb566ae6e8,Warm,0,13.9,14,119.0
2026-06-30 21:04:41.895,53cd3e3e-8445-4acf-b055-df2a52572b6d,Warm,0,14.63,15,120.0
2026-06-30 21:04:41.897,6e5051fd-41e4-41a0-9257-7d6f94442d7f,Warm,0,13.6,14,120.0
2026-06-30 21:04:42.673,d6cff7a5-1419-415e-ab05-6cd2b3d0c0ef,Warm,0,11.54,12,120.0
2026-06-30 21:04:42.673,2d28706e-bf9b-4ef4-bb9f-9db4dc22f5a4,Warm,0,13.96,14,120.0
2026-06-30 21:04:42.679,0adc2b24-b04e-48dc-b40d-e8923a9cb705,Warm,0,14.01,15,119.0
2026-06-30 21:04:42.697,04b4d4c6-8839-4ba3-86d7-509835a3651e,Warm,0,12.36,13,120.0
2026-06-30 21:04:43.585,2ce42487-522e-4965-bd53-e147749057b8,Warm,0,16.76,17,120.0
2026-06-30 21:06:08.078,f4e22b72-6f0b-45f5-aef5-7ffc4d024064,Warm,0,84.58,85,120.0
2026-06-30 21:06:08.125,a3f10484-f518-4ccd-b3fd-5bd70379ed50,Warm,0,76.2,77,119.0
2026-06-30 21:06:08.711,dd289e40-6a6b-42ad-b97a-ead1d98ff65a,Warm,0,44.05,45,119.0
2026-06-30 21:06:08.728,a618c856-173c-438d-9be9-ce8a6b01a1c6,Warm,0,58.57,59,120.0
2026-06-30 21:06:08.750,330cb41e-ce45-41a0-8ccc-4b0a4a2acdd4,Warm,0,75.08,76,120.0
2026-06-30 21:06:08.758,62acf27a-9596-4ee4-b2c2-088cc070a046,Warm,0,77.98,78,120.0
2026-06-30 21:06:08.775,ac5eb743-6ab0-41b2-99d0-ed13a5ddd28d,Warm,0,77.14,78,120.0
2026-06-30 21:06:09.540,e732db53-097c-4ac9-b280-9e972b75ed23,Warm,0,43.07,44,120.0
2026-06-30 21:06:09.541,c682bfe8-dc4f-4ee8-b051-7438674e63ba,Warm,0,43.15,44,120.0
2026-06-30 21:06:09.542,e209a612-c203-42e6-a4a1-7e4ab91e2858,Warm,0,44.47,45,120.0
2026-06-30 21:06:10.521,7f9e2018-44d9-48ef-8c97-3c99cae799ab,Warm,0,49.34,50,120.0
2026-06-30 21:06:10.536,39886a28-5352-4d18-8834-a60aec785b70,Warm,0,43.88,44,120.0
2026-06-30 21:06:10.543,822fbdb5-6afc-447b-95c7-50a6b0d1b26e,Warm,0,61.42,62,120.0
2026-06-30 21:06:11.405,7b4c5e5d-d915-4af8-a180-6679c562e095,Warm,0,45.08,46,120.0
2026-06-30 21:06:11.411,03abdf1c-f624-457e-94d3-ff8fe573fbbd,Warm,0,42.73,43,120.0
2026-06-30 21:06:11.435,7510e51f-abb7-4ef7-bc78-f410470f78ac,Warm,0,43.53,44,120.0
2026-06-30 21:06:12.139,65815c98-067f-4ac2-a886-17e9e3a942bc,Warm,0,43.92,44,120.0
2026-06-30 21:06:12.140,ecd437a6-809a-45d0-85bc-4f43c843c534,Warm,0,45.72,46,120.0
2026-06-30 21:06:13.050,7dbd01d1-50b6-475b-a621-2e26e3aa066d,Warm,0,45.22,46,120.0
2026-06-30 21:06:13.057,d0d64d8b-a764-4863-83fd-1c1267e361b9,Warm,0,46.96,47,120.0
2026-06-30 21:06:13.057,aa9d9cd7-6817-4494-8942-8ac59591b798,Warm,0,45.24,46,120.0
2026-06-30 21:06:13.840,f15983e4-8f01-4148-9b7f-4a25e05a30ab,Warm,0,42.02,43,120.0
2026-06-30 21:06:17.152,f1ce2b42-431d-4aa8-bf8c-f127aa6afae1,Warm,0,12.53,13,120.0
2026-06-30 21:06:17.156,f91fe1a4-7ec1-4d3e-ad09-89cf3b604c0d,Warm,0,13.32,14,120.0
2026-06-30 21:06:17.156,842a378a-9e33-4da8-913c-f6df9ffc8423,Warm,0,12.32,13,120.0
2026-06-30 21:06:17.186,bb12f37a-8860-40ec-b1d0-84fc3869f934,Warm,0,40.64,41,120.0
2026-06-30 21:06:17.193,9816326b-c3b3-4362-9cc1-4e26f8524f62,Warm,0,40.27,41,119.0
2026-06-30 21:06:17.193,7b93b9d9-bcc0-4c19-a4b3-348d41eb9264,Warm,0,39.18,40,119.0
2026-06-30 21:06:17.195,5bfdcf98-b8fe-48ae-982c-9bd92758e02e,Warm,0,45.86,46,119.0
2026-06-30 21:06:17.197,cd3c191f-7124-4122-8cc1-5285032a1331,Warm,0,39.54,40,120.0
2026-06-30 21:06:17.199,7bdc879b-07f3-4f92-ad0b-82d14f6feced,Warm,0,50.42,51,120.0
2026-06-30 21:06:17.206,cc92ad49-af1a-498b-862a-8c952c2a2f58,Warm,0,49.39,50,119.0
2026-06-30 21:06:18.036,09ee8460-7976-440a-a3d5-df68b3d70dd4,Warm,0,12.1,13,119.0
2026-06-30 21:06:18.038,2a736ebb-07c0-4602-aeff-9fc6a87f59a4,Warm,0,12.07,13,120.0
2026-06-30 21:06:18.038,b1c7839b-705c-4c5c-807d-921d436db66c,Warm,0,12.29,13,120.0
2026-06-30 21:06:18.042,fd08a1bf-9261-4f12-a22d-3f240bdd148c,Warm,0,12.42,13,119.0
2026-06-30 21:06:18.042,e8e783b6-a609-47bc-9dd2-e5beb15585b0,Warm,0,13.3,14,119.0
2026-06-30 21:06:18.060,99d17944-1291-4010-babc-cb57c3d09a4f,Warm,0,13,13,120.0
2026-06-30 21:06:18.074,53fdaf76-cf4b-44d2-8e0f-b6f345037d82,Warm,0,24.5,25,120.0
2026-06-30 21:06:18.231,f3f03af8-2e3a-4717-8691-22e5e697a7d1,Warm,0,13.31,14,120.0
2026-06-30 21:06:18.236,d8abf48c-20c4-41ad-b0f2-9540a2b3df4f,Warm,0,12.26,13,120.0
2026-06-30 21:06:18.253,6ea3f045-af4b-4243-84a8-37f07ae480e5,Warm,0,16.77,17,120.0
2026-06-30 21:06:18.254,f244234b-5520-4293-88f1-c24354c30609,Warm,0,15.1,16,119.0
2026-06-30 21:06:18.823,18b72ae8-10b7-492d-9569-4871d6a46e24,Warm,0,11.41,12,120.0
2026-06-30 21:06:18.827,4fb7c7ae-1967-47a7-a058-7e79b8914d6a,Warm,0,14.56,15,119.0
2026-06-30 21:06:18.845,7c480573-6e0d-4d7b-a588-f1b9b7c80ef7,Warm,0,11.62,12,120.0
2026-06-30 21:06:18.846,e9fdce58-2ccb-4f6f-af4f-3b8b7c8ef676,Warm,0,13.73,14,120.0
2026-06-30 21:06:18.846,7fb535c6-c6f9-41f4-b5f7-d7f16ed34947,Warm,0,12.16,13,119.0
2026-06-30 21:06:18.850,bafc5b5d-e9d9-47cf-91d8-152aab4f9faf,Warm,0,12.15,13,120.0
2026-06-30 21:06:18.850,42faf950-0e5a-467e-bcf9-7acb9777deca,Warm,0,12.8,13,119.0
2026-06-30 21:06:18.852,9f9fc44e-576d-437e-8f46-240aac10adb7,Warm,0,13.78,14,120.0
2026-06-30 21:06:18.852,d6b11de4-62af-4119-a699-6a67b3f4f688,Warm,0,14.71,15,119.0
2026-06-30 21:06:18.864,953ca938-a0fe-47f4-801a-56a7bd307536,Warm,0,14.33,15,119.0
2026-06-30 21:06:19.044,bf54d80f-8401-4496-b57c-d11e2895466b,Warm,0,12.86,13,119.0
2026-06-30 21:06:19.046,64125b90-49f3-43ae-b63a-3ed28641cae6,Warm,0,16.54,17,119.0
2026-06-30 21:06:19.097,372cc841-bd17-4270-92fc-1de5b68484a1,Warm,0,13.79,14,119.0
2026-06-30 21:06:19.630,4eb9c4db-b3f9-46d9-ace5-9fd224605fae,Warm,0,13.23,14,119.0
2026-06-30 21:06:19.630,94fdb156-50f5-47c5-8d12-f26bd3e01276,Warm,0,12.32,13,120.0
2026-06-30 21:06:19.634,f5045b23-7136-474c-bb62-395ff1f4bb2f,Warm,0,15.6,16,119.0
2026-06-30 21:06:19.634,0c07824e-fca9-44ff-9bc8-e979984e6b41,Warm,0,14.71,15,120.0
2026-06-30 21:06:19.636,27efea2c-144e-46d7-8854-d04ef87d96df,Warm,0,12.52,13,120.0
2026-06-30 21:06:19.637,035a4433-8ee9-4fab-ae32-0898233cfcf1,Warm,0,13.36,14,119.0
2026-06-30 21:06:19.638,4a8cdd75-02a8-4f83-8f17-1fa2af1b498c,Warm,0,12.04,13,119.0
2026-06-30 21:06:19.639,ea119895-1054-4f1c-917f-73d8378758f6,Warm,0,11.88,12,120.0
2026-06-30 21:06:19.862,4e49b0bc-b64c-4030-bf73-1b9ad1576d34,Warm,0,13.99,14,119.0
2026-06-30 21:06:19.880,34d380e3-7db5-4ad5-913b-2f2487d3660b,Warm,0,13.43,14,119.0
2026-06-30 21:06:20.557,872954f1-0c72-4edf-906c-ab881c4eb1ec,Warm,0,12.54,13,119.0
2026-06-30 21:06:20.559,ad452b04-4315-4377-aa6b-ada4937cec38,Warm,0,12.9,13,120.0
2026-06-30 21:06:20.560,b95c4a1e-73e8-423b-91ff-d5d43d7aec95,Warm,0,12.66,13,119.0
2026-06-30 21:06:20.560,369b8f6f-2984-489b-9e4c-ab4eb96d5b9c,Warm,0,12.01,13,120.0
2026-06-30 21:06:20.561,91ba4e71-7cd9-401b-8b8a-5bfb4f359337,Warm,0,12,12,119.0
2026-06-30 21:06:20.563,10263357-d782-4116-a26e-aebe9e347b54,Warm,0,13.77,14,120.0
2026-06-30 21:06:20.564,69bd4463-8f2f-4347-b439-5548978eb4e5,Warm,0,12.83,13,119.0
2026-06-30 21:06:20.567,1e2cbe7b-3ddc-4e63-af90-645f3c206b25,Warm,0,13.67,14,120.0
2026-06-30 21:06:20.568,69ded953-cf3b-45a9-834a-b3e9a242facc,Warm,0,12.25,13,120.0
2026-06-30 21:06:21.603,f54bd44b-c28f-4475-ad1b-bae01411006b,Warm,0,10.94,11,120.0
2026-06-30 21:06:21.604,6cf02576-0404-49a7-b44c-26e5416cd0cb,Warm,0,11.88,12,120.0
2026-06-30 21:06:21.612,b4e8bd44-f12a-4c7d-bfd1-353316894ce1,Warm,0,12.52,13,119.0
2026-06-30 21:06:21.613,8b183dde-63d4-4901-9176-5cfd77382170,Warm,0,12.82,13,120.0
2026-06-30 21:06:22.411,bec66920-05b5-4d94-ae40-22f5ce2dc78f,Warm,0,11.27,12,120.0
2026-06-30 21:06:22.428,e7526b1c-2906-4945-9c1e-fec230db77fb,Warm,0,12.95,13,119.0
2026-06-30 21:06:23.304,c6238d2d-8ee2-428b-a4b9-41d5d192a3fe,Warm,0,12.45,13,119.0
2026-06-30 21:06:23.307,420409cd-c6dd-409d-8849-a515a3933827,Warm,0,12.06,13,120.0
2026-06-30 21:06:24.210,bced8d83-547a-4c82-ae6f-404986ee937a,Warm,0,13.96,14,120.0
2026-06-30 21:06:24.212,133fde60-b10d-40bc-bc31-f0358eab08ee,Warm,0,12.19,13,119.0
2026-06-30 21:06:24.218,ff4d5b0f-c09c-414b-859d-b35b8cc277ed,Warm,0,13.91,14,120.0
2026-06-30 21:06:25.019,6d507cfd-c760-4f11-9988-0572d084bea2,Warm,0,12.91,13,120.0
2026-06-30 21:06:25.022,1a178ba3-8812-4963-9ef3-8d598f424615,Warm,0,13.23,14,119.0
2026-06-30 21:06:33.411,1a4e0177-4052-442c-9d37-7a1baedda34d,Warm,0,38.9,39,119.0
2026-06-30 21:06:34.261,0159f6f9-2617-4615-8dcc-c0d06eb94c37,Warm,0,12.17,13,119.0
2026-06-30 21:06:34.292,e5602687-41cf-4d3e-b05c-c4769a5582fb,Warm,0,39.12,40,120.0
2026-06-30 21:06:34.292,5d56cee6-9e1b-4dd8-a490-56866585cfea,Warm,0,39.95,40,120.0
2026-06-30 21:06:34.319,cdbf72ff-f119-472e-ba26-5b887e6950b2,Warm,0,65.38,66,120.0
2026-06-30 21:06:34.340,0f224d88-47d1-4b87-9a64-657f5e79da14,Warm,0,13.38,14,120.0
2026-06-30 21:06:35.049,e8ccfa82-8d15-4ede-ba1e-9e73d9a50b2f,Warm,0,13.61,14,120.0
2026-06-30 21:06:35.055,14c3a5a1-0d56-4f19-8b6e-4afc8e7bde04,Warm,0,12.03,13,120.0
2026-06-30 21:06:35.058,408cdb2f-b384-4e07-9fc0-0429a153f725,Warm,0,14.25,15,120.0
2026-06-30 21:06:35.062,9d450ad6-aac6-4843-b13e-8581b4239f6f,Warm,0,12,12,119.0
2026-06-30 21:06:35.094,718b76e0-743c-465a-ae28-18059ee70257,Warm,0,40.77,41,119.0
2026-06-30 21:06:35.270,c3ae3ce5-2114-419b-9a43-00c0919356b2,Warm,0,13.83,14,119.0
2026-06-30 21:06:35.271,a67bf429-7c72-4d87-a995-7b0acbc8b09f,Warm,0,12.13,13,119.0
2026-06-30 21:06:35.774,3c9e24ce-2fe6-4f29-89ac-9d5aa34812f5,Warm,0,12,12,119.0
2026-06-30 21:06:35.775,2c14c8be-0dfa-4cd3-86b6-42a562928654,Warm,0,11.74,12,120.0
2026-06-30 21:06:35.775,b8be7e07-f312-4123-8d03-fb03ab3b2db7,Warm,0,13.21,14,119.0
2026-06-30 21:06:35.784,478bb3b5-251c-4fc3-92e8-f18feff9d283,Warm,0,11.33,12,120.0
2026-06-30 21:06:35.788,8e00479d-e1d7-4b59-a928-5e98c64ea61b,Warm,0,13.61,14,120.0
2026-06-30 21:06:35.812,4d8ba143-2163-470c-bcad-9832fd54d91b,Warm,0,38.44,39,119.0
2026-06-30 21:06:35.812,d8ced50d-f0d5-4fad-844c-664441196bea,Warm,0,37.33,38,120.0
2026-06-30 21:06:35.973,acc14f29-25ad-4ad9-a81b-c88d1f0a8c15,Warm,0,12.21,13,120.0
2026-06-30 21:06:35.973,cba66bb4-26fe-4b3f-8745-1e53904cca21,Warm,0,14.92,15,119.0
2026-06-30 21:06:35.978,26f75543-d73e-4172-82df-b4a32938311a,Warm,0,14.42,15,120.0
2026-06-30 21:06:36.646,e5684028-99a2-4c50-a8c4-a4a7ea8c4db3,Warm,0,14.23,15,120.0
2026-06-30 21:06:36.657,091fd89e-8db8-4640-b6f9-ad1ec32bd52f,Warm,0,13.21,14,120.0
2026-06-30 21:06:36.659,31c5e91e-d251-4be3-a99b-c0ab347818ad,Warm,0,15.19,16,119.0
2026-06-30 21:06:36.665,f80f1e3f-a5d2-49ee-9127-372b1977b4e3,Warm,0,13.55,14,120.0
2026-06-30 21:06:36.666,c0530621-4760-49e7-b4b0-50a3492d379d,Warm,0,13.21,14,120.0
2026-06-30 21:06:36.774,14a923d4-08f8-47fd-8dfc-16de7ffd6fd5,Warm,0,13.27,14,120.0
2026-06-30 21:06:36.842,f367996b-a0cf-4f17-8bba-a2ded873586c,Warm,0,14.76,15,120.0
2026-06-30 21:06:36.847,0979cebc-f4ca-4930-9812-969375df354d,Warm,0,13.73,14,120.0
2026-06-30 21:06:36.858,7f6d75ae-f88d-4139-87a2-27e4cd69a194,Warm,0,13.72,14,119.0
2026-06-30 21:06:37.550,9b0c1e9c-7e38-49a3-8bca-52c21240566f,Warm,0,10.94,11,119.0
2026-06-30 21:06:37.558,98796772-3a1f-45a2-8abc-81ed8d0ded53,Warm,0,11.39,12,120.0
2026-06-30 21:06:37.560,6e7840bc-02cf-48ff-9940-d3f696bc3f2c,Warm,0,14.38,15,120.0
2026-06-30 21:06:37.561,b66c2542-1628-4416-b63b-abd2b0a16b10,Warm,0,15.56,16,120.0
2026-06-30 21:06:37.562,17dcaabc-8084-483f-873f-87e33a9e787f,Warm,0,13.76,14,119.0
2026-06-30 21:06:37.565,b3e475e5-32d7-468a-b90b-3f91fec68eb4,Warm,0,13.37,14,120.0
2026-06-30 21:06:37.776,acfbcef9-a648-43cd-b29b-5704e36f1879,Warm,0,12.75,13,120.0
2026-06-30 21:06:37.784,fee62d86-f1b8-4d5b-8155-95ec215886f6,Warm,0,13.8,14,119.0
2026-06-30 21:06:37.786,d973fa3e-e02d-4473-b8e4-b59de4b05677,Warm,0,13.68,14,120.0
2026-06-30 21:06:38.491,23f885c0-0f22-40c6-aa24-37401acb4c3c,Warm,0,15.26,16,120.0
2026-06-30 21:06:38.492,b892fc3b-13f8-46b1-a373-c9feeccbe04c,Warm,0,12.78,13,119.0
2026-06-30 21:06:38.514,2baac4f8-7b85-4f84-81a0-34a881c2f0c0,Warm,0,13.06,14,119.0
2026-06-30 21:06:38.516,a118a873-01ce-441d-96d2-12a2a810fa8c,Warm,0,14.2,15,120.0
2026-06-30 21:06:38.517,870c4240-911b-47d2-9927-d859837b3a56,Warm,0,13.94,14,120.0
2026-06-30 21:06:38.692,2cf56017-11f0-41ef-a9d7-26687db2b28f,Warm,0,12.42,13,120.0
2026-06-30 21:06:39.286,02841c0b-12ca-4c2f-8f6e-da3ff46256ea,Warm,0,11.99,12,120.0
2026-06-30 21:06:39.290,8068653d-5a95-4d98-9b79-6d08ec793d57,Warm,0,14.7,15,119.0
2026-06-30 21:06:39.291,a5f18df4-2329-4900-855d-66cb8b2a52bc,Warm,0,14.37,15,120.0
2026-06-30 21:06:39.291,a0e92bde-c816-4f0c-83f5-dbdb4abe9a06,Warm,0,14.5,15,120.0
2026-06-30 21:06:39.293,6116c4b8-1450-4f70-8c11-2e21bc2fdfcf,Warm,0,15.54,16,120.0
2026-06-30 21:06:39.490,53de775d-9718-421b-85e1-25b91796e9ba,Warm,0,14.56,15,120.0
2026-06-30 21:06:39.505,a387d002-8a43-4b22-9220-34e218602dd6,Warm,0,13.21,14,120.0
2026-06-30 21:06:39.511,93a359a8-1d11-4d0e-9785-4948b6e1e071,Warm,0,18.62,19,120.0
2026-06-30 21:06:40.073,b595a7f5-15f8-4cc9-bc0d-2b2e37125ad6,Warm,0,15.04,16,120.0
2026-06-30 21:06:40.090,4db03b86-d3fb-4f23-ad68-a0767d748055,Warm,0,13.52,14,120.0
2026-06-30 21:06:40.091,3e6ce3f8-bb01-4770-a474-353bc3ad2a48,Warm,0,13.51,14,119.0
2026-06-30 21:06:40.092,9c53da10-e81f-4040-a1f4-ca912875373f,Warm,0,15.46,16,120.0
2026-06-30 21:06:40.095,2c30de7b-57cb-4dd4-9d7a-255fa01c6f04,Warm,0,12.9,13,120.0
2026-06-30 21:06:40.097,d3676879-383d-49d4-b83a-df087d6b4d6d,Warm,0,13.14,14,120.0
2026-06-30 21:06:40.980,303ea063-443d-4832-8519-cafca7ef916a,Warm,0,14.82,15,120.0
2026-06-30 21:06:40.983,a738bfeb-8f99-4b21-adc1-4f595f2f84a6,Warm,0,15.32,16,120.0
2026-06-30 21:06:41.005,947cf49a-b214-43bf-b9b7-d7e44d06138b,Warm,0,13.33,14,120.0
2026-06-30 21:06:41.007,8bf4c82d-ed50-488b-a903-860b22f1ae86,Warm,0,14.04,15,120.0
2026-06-30 21:06:42.010,da6e9f1e-f9db-455a-8eaf-8b8def5728dd,Warm,0,13.28,14,120.0
2026-06-30 21:06:51.442,619afc98-8f62-453c-968c-7ae26ca2db28,Warm,0,49.64,50,120.0
2026-06-30 21:06:51.457,5698080f-0840-478a-a44d-46bb0848e2f4,Warm,0,40.62,41,120.0
2026-06-30 21:06:51.459,7a9eb506-62df-4205-bf79-d232e8dbc4a5,Warm,0,41.59,42,120.0
2026-06-30 21:06:51.472,6d25a05f-9215-468f-9590-5c90fd588776,Warm,0,40.54,41,119.0
2026-06-30 21:06:52.117,79f3d86a-6ecc-4dc4-b0a4-a196f961c086,Warm,0,12.16,13,119.0
2026-06-30 21:06:52.122,04778212-20b4-42ec-a6ac-96214f05a710,Warm,0,10.53,11,120.0
2026-06-30 21:06:52.132,74f1705c-94ca-4d35-a5bc-bbc792967854,Warm,0,13.62,14,120.0
2026-06-30 21:06:52.134,a153142b-a7d1-4d3d-94be-2e9bed16f306,Warm,0,14.24,15,120.0
2026-06-30 21:06:52.159,63c8836e-3ad3-4f18-91b9-9f66d122e3ad,Warm,0,11.46,12,120.0
2026-06-30 21:06:52.162,51d00a10-9b36-4397-9948-10d57fc4da88,Warm,0,40.99,41,120.0
2026-06-30 21:06:52.324,887e324b-b057-41f9-969b-bcd885ed3bc4,Warm,0,15.94,16,120.0
2026-06-30 21:06:52.334,ac7e8440-91d9-42cf-8ae0-0252ccfb3f00,Warm,0,11.27,12,120.0
2026-06-30 21:06:52.336,4c6b7f84-6fab-420c-8f10-fd0503e08c81,Warm,0,12.25,13,120.0
2026-06-30 21:06:52.908,f921497f-2e0b-46f1-8deb-f12b0ff66ff5,Warm,0,13.98,14,120.0
2026-06-30 21:06:52.923,d8912a2b-9fd6-496e-9c5e-24fd24925720,Warm,0,12.34,13,120.0
2026-06-30 21:06:52.925,7faedcda-e500-4e39-bac2-43113f7058d1,Warm,0,13.51,14,120.0
2026-06-30 21:06:52.925,8b40513f-bc2b-437b-a78e-3c1c3dd00700,Warm,0,12.71,13,120.0
2026-06-30 21:06:52.926,74a57af2-2d9c-4664-b45e-ed254ae5a560,Warm,0,13.69,14,119.0
2026-06-30 21:06:53.106,00a8da31-e6e3-47f0-ac8b-71fc3b9b868e,Warm,0,15.85,16,119.0
2026-06-30 21:06:53.115,44a85770-3101-431e-b058-a5e40ffd2757,Warm,0,12.66,13,120.0
2026-06-30 21:06:53.125,a5551726-ee5f-4d80-922d-9a52d7f452b5,Warm,0,15.87,16,120.0
2026-06-30 21:06:53.131,c857981a-298c-4dd0-a04f-562873b6ef35,Warm,0,13.52,14,119.0
2026-06-30 21:06:53.133,95559f49-5256-4b01-9b4b-57917a4c862d,Warm,0,42.39,43,120.0
2026-06-30 21:06:53.715,277dcf22-6a0a-445d-a21b-00ddec169a22,Warm,0,12.94,13,120.0
2026-06-30 21:06:53.717,b83b08ab-2c7d-4a4b-8b0b-b3a6340a74ef,Warm,0,13.91,14,119.0
2026-06-30 21:06:53.717,a2ce9e14-9aaf-4648-b187-f5a8abbf686b,Warm,0,14.07,15,120.0
2026-06-30 21:06:53.733,0bdde3ed-06ad-4c81-9667-97baab22a909,Warm,0,14.92,15,120.0
2026-06-30 21:06:53.738,bbd632b0-3710-40a9-964f-d4ae20770a08,Warm,0,13.38,14,120.0
2026-06-30 21:06:53.759,f6882399-115b-4659-b575-dc7405b16d38,Warm,0,39.37,40,119.0
2026-06-30 21:06:53.959,e3a74f06-3cf9-4c02-8566-0a45466e1e11,Warm,0,14.58,15,119.0
2026-06-30 21:06:53.960,b0ed3ead-4915-408c-8c0c-6bb2eb4e1150,Warm,0,13.58,14,120.0
2026-06-30 21:06:53.962,29985985-9a86-495c-824e-c89ed04b3b75,Warm,0,13.93,14,120.0
2026-06-30 21:06:54.525,a1f271e1-f4af-42f9-a22b-e386a6adeaa1,Warm,0,13.01,14,120.0
2026-06-30 21:06:54.529,83380218-9da7-488c-a230-68ffd6664ddb,Warm,0,15.62,16,120.0
2026-06-30 21:06:54.541,3d7e713b-129e-4d4c-88aa-d46342fd6535,Warm,0,12.96,13,120.0
2026-06-30 21:06:54.543,82d7d69e-d267-4615-a30c-d4bc4b375c57,Warm,0,14.45,15,119.0
2026-06-30 21:06:54.543,f5cadad8-af99-4c85-a4a7-e87df9a7df3f,Warm,0,13.34,14,120.0
2026-06-30 21:06:54.544,840bf05a-48f7-4d52-8aaa-46416601fb38,Warm,0,13.74,14,119.0
2026-06-30 21:06:54.729,47baef9b-e973-468e-8b37-82df2a3b01e1,Warm,0,14.54,15,119.0
2026-06-30 21:06:55.436,a3471b2b-cad9-4b39-b0cd-ab0c3804b98d,Warm,0,13.73,14,119.0
2026-06-30 21:06:55.443,5d480666-7571-42a9-8af2-3f5f3545b65b,Warm,0,12.85,13,120.0
2026-06-30 21:06:55.446,c71d95fb-6db2-48b2-a15e-0aca1468b7d2,Warm,0,11.65,12,120.0
2026-06-30 21:06:55.447,26ebbe57-f564-4695-bb03-2497f13b20fb,Warm,0,14.04,15,119.0
2026-06-30 21:06:55.449,045f57d7-7b76-4a3f-9dcb-0f5719ba07fc,Warm,0,14.26,15,120.0
2026-06-30 21:06:55.449,95631aee-5346-4ed5-9377-109c9c84fe38,Warm,0,13.39,14,120.0
2026-06-30 21:06:55.473,2e0369d0-f75b-4070-9ff1-6d3a8c794772,Warm,0,37.16,38,119.0
2026-06-30 21:06:55.651,840e9065-7468-4369-adcd-0a6da5913be9,Warm,0,10.79,11,119.0
2026-06-30 21:06:56.211,fe4cbbe8-84c8-4ac1-8292-63de7e98619d,Warm,0,11.17,12,119.0
2026-06-30 21:06:56.228,b00864e7-399b-49b8-8896-2ef789239879,Warm,0,10.47,11,119.0
2026-06-30 21:06:56.240,bb5db03f-dd2c-406a-ad4b-28f8e84de575,Warm,0,13.66,14,120.0
2026-06-30 21:06:56.241,1d578333-1c0d-4262-ba8a-b2a4e8cec6da,Warm,0,12.96,13,120.0
2026-06-30 21:06:56.291,18165f43-98d7-4b3a-8947-2b7ec26a1a44,Warm,0,13.13,14,120.0
2026-06-30 21:06:56.294,9106fc98-7336-439c-bd3b-bef2370a840b,Warm,0,12.84,13,120.0
2026-06-30 21:06:56.432,9476fc77-da64-487f-9370-fe13234a8bfa,Warm,0,11.79,12,120.0
2026-06-30 21:06:57.117,1805ddbf-5434-4bb0-b6f6-642787b61775,Warm,0,13.57,14,120.0
2026-06-30 21:06:57.118,36ab335a-279c-45bf-a6a5-56a8d60bcab5,Warm,0,12.2,13,119.0
2026-06-30 21:06:57.119,8e5dcc7b-52ad-4bc3-8f07-fdc65a7bd9ce,Warm,0,13.16,14,119.0
2026-06-30 21:06:57.121,3c9f1653-86ff-40b7-a87a-95677b64dd28,Warm,0,14.22,15,120.0
2026-06-30 21:06:57.126,3938cc0d-9f77-4f61-83a7-93ef039c78a2,Warm,0,13.97,14,120.0
2026-06-30 21:06:57.131,94bce06c-671e-4086-a5b0-d31d1960d49e,Warm,0,14.12,15,120.0
2026-06-30 21:06:57.328,805965da-fbf8-43a0-b69c-60d39f03ad33,Warm,0,13.38,14,120.0
2026-06-30 21:06:58.090,c5d7ea79-9e28-422f-8afc-af4981301de5,Warm,0,14.46,15,120.0
2026-06-30 21:06:58.104,46da048a-4985-49c4-9c10-5e0bc24b4e80,Warm,0,14.39,15,120.0
2026-06-30 21:06:58.107,0507f460-5028-4fde-8b7b-5468bb76be00,Warm,0,13.07,14,120.0
2026-06-30 21:06:58.124,7d075dfe-b1de-43d7-b6d5-c0b55232ba6f,Warm,0,15.31,16,120.0
2026-06-30 21:06:59.084,2dc8d7c9-ce10-4ab6-b8e2-df9f42366623,Warm,0,14.51,15,120.0
2026-06-30 21:07:06.792,b970fa61-1d3f-4810-b09a-965e0fb1d608,Warm,0,43.07,44,120.0
2026-06-30 21:07:07.513,c4479107-1981-449c-b1f7-d56a0a288606,Warm,0,13.09,14,120.0
2026-06-30 21:07:07.559,6ee185ff-872c-436a-8fd6-7eee5681d4c8,Warm,0,49.76,50,120.0
2026-06-30 21:07:08.273,37a2484e-d333-49df-a4df-50de60f25654,Warm,0,13.26,14,120.0
2026-06-30 21:07:08.277,8a645b08-bff6-4148-a69d-285f7eaad1b9,Warm,0,12.18,13,120.0
2026-06-30 21:07:08.306,330b3d23-1cd1-4fd8-b795-03fc9aaba11a,Warm,0,38.9,39,120.0
2026-06-30 21:07:08.463,667bd704-a44b-405d-970b-aadacaaa7b07,Warm,0,12.48,13,120.0
2026-06-30 21:07:09.190,f24f2d55-d31a-4796-81f8-c0b407719dc8,Warm,0,13.11,14,120.0
2026-06-30 21:07:09.197,352ffd4b-6ed7-4649-9753-0bbc12cdff4c,Warm,0,11.37,12,120.0
2026-06-30 21:07:09.202,ec7b1eaa-caf8-4690-8642-eb329c511d0d,Warm,0,13.07,14,120.0
2026-06-30 21:07:09.228,5ddc3801-9a98-43e9-988a-93411a664b28,Warm,0,12.85,13,120.0
2026-06-30 21:07:09.228,565ef859-9e66-4f0b-ac41-5b5b738d5a6e,Warm,0,41.94,42,119.0
2026-06-30 21:07:09.971,052715db-f576-48e7-8543-50f3895acee4,Warm,0,13.09,14,120.0
2026-06-30 21:07:09.976,5ced41b2-ca00-43e4-a830-e1a93b4c5e04,Warm,0,12.71,13,120.0
2026-06-30 21:07:09.976,62fc967a-f91d-4415-8f95-63d5f8216a10,Warm,0,13.59,14,119.0
2026-06-30 21:07:09.987,78f9bec0-9225-4615-b57b-720b63ca7b88,Warm,0,12.8,13,120.0
2026-06-30 21:07:10.019,6e86984f-771c-4577-b84a-45dcb24c5c78,Warm,0,44.52,45,119.0
2026-06-30 21:07:10.197,d2dd9627-2343-4268-90bd-91a9c5b9f746,Warm,0,11.64,12,119.0
2026-06-30 21:07:10.201,b8ac2871-a601-45f8-ac7a-8ee869576f2f,Warm,0,12.45,13,120.0
2026-06-30 21:07:10.215,c5f897a1-196f-4fc8-8f63-94b4534dfa97,Warm,0,26.85,27,120.0
2026-06-30 21:07:10.766,6f059162-8da6-4fde-bca1-16dd2d55029a,Warm,0,12.91,13,120.0
2026-06-30 21:07:10.774,1486c008-8e9b-48a7-bb24-c975c3449aaa,Warm,0,12.44,13,120.0
2026-06-30 21:07:10.775,5b8eae4d-942c-4af4-9247-d5db7b2e8468,Warm,0,12.34,13,119.0
2026-06-30 21:07:10.776,e31d671c-e759-4178-ac9f-11504ba798ba,Warm,0,12.39,13,119.0
2026-06-30 21:07:10.801,17e58ee7-8991-4a1c-af31-d07e59757d50,Warm,0,30.15,31,120.0
2026-06-30 21:07:10.967,600d32d0-336e-4b22-aae5-bbd85c3e270c,Warm,0,13.5,14,119.0
2026-06-30 21:07:10.968,eddfb43f-a4a2-4758-8266-25375f957021,Warm,0,13.24,14,120.0
2026-06-30 21:07:10.971,d3d1824a-0a88-4774-bab2-0936e1cf90e5,Warm,0,14.22,15,120.0
2026-06-30 21:07:10.972,b9f03638-0dd9-42f2-814e-6eec2015d169,Warm,0,17.43,18,119.0
2026-06-30 21:07:11.728,022bb1a3-fd30-4849-a064-e342cb58acc4,Warm,0,13.19,14,120.0
2026-06-30 21:07:11.737,d1d4cc46-ab0d-4929-ac16-cd8575849b03,Warm,0,13.91,14,119.0
2026-06-30 21:07:11.937,c3cdb1af-d21b-40a8-8da9-bd561d2ca2c6,Warm,0,13.08,14,119.0
2026-06-30 21:07:11.941,018dfc1d-8ac7-46d8-b8e4-2175a1ec2846,Warm,0,14.43,15,120.0
2026-06-30 21:07:11.946,76630c47-dea8-4735-9c05-2be146759db0,Warm,0,12.82,13,120.0
2026-06-30 21:07:11.950,da0b044e-2708-4482-ba56-2633c150a16e,Warm,0,12.97,13,120.0
2026-06-30 21:07:11.953,3354a73a-0665-4e6c-9231-8b769c3d48ee,Warm,0,12.74,13,119.0
2026-06-30 21:07:11.972,b51449f3-a807-4681-9c14-79d09858722e,Warm,0,13.44,14,119.0
2026-06-30 21:07:12.485,9d72a2eb-8a44-430d-bbaf-71c5b591fc0a,Warm,0,12.7,13,119.0
2026-06-30 21:07:12.485,49def1dd-59d8-4a6b-9d4b-04cc9b6d6f2c,Warm,0,11.65,12,120.0
2026-06-30 21:07:12.486,d44f94f7-a202-421c-a561-e2bb6c29b1e6,Warm,0,12.36,13,120.0
2026-06-30 21:07:12.495,12e2ced1-9042-442b-8194-285a2981ea2c,Warm,0,14.5,15,120.0
2026-06-30 21:07:12.508,5922f9d5-68c5-4c5a-aa24-360fb2168e4d,Warm,0,13.23,14,120.0
2026-06-30 21:07:12.691,1a3f6001-e85e-45ad-9a6f-2ebbb50495d5,Warm,0,16.24,17,120.0
2026-06-30 21:07:13.463,12a9c5ad-ef66-4b32-9f15-88e22aa1a4ed,Warm,0,11.67,12,120.0
2026-06-30 21:07:13.471,3a73cf64-c7f0-42e3-9a74-518ae5a75a5e,Warm,0,12.32,13,120.0
2026-06-30 21:07:13.490,ae1c25ed-644b-4bee-91eb-50bef040b90c,Warm,0,12.87,13,120.0
2026-06-30 21:07:13.500,8cf79f02-7376-4cd4-98fb-850e6d1d1edd,Warm,0,11.45,12,120.0
2026-06-30 21:07:13.698,a94f5660-b068-4563-87fb-b15b8d401c27,Warm,0,12.02,13,120.0
2026-06-30 21:07:13.703,08df0b05-317b-4c4d-a178-062188630ff9,Warm,0,15.08,16,120.0
2026-06-30 21:07:14.259,6a93208f-0f08-4c09-b254-eadc3341de26,Warm,0,12.12,13,120.0
2026-06-30 21:07:14.260,673ae437-7002-4581-9c5c-a8b3c5fde39a,Warm,0,14.11,15,120.0
2026-06-30 21:07:14.270,fe82351c-2eb2-47a2-9c53-4ccadbc03948,Warm,0,11.96,12,119.0
2026-06-30 21:07:14.463,d2184b9b-8a16-4d98-a54a-b5b54994b066,Warm,0,13.38,14,119.0
2026-06-30 21:07:14.467,fdc975a1-2e9d-4571-a456-702f2cc75ea8,Warm,0,12.54,13,120.0
2026-06-30 21:07:15.064,245bafe3-c481-4d4e-a494-39cb47d8e781,Warm,0,12.46,13,119.0
2026-06-30 21:07:15.066,2439d5c5-2842-422f-86ca-f4d5a5f1c9e2,Warm,0,12.66,13,120.0
2026-06-30 21:07:15.078,d5cc15f7-cbce-4533-b5cd-84ba8f327c21,Warm,0,11.79,12,120.0
2026-06-30 21:07:15.080,633e82ff-917f-4046-a5e3-49d84f6583bc,Warm,0,13.29,14,120.0
2026-06-30 21:07:15.112,75c11b8c-d393-41fe-84c1-862d4ede487a,Warm,0,11.81,12,120.0
2026-06-30 21:07:15.289,76c27ee8-fdc3-4a34-933e-9aa587a00ac4,Warm,0,15.5,16,120.0
2026-06-30 21:07:15.872,7ce6bf59-5431-4cff-90b0-a055befd0d20,Warm,0,12.57,13,120.0
2026-06-30 21:07:15.872,22bf51d0-1b41-47f1-90fa-33a7703175d5,Warm,0,13.11,14,120.0
2026-06-30 21:07:15.875,cb345003-9401-4f13-a32a-358e799c39b6,Warm,0,12.29,13,120.0
2026-06-30 21:07:15.882,6de2f91f-1e5d-4dd3-9d83-f7f8a5d2160a,Warm,0,14.99,15,119.0
2026-06-30 21:07:16.078,69e65366-7c73-4204-8106-c1e782fd1fde,Warm,0,13.07,14,119.0
2026-06-30 21:07:16.862,b304b10f-ded1-4844-94e3-3b580cc7ccba,Warm,0,12.38,13,119.0
2026-06-30 21:07:25.508,a93b3647-e00a-4b49-a6d9-9231a4c66bec,Warm,0,36.18,37,119.0
2026-06-30 21:07:26.187,b3e6a56d-208b-482e-93e4-302f004c329b,Warm,0,13.57,14,119.0
2026-06-30 21:07:26.212,99467d68-2288-4f1a-a867-6e79093e6ce5,Warm,0,38.49,39,120.0
2026-06-30 21:07:26.899,a900e187-7e71-4a15-b0fe-41232f77b0d0,Warm,0,12.68,13,120.0
2026-06-30 21:07:26.908,3ca55df9-3950-4f91-afd3-17c115ca5d84,Warm,0,12.9,13,119.0
2026-06-30 21:07:26.935,024fd93e-e247-4d70-9cde-beee880c37c2,Warm,0,39.17,40,120.0
2026-06-30 21:07:26.936,32cb254b-edad-4289-af95-868ce29b429f,Warm,0,38.09,39,119.0
2026-06-30 21:07:26.939,de1c7487-7cf5-4285-93f1-bee34de12fda,Warm,0,42.2,43,120.0
2026-06-30 21:07:26.942,c4e3be9d-9f20-45eb-b788-5fabbc1a9fc4,Warm,0,41.96,42,120.0
2026-06-30 21:07:27.110,f42bfefc-6918-40ca-8ddf-9a3741ee589e,Warm,0,13.61,14,120.0
2026-06-30 21:07:27.887,ad52d9eb-441e-4db9-9864-7414977a835d,Warm,0,11.98,12,120.0
2026-06-30 21:07:27.893,9c6a776b-0ec9-45fb-b0a3-f3f49d6ac86d,Warm,0,11.33,12,120.0
2026-06-30 21:07:27.895,081bdb86-77ad-4826-92c3-5cfaf24cacb1,Warm,0,12.69,13,119.0
2026-06-30 21:07:27.898,1c76cb02-5296-477e-b6a4-a46da479ffa9,Warm,0,15.07,16,120.0
2026-06-30 21:07:27.958,61a5f7f9-90a0-4296-83b0-5b056b011502,Warm,0,13.76,14,120.0
2026-06-30 21:07:28.107,58f9db88-14eb-43f3-8e51-5861f781b1ed,Warm,0,15.97,16,120.0
2026-06-30 21:07:28.122,a26ef469-e02e-4bf6-9721-3900239a5117,Warm,0,13.55,14,119.0
2026-06-30 21:07:28.130,060554ac-89fb-4eaf-988d-04b092d17838,Warm,0,12.64,13,120.0
2026-06-30 21:07:28.718,4389f249-d0c1-4430-8cb4-127b87299945,Warm,0,14.5,15,120.0
2026-06-30 21:07:28.719,5867acce-72ab-4dd0-a739-1fdccc3cc1db,Warm,0,14.4,15,119.0
2026-06-30 21:07:28.720,71f88e2e-6c5d-4333-b2fb-c8c433550050,Warm,0,14,14,120.0
2026-06-30 21:07:28.797,a7c34eb1-9b37-423b-a1f2-a685c188dc70,Warm,0,12.48,13,120.0
2026-06-30 21:07:28.827,4891bd54-453c-4d11-bfa8-69c8597b8508,Warm,0,13.43,14,120.0
2026-06-30 21:07:28.842,0db6f525-815b-4b60-a198-e2e8112cae66,Warm,0,14.13,15,119.0
2026-06-30 21:07:28.921,20756ad4-2f86-40a3-bf42-2c8d0ad3fd54,Warm,0,12.74,13,119.0
2026-06-30 21:07:28.923,dd32c47a-2e5e-4704-a4bf-c3eeec48e0ba,Warm,0,11.98,12,120.0
2026-06-30 21:07:28.933,15859027-5b9d-4cde-87c1-2fbf4000b176,Warm,0,14.5,15,120.0
2026-06-30 21:07:29.497,566371b0-ba19-4731-9c66-44382754da24,Warm,0,13.32,14,120.0
2026-06-30 21:07:29.498,b7baa25f-1bb0-4c96-adee-1736120981f5,Warm,0,14.37,15,120.0
2026-06-30 21:07:29.498,7085f2b1-f945-4307-b048-cc908a5b6411,Warm,0,13.07,14,119.0
2026-06-30 21:07:29.521,8f344f73-3ca5-4709-b828-c3e7b9217634,Warm,0,14.54,15,119.0
2026-06-30 21:07:29.529,4bd992d2-2b8a-4268-a744-455a0487c9d1,Warm,0,13.15,14,120.0
2026-06-30 21:07:29.581,67c87c33-3e47-49f1-8f97-57a65954de45,Warm,0,13.5,14,120.0
2026-06-30 21:07:29.700,12396e3f-02a9-4c8d-b276-6e9d17d3b319,Warm,0,12.04,13,120.0
2026-06-30 21:07:29.727,46fc8ea4-bc06-4564-946f-ebacabb21ecf,Warm,0,15.18,16,120.0
2026-06-30 21:07:29.745,0fd6a6bf-404c-4461-a870-83e08bbba8c5,Warm,0,13.76,14,119.0
2026-06-30 21:07:30.525,b654f616-fc3c-4442-8979-f21781edd647,Warm,0,14.29,15,119.0
2026-06-30 21:07:30.536,079d52df-5321-4d78-80eb-e6a946a27b76,Warm,0,11.65,12,120.0
2026-06-30 21:07:30.536,824f4189-3e27-42eb-9641-6bf37674375a,Warm,0,11.69,12,120.0
2026-06-30 21:07:30.537,05713915-9629-4dc5-b4fb-fe3ec1b27cfb,Warm,0,14.22,15,120.0
2026-06-30 21:07:30.537,2c983a7b-316c-4c64-b687-3a5b91ae306d,Warm,0,12.14,13,119.0
2026-06-30 21:07:30.575,285b7329-7f00-47ce-aa05-fce7493f56ca,Warm,0,12.85,13,120.0
2026-06-30 21:07:30.728,1b7eb497-4904-4be4-af83-86cbff217e12,Warm,0,12.68,13,120.0
2026-06-30 21:07:31.301,659016b2-0afe-49c3-8b3f-46347c182453,Warm,0,12.32,13,120.0
2026-06-30 21:07:31.318,551a27f5-f34a-4ab6-b848-e8e3d86db762,Warm,0,14.27,15,119.0
2026-06-30 21:07:31.325,09b6994c-ea7e-45fd-9997-29d43514d63e,Warm,0,11.23,12,120.0
2026-06-30 21:07:31.326,183baa33-9151-47f1-85c9-251c813158da,Warm,0,14.31,15,120.0
2026-06-30 21:07:31.367,57aace60-dd1f-4cc5-b461-c25d48e02627,Warm,0,11.81,12,120.0
2026-06-30 21:07:31.388,1c6b5dff-a265-42af-8152-fe0bc770ffd9,Warm,0,48,49,120.0
2026-06-30 21:07:31.505,779c2ca7-3a75-45a2-883a-f3aac445a966,Warm,0,13.83,14,120.0
2026-06-30 21:07:31.517,04e9b725-0c05-4d7f-b380-b25840416142,Warm,0,14.39,15,120.0
2026-06-30 21:07:31.533,93b8586b-9fa6-4963-b275-34d3d61ee6cd,Warm,0,12.73,13,120.0
2026-06-30 21:07:31.604,ace8fd81-1f03-4484-96de-722b65a3e78c,Warm,0,13.77,14,120.0
2026-06-30 21:07:32.104,1bbe5027-187b-4165-a33a-aa5c27a7c2aa,Warm,0,12.65,13,120.0
2026-06-30 21:07:32.113,87c7a213-201f-4b5a-971b-7e2f31cd8a21,Warm,0,14.43,15,120.0
2026-06-30 21:07:32.116,265742e5-d6cd-4c0c-b7cc-bc48049285ac,Warm,0,13.69,14,119.0
2026-06-30 21:07:32.311,ea876cb1-a9e2-428a-bf14-694875cf7a9c,Warm,0,12.48,13,119.0
2026-06-30 21:07:32.312,efd7f1e2-e561-4795-86cf-d561914f36f0,Warm,0,12.17,13,120.0
2026-06-30 21:07:32.320,a94ef15b-09db-418b-8aaf-fc69f6281385,Warm,0,12.69,13,120.0
2026-06-30 21:07:32.329,0be69957-bf7b-4fa5-b6e8-0f80bc7ef6d1,Warm,0,13.02,14,119.0
2026-06-30 21:07:32.341,ce200495-cdae-4901-bfe7-0da08d793c24,Warm,0,13.89,14,120.0
2026-06-30 21:07:32.342,d0f16352-eb0f-4ef7-aae7-ea4f6d617e38,Warm,0,13.58,14,120.0
2026-06-30 21:07:32.999,3d72ff54-ff1c-4d55-b180-fd47862d0651,Warm,0,13.2,14,120.0
2026-06-30 21:07:33.005,dbcc27d1-bf47-4a9a-add5-603ccb0b41dd,Warm,0,13.49,14,120.0
2026-06-30 21:07:33.010,fc8bcd49-e467-46d7-a921-e14ffe5b1c8f,Warm,0,13.06,14,119.0
2026-06-30 21:07:33.941,a350f938-18ff-41fc-8873-c94db05d3898,Warm,0,12.74,13,119.0
2026-06-30 21:08:45.491,c68f6384-3984-4a7f-b46c-2af81c72de83,Warm,0,76.68,77,119.0
2026-06-30 21:08:45.506,8bdbba55-4678-40fa-8349-5c8e4ca2d93a,Warm,0,71.95,72,120.0
2026-06-30 21:08:45.513,02c2df4c-1dbd-4fef-8c35-3414db038bd0,Warm,0,77.13,78,120.0
2026-06-30 21:08:46.609,14f2c4da-d2e6-4e62-bf5f-5f6d5fe4010c,Warm,0,44.7,45,120.0
2026-06-30 21:08:46.615,00aa548d-d757-430d-8750-8c3d46279057,Warm,0,42.79,43,120.0
2026-06-30 21:08:46.619,d897181c-4b47-4b0d-a780-798d8cfeca6d,Warm,0,46.77,47,119.0
2026-06-30 21:08:47.414,cf486658-962f-4b8c-b700-e64b73da0f12,Warm,0,47.69,48,119.0
2026-06-30 21:08:47.416,93fbaebc-f564-4366-bad8-577f6ef6a107,Warm,0,48.22,49,120.0
2026-06-30 21:08:47.441,1ad8ff80-d15d-4c4a-ba20-b63b522bf163,Warm,0,44.26,45,120.0
2026-06-30 21:08:48.212,22557847-f755-4c07-b48e-533655f932d5,Warm,0,44.95,45,120.0
2026-06-30 21:08:48.213,2c0fb4df-6e5d-4b8e-b22d-ffc6d5f85698,Warm,0,49.1,50,120.0
2026-06-30 21:08:48.830,b758621c-0624-43df-a2f2-97356edbd9b2,Warm,0,43.4,44,120.0
2026-06-30 21:08:48.835,dcc136fd-8ad9-41c6-995a-fc5a1bc65f2b,Warm,0,46.43,47,120.0
2026-06-30 21:08:49.908,cd943376-7bdd-4315-b554-1cf54be57fd9,Warm,0,43.52,44,120.0
2026-06-30 21:08:49.911,c593eddb-abbd-4e2a-ae41-6533c8bbd592,Warm,0,42.66,43,120.0
2026-06-30 21:08:49.944,fd20b061-f73b-40e3-b663-728059d45cbc,Warm,0,44.56,45,119.0
2026-06-30 21:08:50.812,ee8a7a30-4aa6-4490-af29-96d63218d710,Warm,0,48.43,49,119.0
2026-06-30 21:08:50.873,c61bd863-806c-4667-9a89-8d2096ddc38b,Warm,0,77.71,78,120.0
2026-06-30 21:08:51.607,94088dca-e48f-4c2c-b051-e8aa75aa6d17,Warm,0,47.3,48,120.0
2026-06-30 21:08:51.623,fc6549b6-528d-4523-b2db-f990f1dcb1d7,Warm,0,45.13,46,119.0
2026-06-30 21:08:52.254,6c8522eb-d634-438f-b961-e7dfa00a6080,Warm,0,44.68,45,119.0
2026-06-30 21:08:52.273,9f01efc2-a510-4b28-a8e9-1903ae588cf8,Warm,0,43.71,44,120.0
2026-06-30 21:08:54.836,96e392bb-20c9-4ddd-b287-c7711d004b38,Warm,0,12.58,13,120.0
2026-06-30 21:08:55.043,4728743a-467a-4012-94db-c34c24902d51,Warm,0,12.59,13,120.0
2026-06-30 21:08:55.630,999eda17-505a-408a-be7b-6ec11f759398,Warm,0,14.71,15,120.0
2026-06-30 21:08:55.634,c1e34c8a-d0da-43b6-a97b-25d9355557fd,Warm,0,16.13,17,119.0
2026-06-30 21:08:55.641,293587c7-3f87-4163-b958-6a86613105c5,Warm,0,11.54,12,120.0
2026-06-30 21:08:55.666,4f1ef964-a02c-4918-88ee-14a8e703129d,Warm,0,34.21,35,120.0
2026-06-30 21:08:55.821,b1508131-ad37-4059-bb6c-d8a6ff302507,Warm,0,11.31,12,120.0
2026-06-30 21:08:55.838,383e1548-182c-4097-99f4-25e0c6d59433,Warm,0,12.53,13,120.0
2026-06-30 21:08:56.602,a1d386cc-9110-41fb-a43b-44c8ecc528c1,Warm,0,13.09,14,120.0
2026-06-30 21:08:56.604,2fbd4fa8-6c5c-437e-b943-92bebc9267b9,Warm,0,13.07,14,120.0
2026-06-30 21:08:56.606,ca4a7cce-897c-4c60-9e53-3d1824561307,Warm,0,15.59,16,120.0
2026-06-30 21:08:56.610,7f930bdf-b5b1-4eef-9aac-10d9357024cf,Warm,0,14.68,15,119.0
2026-06-30 21:08:56.635,e6ff6f14-d3c4-44fe-9db7-9a5c129b0ef1,Warm,0,41.92,42,119.0
2026-06-30 21:08:56.637,89bd5199-93ba-4a32-9cf9-112ef575cf8d,Warm,0,42.19,43,120.0
2026-06-30 21:08:56.667,868ea700-101a-4605-9ad8-5c535d1ee87f,Warm,0,12.3,13,119.0
2026-06-30 21:08:56.667,87db1173-2362-4182-a9ed-206c9419f631,Warm,0,13.02,14,120.0
2026-06-30 21:08:56.800,b6ba123f-200c-463e-a7d2-82d18abed6c8,Warm,0,12.39,13,119.0
2026-06-30 21:08:56.804,9030f7df-7538-4643-a7fd-c045f0584414,Warm,0,12.32,13,120.0
2026-06-30 21:08:56.805,29a2129f-aca5-4f77-9261-99df0a707acb,Warm,0,12.87,13,119.0
2026-06-30 21:08:57.336,1bb8c578-902d-4f0b-8a1a-ff0de6188c79,Warm,0,12.4,13,119.0
2026-06-30 21:08:57.336,70a13d71-a85b-4584-8607-d78f58c763eb,Warm,0,11.62,12,120.0
2026-06-30 21:08:57.343,d16fdad5-2a88-4b4e-b5ec-53445bfaed2b,Warm,0,10.87,11,120.0
2026-06-30 21:08:57.344,a50b0707-f381-4843-9031-fba130059e8d,Warm,0,13.21,14,119.0
2026-06-30 21:08:57.347,4828fd5a-d4c9-4047-95cf-22423682d8a4,Warm,0,15.02,16,120.0
2026-06-30 21:08:57.536,1a7e588c-bdb4-49f6-b02c-bc2ff55a7aae,Warm,0,14.78,15,120.0
2026-06-30 21:08:57.561,dd9d4d68-a790-47b4-bb58-90d5bc099e50,Warm,0,12.99,13,120.0
2026-06-30 21:08:58.113,4c06ad13-cf34-455a-bf5b-b05e3eb2897f,Warm,0,11.48,12,120.0
2026-06-30 21:08:58.115,e8f2ff6e-5b13-41aa-97bd-dc8ca582885d,Warm,0,13.58,14,119.0
2026-06-30 21:08:58.161,ed8429e9-2d1d-4a96-9928-ff72fd61574a,Warm,0,11.92,12,119.0
2026-06-30 21:08:58.311,87dbfd18-4b29-4e1f-bfed-ed0ec97d1ede,Warm,0,12.03,13,119.0
2026-06-30 21:08:58.312,f40ae937-22a8-424f-ac5b-7143e9aaa23e,Warm,0,11.54,12,120.0
2026-06-30 21:08:58.318,8b2959fa-49ab-41cc-a2d4-689113486968,Warm,0,10.56,11,120.0
2026-06-30 21:08:58.336,206ee33d-a616-48f0-87e0-5749f78781de,Warm,0,12,12,120.0
2026-06-30 21:08:59.005,dc56e04d-0fb9-4fc2-b677-27fe11532718,Warm,0,11.63,12,120.0
2026-06-30 21:08:59.019,3339475c-ffe4-4783-9cc1-810fa5cbb16c,Warm,0,12.68,13,119.0
2026-06-30 21:08:59.020,21854109-7288-48ff-95fb-f9d34833096f,Warm,0,12.65,13,119.0
2026-06-30 21:08:59.020,09b28da9-ceab-4fc5-8c29-03609d980555,Warm,0,14.8,15,120.0
2026-06-30 21:08:59.054,b2bc141d-2154-40b6-97e2-ead63137290a,Warm,0,14.45,15,120.0
2026-06-30 21:08:59.219,652ecab0-4195-4f6d-8df8-df4c5aff3494,Warm,0,10.81,11,120.0
2026-06-30 21:08:59.219,aa58dd5e-5195-4784-8e94-95b6e6a50fcb,Warm,0,17.5,18,120.0
2026-06-30 21:08:59.220,0594140b-94bc-41b7-9751-2f6f68836e73,Warm,0,12.09,13,119.0
2026-06-30 21:08:59.220,078c56a5-9542-4b43-a152-9db8312d556e,Warm,0,14.68,15,119.0
2026-06-30 21:08:59.270,75353b94-b37c-49b8-b290-ba76780ab80f,Warm,0,29.3,30,120.0
2026-06-30 21:09:00.032,ec742b29-2e9e-4722-beb8-31fb8b235463,Warm,0,11.78,12,119.0
2026-06-30 21:09:00.033,86fe5a62-15fe-4dd1-8cab-1229d31be90f,Warm,0,11.16,12,120.0
2026-06-30 21:09:00.033,6978e8ef-4ef7-4ea4-95b5-4d1aeb74bd7e,Warm,0,14.32,15,120.0
2026-06-30 21:09:00.034,f976b9f0-3dc5-445a-bc4f-2a20ba77ff65,Warm,0,13.94,14,119.0
2026-06-30 21:09:00.037,aaee91ce-6b74-4e03-83c3-6bab9d27af66,Warm,0,12.81,13,120.0
2026-06-30 21:09:00.049,f689ef7a-4287-4d30-9fdd-5be8852e2140,Warm,0,11.78,12,119.0
2026-06-30 21:09:00.710,e197e232-4574-4057-a3aa-463a159beae4,Warm,0,11.53,12,119.0
2026-06-30 21:09:00.713,4e7eebec-96fb-479f-8c05-454605537db1,Warm,0,14.07,15,120.0
2026-06-30 21:09:00.719,67b39524-d972-4c23-bd63-ed4425cae96e,Warm,0,13.47,14,119.0
2026-06-30 21:09:00.909,bd07971c-d82a-405a-92c6-bcea4549c76c,Warm,0,12.83,13,119.0
2026-06-30 21:09:00.914,30e81e64-f83e-4417-ae7f-9be433b3c981,Warm,0,12.03,13,119.0
2026-06-30 21:09:00.916,8326c684-6b94-495c-896d-a7b187b34625,Warm,0,13.21,14,120.0
2026-06-30 21:09:00.917,7bca9381-4af4-4a8b-9c6a-047e07e10ed2,Warm,0,13.59,14,120.0
2026-06-30 21:09:01.592,ebc9a46c-c710-4f28-9aad-281d27ee6a65,Warm,0,12.99,13,120.0
2026-06-30 21:09:01.801,8d1ae555-7948-4975-a055-076f93df067d,Warm,0,12.26,13,120.0
2026-06-30 21:09:01.803,0fd61a7f-112b-477a-8631-9d233cb4c409,Warm,0,14.11,15,120.0
2026-06-30 21:09:01.803,73171e3c-68e8-4a29-976e-c949cb284feb,Warm,0,11.6,12,119.0
2026-06-30 21:09:02.525,94f1d3c6-280f-4287-a811-4e7508710d4a,Warm,0,12.97,13,120.0
2026-06-30 21:09:02.543,0c9b67dc-21e6-4bec-a105-1742019e63a9,Warm,0,16.72,17,119.0
2026-06-30 21:09:02.544,7def9bca-b8a3-4c6a-99e3-202a87ded7d6,Warm,0,12.84,13,120.0
2026-06-30 21:09:02.549,479f5933-ae47-477e-895c-46c5a3b29619,Warm,0,13.36,14,120.0
2026-06-30 21:09:03.219,d754fed8-1c79-4292-a077-9b0ddff585fa,Warm,0,12.88,13,120.0
2026-06-30 21:09:03.234,fb02c9bd-3fcb-4fcb-af23-958dfcb698d2,Warm,0,14.47,15,120.0
2026-06-30 21:09:11.258,e2d2c0b3-6fa8-4921-94ae-58683200c75d,Warm,0,41.35,42,120.0
2026-06-30 21:09:11.760,656ffded-0db0-4b8b-af27-9cb54a8b15a3,Warm,0,13.24,14,120.0
2026-06-30 21:09:11.781,c14cda03-f71c-46ba-b1a6-71388a36f2c6,Warm,0,12.81,13,120.0
2026-06-30 21:09:11.791,3be756e8-a44e-468e-8e72-8c86b0fb1816,Warm,0,40.51,41,120.0
2026-06-30 21:09:11.791,b87168d5-76a1-4a8f-a6c5-c6427dddafb8,Warm,0,39.94,40,119.0
2026-06-30 21:09:12.653,5a874d9b-1e30-4e41-899a-b42fda722583,Warm,0,13.65,14,120.0
2026-06-30 21:09:12.655,9db9d1e9-e780-4557-ad67-232b51747e2b,Warm,0,13.32,14,119.0
2026-06-30 21:09:12.665,57c6d8d4-caad-4ee4-a8f9-919282b26c2a,Warm,0,11.84,12,120.0
2026-06-30 21:09:12.700,8b483fc6-e528-4b8e-90c4-0c289c275d74,Warm,0,44.54,45,119.0
2026-06-30 21:09:12.700,19eab872-dc0e-442d-97e8-c13c987e0531,Warm,0,12.1,13,120.0
2026-06-30 21:09:12.706,340d8c8e-ecaf-4b0f-ad4c-af454f19ef24,Warm,0,11.76,12,119.0
2026-06-30 21:09:12.872,ab104cd5-6508-4d2a-8828-681f98e1ecae,Warm,0,12.72,13,119.0
2026-06-30 21:09:13.422,d4749b68-2e30-427f-a308-cda462c2fd0d,Warm,0,13.05,14,119.0
2026-06-30 21:09:13.437,558d0b20-470a-4b29-8113-13ae0668bbbb,Warm,0,13.9,14,119.0
2026-06-30 21:09:13.441,21c32b23-8a3b-45f5-826e-69bd4784660e,Warm,0,14.02,15,120.0
2026-06-30 21:09:13.661,eddd4a69-9692-44cf-a69d-42c87604bf04,Warm,0,13.08,14,119.0
2026-06-30 21:09:13.663,efc2ec2e-e5b5-41bc-862a-e62dd54ae788,Warm,0,14.86,15,120.0
2026-06-30 21:09:13.663,8826bba0-e4c6-444a-9414-799137c53d79,Warm,0,14.72,15,119.0
2026-06-30 21:09:13.669,7d4a1b1e-e6fa-42e0-a809-472c0b29cd4e,Warm,0,13.17,14,120.0
2026-06-30 21:09:13.746,5b557051-765b-44b8-ae51-d76f8144169d,Warm,0,17.84,18,120.0
2026-06-30 21:09:14.449,095775cd-6e65-4c6b-be57-2e0cfcd1559d,Warm,0,14.55,15,119.0
2026-06-30 21:09:14.449,7851cda6-2d74-4636-ac18-3b84b49385db,Warm,0,14.16,15,120.0
2026-06-30 21:09:14.453,7e5c0c1b-1940-44bd-9ddb-915e6a68ecd3,Warm,0,13.61,14,120.0
2026-06-30 21:09:14.488,25f39051-a0f8-404c-bb61-84f78dc292d7,Warm,0,14.87,15,119.0
2026-06-30 21:09:14.488,e5cdd629-369b-44a5-a2ed-3c4b1bb8c129,Warm,0,13.56,14,120.0
2026-06-30 21:09:14.489,ac59bb9b-5346-4b5b-b814-b2517e6915a0,Warm,0,13.99,14,120.0
2026-06-30 21:09:15.371,164e7b40-73fc-4774-891c-c52f0c2f2f0f,Warm,0,13.09,14,120.0
2026-06-30 21:09:15.371,b45d2563-5a40-49cd-af56-a9ca8fc76aff,Warm,0,13.41,14,119.0
2026-06-30 21:09:15.373,e3a071bf-d98c-4505-9a64-44a481f1211a,Warm,0,13.14,14,119.0
2026-06-30 21:09:15.375,cbfe2a65-b4b0-40b5-9e6a-00e128bac266,Warm,0,13.34,14,120.0
2026-06-30 21:09:15.402,f5f6bd93-609f-4d6d-b5e9-410e1b27b389,Warm,0,41.22,42,120.0
2026-06-30 21:09:15.408,3962693f-f409-467c-831e-859be78e95e2,Warm,0,40.45,41,120.0
2026-06-30 21:09:15.418,7669262e-fd9d-4f7c-936b-7a67742a904d,Warm,0,49.1,50,119.0
2026-06-30 21:09:15.570,098196f5-f563-40af-9dd3-458afba902ba,Warm,0,13.59,14,119.0
2026-06-30 21:09:16.156,79c9f05c-19c2-43b4-ac63-6794c974407f,Warm,0,13.16,14,120.0
2026-06-30 21:09:16.158,94b844bb-d74b-4699-a4a6-7ace8b495fe3,Warm,0,14.86,15,119.0
2026-06-30 21:09:16.180,2aed160d-a296-4218-9cb6-a907e7425372,Warm,0,13.4,14,119.0
2026-06-30 21:09:16.182,c495bf73-4822-42b7-8ea8-de437021c38c,Warm,0,11.58,12,120.0
2026-06-30 21:09:16.182,66bb7ea9-495e-47e5-b2c1-447d78466535,Warm,0,12.14,13,120.0
2026-06-30 21:09:16.184,d988e0ec-56ef-4cde-8d2d-8df060c7f65e,Warm,0,13.03,14,120.0
2026-06-30 21:09:16.375,3e3f3b3d-c082-4fcf-aab5-4e087a2a9e4c,Warm,0,12.23,13,120.0
2026-06-30 21:09:16.398,c53b09bb-45c0-4a50-92e7-98b5f8952f3d,Warm,0,13.26,14,120.0
2026-06-30 21:09:16.943,253d7938-2994-46cb-8888-3592e5d548d1,Warm,0,12.81,13,120.0
2026-06-30 21:09:16.957,402819cd-aacd-4406-992f-dfde490faf67,Warm,0,13.58,14,120.0
2026-06-30 21:09:16.959,a07f8987-3bd9-4040-bf1f-16c637c7f6d9,Warm,0,12.83,13,120.0
2026-06-30 21:09:16.962,cf9f0d10-61b2-40ab-8d88-18876aa7a4f9,Warm,0,14.84,15,119.0
2026-06-30 21:09:17.010,d32d999a-6705-49c8-90e0-eeb041fad69e,Warm,0,14.54,15,119.0
2026-06-30 21:09:17.139,41b10dbc-90a9-4af3-88a9-ddd03c5b28c3,Warm,0,16.67,17,119.0
2026-06-30 21:09:17.152,ba65014c-13fc-4e76-b3fa-dbd6859cfce8,Warm,0,12.53,13,120.0
2026-06-30 21:09:17.159,821fb941-63d0-497f-a314-2d48b99af354,Warm,0,13.19,14,119.0
2026-06-30 21:09:17.160,30a8b39b-9bc8-4fbf-b879-063e50dd5816,Warm,0,13.16,14,120.0
2026-06-30 21:09:17.167,5f4a6cf0-32a9-4cbc-a2c5-b61946062ee3,Warm,0,15.29,16,120.0
2026-06-30 21:09:17.177,7dcdee43-f85e-4adf-9888-44904e51731d,Warm,0,13.14,14,120.0
2026-06-30 21:09:17.254,90430fc2-cd28-4e09-9b53-c0a05c84fbb0,Warm,0,12.59,13,120.0
2026-06-30 21:09:17.865,be0804dd-d4bf-4526-81e5-fd674e5b8c33,Warm,0,13.92,14,120.0
2026-06-30 21:09:17.867,e461b2bd-ed3a-4f87-942a-e49936cd6585,Warm,0,13.41,14,120.0
2026-06-30 21:09:17.878,094d96c1-ae6d-424d-b82c-f6089fb6a7a8,Warm,0,11.92,12,119.0
2026-06-30 21:09:17.880,64178fe0-fbd9-44e8-8e9c-02681b4a26c0,Warm,0,12.79,13,120.0
2026-06-30 21:09:17.880,7939a479-d9b2-4748-ae27-a61ba1ceaff2,Warm,0,12.99,13,120.0
2026-06-30 21:09:17.900,5b5d76a6-7658-4e38-a02c-307dd8eab4a1,Warm,0,28.4,29,119.0
2026-06-30 21:09:18.063,64f161ff-0b96-45e8-a29b-11d7e8c77e1a,Warm,0,12.19,13,119.0
2026-06-30 21:09:18.081,5651c6de-6047-4614-9e50-04d840f73123,Warm,0,13.39,14,120.0
2026-06-30 21:09:18.947,bb293bd0-5a45-4008-b0a0-d1736b304240,Warm,0,14.37,15,120.0
2026-06-30 21:09:18.953,275c4ee4-5604-429a-a3de-40cef57bc5e4,Warm,0,10.92,11,120.0
2026-06-30 21:09:18.955,96aba556-7550-4f91-b5df-4e8cd5d50d8f,Warm,0,12.69,13,119.0
2026-06-30 21:09:18.957,a2224cf5-5b45-4ff2-952c-f134257f71d1,Warm,0,13.02,14,119.0
2026-06-30 21:09:27.398,0ed47ad5-b15f-490f-b53c-fb2a7e6252fd,Warm,0,41.06,42,119.0
2026-06-30 21:09:28.268,14719adc-3e74-47fd-a930-036ed608d153,Warm,0,15.32,16,119.0
2026-06-30 21:09:28.292,90f0f591-46c5-4c7f-860f-51ae30c31eb7,Warm,0,38.32,39,120.0
2026-06-30 21:09:28.297,08c9c067-7dc0-458f-82ff-bc2cf398aff4,Warm,0,42.98,43,119.0
2026-06-30 21:09:28.301,e2c1d548-f069-4b83-bb93-8cb7bd440a63,Warm,0,43.13,44,120.0
2026-06-30 21:09:28.977,ad47fb95-99b4-4b2b-a2c2-90794605da20,Warm,0,12.44,13,120.0
2026-06-30 21:09:28.983,d5c34fca-3aba-4517-b486-9206d4c3d08c,Warm,0,12.46,13,120.0
2026-06-30 21:09:28.984,ad869296-a0f7-481a-9d34-c60d44f6f579,Warm,0,13.84,14,119.0
2026-06-30 21:09:29.011,53a25e53-82c1-4d12-99a9-22975229f17a,Warm,0,15.77,16,119.0
2026-06-30 21:09:29.186,ad270e2e-b7dd-470c-bb5a-e6208aa211a9,Warm,0,12.72,13,119.0
2026-06-30 21:09:29.187,872b8a48-5303-4c95-99b9-d8bcb538104a,Warm,0,12.94,13,120.0
2026-06-30 21:09:29.202,6d3bf774-37f1-4f7e-8e97-e7c39a7debc2,Warm,0,12.95,13,120.0
2026-06-30 21:09:29.206,de187a23-e130-4e06-9f92-dae1c3241fb0,Warm,0,15.79,16,119.0
2026-06-30 21:09:29.683,d07d1f77-c330-43fc-b390-2f0336cb6547,Warm,0,12.58,13,120.0
2026-06-30 21:09:29.704,d857cfba-5aa7-42f8-943f-109c41bfb580,Warm,0,12.18,13,120.0
2026-06-30 21:09:29.707,53197445-c2cc-4630-b6fe-eeaa2b4666af,Warm,0,12.22,13,120.0
2026-06-30 21:09:29.709,6a91b456-d8ce-468d-863e-445347e3d9fe,Warm,0,14.07,15,119.0
2026-06-30 21:09:29.734,5a01abb5-3afc-4faa-9161-7d8ed219c45f,Warm,0,67,67,119.0
2026-06-30 21:09:29.746,e80adedb-cdd8-4e32-bd60-c327ba198abc,Warm,0,39.94,40,120.0
2026-06-30 21:09:29.748,09034660-ac7b-49f8-b9a4-527eb7e315a1,Warm,0,39.82,40,120.0
2026-06-30 21:09:29.749,38d8a012-e4c5-44a7-99f9-201ced5dad79,Warm,0,42.79,43,119.0
2026-06-30 21:09:29.750,4d873800-da6a-454f-b737-9ef61970a190,Warm,0,42.71,43,119.0
2026-06-30 21:09:29.751,d0d6eb49-5123-4492-8495-d734ec3cedc8,Warm,0,43.2,44,120.0
2026-06-30 21:09:29.752,9f625476-ee0a-4612-ab35-516de2c6e063,Warm,0,42.39,43,120.0
2026-06-30 21:09:29.910,2cb25afd-aae5-47b9-912f-998e59c63327,Warm,0,11.88,12,120.0
2026-06-30 21:09:30.572,ed07560e-c92c-4906-8d3d-2f709d4cdf26,Warm,0,12.36,13,120.0
2026-06-30 21:09:30.574,41c175f1-c6c4-4c98-bbac-e52d5e399563,Warm,0,13.42,14,120.0
2026-06-30 21:09:30.577,2aee35d2-65d4-4778-a2c7-ef70dd2b46f5,Warm,0,14.12,15,119.0
2026-06-30 21:09:30.577,28f13c8d-6179-43bd-b5f9-5db3f6c45143,Warm,0,15.21,16,119.0
2026-06-30 21:09:30.582,a120b130-e198-4f70-9851-e8438998aa89,Warm,0,13.35,14,120.0
2026-06-30 21:09:30.582,39feef87-cd89-42c8-9765-afe0afb5d09c,Warm,0,12.77,13,120.0
2026-06-30 21:09:30.585,8daa6d54-ba5d-40c3-84f8-9a687f1f0cb6,Warm,0,14.32,15,119.0
2026-06-30 21:09:30.604,37875fc4-8b1c-45a2-b499-25bf17d4db3d,Warm,0,12.55,13,119.0
2026-06-30 21:09:30.606,1d054b5a-2f34-45ec-abbe-d5386f158466,Warm,0,13.34,14,120.0
2026-06-30 21:09:30.607,83a5f922-e77a-495c-b780-fa4ef9b535b0,Warm,0,13.05,14,120.0
2026-06-30 21:09:30.608,3faa4293-c18d-491b-bef2-b003e8becb33,Warm,0,13.53,14,119.0
2026-06-30 21:09:30.609,b1aef180-f93f-477b-b5de-e00092ddd0ff,Warm,0,15.23,16,119.0
2026-06-30 21:09:31.460,1b0ab9d6-4a48-495b-b6f0-3a74d6c15c86,Warm,0,13.86,14,119.0
2026-06-30 21:09:31.472,37887649-c2b0-4aa4-8f13-181a1af413e6,Warm,0,14.31,15,119.0
2026-06-30 21:09:31.671,3ebe9d79-4729-4898-8908-134af9ef82f5,Warm,0,12.41,13,120.0
2026-06-30 21:09:31.671,27b1c7d5-0d5c-482e-a0b3-9522f5880bd8,Warm,0,14.51,15,119.0
2026-06-30 21:09:31.672,c300f94d-f924-4742-8c3d-1718db80fb87,Warm,0,14.97,15,119.0
2026-06-30 21:09:31.673,aa82a09e-dec2-457c-aca8-c4e52a9e77d2,Warm,0,13.53,14,120.0
2026-06-30 21:09:31.682,987553c9-29c9-4fb0-a29b-3147fcc03fa2,Warm,0,13.01,14,119.0
2026-06-30 21:09:31.684,d8f772d0-b9f2-43b1-a384-6b34df67a22c,Warm,0,13.4,14,120.0
2026-06-30 21:09:32.378,1c8f8b7b-26cb-446b-add7-af4d87b448c0,Warm,0,13.44,14,120.0
2026-06-30 21:09:32.382,7733530e-dd9c-4d19-abb3-f1e698178228,Warm,0,16.61,17,119.0
2026-06-30 21:09:32.397,e69ad9e0-69a4-40e0-b39c-4b8bd84eeee1,Warm,0,11.84,12,120.0
2026-06-30 21:09:32.402,842a382b-13ee-4553-b29a-18677cdbd959,Warm,0,13.65,14,120.0
2026-06-30 21:09:32.535,64f10e61-1332-4ca8-a47a-dd5815cfbb3e,Warm,0,12.24,13,120.0
2026-06-30 21:09:32.608,f116c39d-9c33-46b4-8bbe-6674e73e773e,Warm,0,13.93,14,120.0
2026-06-30 21:09:33.144,e6edac1b-007d-48e4-a6d8-a61932e2a794,Warm,0,12.4,13,120.0
2026-06-30 21:09:33.152,f5451e3a-b939-46e1-bbc1-968346f03ea7,Warm,0,13.09,14,120.0
2026-06-30 21:09:33.159,1236a77c-c946-4464-9e2b-ba27b2014617,Warm,0,15.61,16,119.0
2026-06-30 21:09:33.176,21e639c8-46ee-48e1-8b7e-27b267ec6cb2,Warm,0,14.99,15,120.0
2026-06-30 21:09:33.178,768981cb-73c8-4959-a66a-40fe8b521428,Warm,0,15.74,16,120.0
2026-06-30 21:09:34.276,378693ea-3c7d-4b7f-90d4-b15f8d3093e0,Warm,0,15.4,16,120.0
2026-06-30 21:09:34.280,d587c2cf-5a1e-497d-86e2-1f0a56e3aef9,Warm,0,11.56,12,120.0
2026-06-30 21:09:34.282,292b1980-dce2-4379-af22-65709a2edb3c,Warm,0,13.37,14,119.0
2026-06-30 21:09:34.283,768d8136-5a38-4a7b-8006-ac98189044df,Warm,0,12.96,13,119.0
2026-06-30 21:09:34.284,6bf55c97-d454-4a1a-8d23-2680d68edacb,Warm,0,13.27,14,119.0
2026-06-30 21:09:35.081,d0337c75-fe6c-4808-97dd-e4ce84d3298e,Warm,0,15.35,16,119.0
2026-06-30 21:09:35.088,b5627cd6-4639-4419-9401-e46575f635cb,Warm,0,13.64,14,119.0
2026-06-30 21:09:35.089,c1459146-cf8e-4be7-b74f-92a86c302cfe,Warm,0,14.74,15,119.0
2026-06-30 21:09:35.107,63249d82-17ef-4b1c-bfdd-105c779bcc79,Warm,0,13.92,14,119.0
2026-06-30 21:09:35.113,7ea655c2-6267-4afa-95bf-46705978a134,Warm,0,13.67,14,119.0
2026-06-30 21:09:43.558,b87c726b-5a26-43a6-8d2e-552115ae7d3f,Warm,0,41.27,42,119.0
2026-06-30 21:09:43.562,394ad159-dfda-4c1b-8c61-a0a94fa6db66,Warm,0,40.86,41,119.0
2026-06-30 21:09:44.330,7131cd69-9df9-490d-b948-8a1555809e55,Warm,0,13.45,14,119.0
2026-06-30 21:09:44.330,530b7a1c-cc2f-4119-b763-8fb55356ef98,Warm,0,13.9,14,119.0
2026-06-30 21:09:44.419,bf7a1665-63ed-4d4e-8b53-3aa849a0cb15,Warm,0,13.57,14,119.0
2026-06-30 21:09:44.421,45f20598-a0b7-444f-a8e4-174b2c04cec5,Warm,0,12.07,13,119.0
2026-06-30 21:09:44.453,46e7cea9-7242-4ba2-a6b3-97e0199cc9bf,Warm,0,41.24,42,120.0
2026-06-30 21:09:44.462,f3c3069a-ae3e-43fa-9746-bdf9de363aa9,Warm,0,40.05,41,119.0
2026-06-30 21:09:45.016,c7510e13-533e-46b6-82d0-08332af4ac95,Warm,0,12.33,13,119.0
2026-06-30 21:09:45.019,58ecf78d-69ff-46db-a455-06fa29548596,Warm,0,12.43,13,120.0
2026-06-30 21:09:45.026,916f1222-ddda-4748-a57a-4bf5857dce54,Warm,0,12.15,13,119.0
2026-06-30 21:09:45.031,5e19a9e8-7682-45a3-a472-d508d2c450e0,Warm,0,14.59,15,119.0
2026-06-30 21:09:45.036,72a182f2-26e7-4f8c-8f6d-27b3499cdce2,Warm,0,11.35,12,120.0
2026-06-30 21:09:45.038,b8e842d5-a6b6-491b-b63d-d519c7301e6c,Warm,0,12.22,13,119.0
2026-06-30 21:09:45.059,5cff2067-9b61-4838-80af-c0c3682aa23d,Warm,0,41.28,42,120.0
2026-06-30 21:09:45.224,eb6a67fa-8b20-4cca-88cc-884e72252d40,Warm,0,12.95,13,120.0
2026-06-30 21:09:45.225,54a55732-c205-4623-aefb-23468b314572,Warm,0,13.5,14,119.0
2026-06-30 21:09:45.966,dd84d3f8-c42a-43c1-addc-67f064f7690d,Warm,0,12.43,13,119.0
2026-06-30 21:09:45.976,cbca0e48-3484-470d-9b4f-4aa6a88c7f23,Warm,0,12.09,13,120.0
2026-06-30 21:09:45.982,86cb1277-f2ef-448f-a074-c6c821c0791e,Warm,0,12.07,13,120.0
2026-06-30 21:09:45.983,664c38f1-7ff1-4b74-b1d7-b716a0cfc6ee,Warm,0,12.68,13,119.0
2026-06-30 21:09:45.986,fc79df56-5fc7-42af-980e-292c1cf48e8e,Warm,0,13.4,14,119.0
2026-06-30 21:09:46.027,05608904-6fdd-4295-aea1-7f82ec3e3691,Warm,0,13.71,14,119.0
2026-06-30 21:09:46.169,da9366af-63c5-4615-8d36-8f28dc7488d0,Warm,0,14.84,15,119.0
2026-06-30 21:09:46.194,3af18d46-7e5d-4f4c-8b66-5b9c7cb96e0f,Warm,0,13.3,14,119.0
2026-06-30 21:09:46.772,96a8f347-ff1a-4c7c-abe2-fb20e7387c55,Warm,0,12.99,13,119.0
2026-06-30 21:09:46.781,d637a607-97cb-45d2-99a0-39437ecd32cf,Warm,0,14.18,15,119.0
2026-06-30 21:09:46.783,091080d4-15b1-4e01-8157-60a57b02e8bd,Warm,0,12.85,13,120.0
2026-06-30 21:09:46.785,e54e9777-1ff7-4ce6-a442-362aefc18ef9,Warm,0,13.08,14,120.0
2026-06-30 21:09:46.794,9fdb1dc9-f0fe-4101-adbf-cd4be94fb86e,Warm,0,12.61,13,119.0
2026-06-30 21:09:46.795,60abf236-eac3-41a3-a293-8f6fa4f985b9,Warm,0,13.63,14,119.0
2026-06-30 21:09:46.833,7abcb58c-1ea2-479b-a239-78a9a7fe0cef,Warm,0,13.84,14,119.0
2026-06-30 21:09:46.969,15af1cc7-ea86-4c43-a33d-6ec928bc8b3a,Warm,0,13.38,14,119.0
2026-06-30 21:09:46.991,82b774d0-76af-43b4-a0aa-0e9374171bfc,Warm,0,13.11,14,119.0
2026-06-30 21:09:47.046,139f55a3-2e41-4680-9bec-76d40e342176,Warm,0,12.44,13,119.0
2026-06-30 21:09:47.705,f609343a-7015-4441-9eea-ca5d7bdec772,Warm,0,14.13,15,119.0
2026-06-30 21:09:47.707,f3ab7bf7-4c19-4059-a5cd-3a509bf9f9fe,Warm,0,12.61,13,119.0
2026-06-30 21:09:47.711,801d1020-67c9-4a00-ba5f-7c6b16479009,Warm,0,12.75,13,120.0
2026-06-30 21:09:47.903,42bb8d45-608b-466c-9211-c75ee5dc4763,Warm,0,11.28,12,120.0
2026-06-30 21:09:47.911,abf00081-7efe-462a-ab06-37a0d1085cfd,Warm,0,13.58,14,119.0
2026-06-30 21:09:47.917,2e13e685-7e87-404b-b9d5-af3376a95266,Warm,0,14.51,15,119.0
2026-06-30 21:09:47.935,68542ca0-c02f-43e4-bb6c-6c7785131253,Warm,0,13.7,14,119.0
2026-06-30 21:09:47.945,3a2a540f-4d39-4f98-b1be-66a003bf94b3,Warm,0,13.5,14,119.0
2026-06-30 21:09:47.945,613e37ab-4273-418f-b2f9-2c3876359458,Warm,0,12.62,13,120.0
2026-06-30 21:09:48.454,b6e8b852-6148-40a4-8895-7202d35d8f84,Warm,0,13.02,14,119.0
2026-06-30 21:09:48.454,c13021f5-fe47-4607-9021-7c1c17691a45,Warm,0,13.07,14,120.0
2026-06-30 21:09:48.459,ef5cea5f-182c-42e4-ad79-aa91cded7b1f,Warm,0,12.43,13,120.0
2026-06-30 21:09:48.462,f4f291cf-a073-4bb9-add7-59dc85d86653,Warm,0,14.82,15,119.0
2026-06-30 21:09:48.470,65b97e2e-625c-4615-8176-17d109aa6676,Warm,0,13.5,14,119.0
2026-06-30 21:09:48.649,83d2c797-bf38-4c01-b4dd-c1b359f47dd7,Warm,0,12.46,13,119.0
2026-06-30 21:09:49.610,e6873930-8527-4dd3-b131-ddd7a20633e2,Warm,0,15.76,16,119.0
2026-06-30 21:09:49.612,67825920-3fd7-405e-8e49-5ade73a4aae1,Warm,0,22.66,23,119.0
2026-06-30 21:09:49.614,4265273f-9ff1-43c1-bd31-9bdfa234f175,Warm,0,13.35,14,120.0
2026-06-30 21:09:49.615,648f5d30-c909-4a26-80cf-7059cf47f226,Warm,0,11.99,12,120.0
2026-06-30 21:09:49.616,83418868-4211-4102-8a90-fc94ae1b60b3,Warm,0,12.51,13,119.0
2026-06-30 21:09:50.171,4ec12245-4fae-49c2-9436-8c56b81d11ab,Warm,0,12.79,13,119.0
2026-06-30 21:09:50.176,7e49f8e3-3835-486c-885d-1e618f2b0bfe,Warm,0,12.54,13,120.0
2026-06-30 21:09:50.189,99cf776d-d343-45ec-afad-c73d02aade2f,Warm,0,12.21,13,119.0
2026-06-30 21:09:50.196,74458fa0-b2d6-418d-939a-ff4eeac19dca,Warm,0,12.38,13,120.0
2026-06-30 21:09:50.376,d2437b55-4cd1-4b64-be8f-191e0d8a48d6,Warm,0,10.92,11,120.0
2026-06-30 21:09:50.387,b00b37d0-734c-49d6-b8a8-f492f99d4597,Warm,0,14.19,15,119.0
2026-06-30 21:09:51.156,cf9c40ac-64e6-41ff-af52-51c5c5ea7e78,Warm,0,13.06,14,119.0
2026-06-30 21:09:51.158,bab82fd2-617d-4268-a1c0-26ef9103f321,Warm,0,11.44,12,120.0
2026-06-30 21:09:51.162,dff74ea8-f471-4b18-a4a1-75bde03f99f6,Warm,0,12.91,13,120.0
2026-06-30 21:09:51.162,f2e1db89-3f75-4a1f-bf11-b353048e8fa9,Warm,0,12.43,13,119.0
2026-06-30 21:09:51.163,4e963b42-de9b-49fe-9295-5f5d1716db4d,Warm,0,13.58,14,119.0
2026-06-30 21:10:00.705,05131885-fdd1-49c9-a6b2-e39bd171dc33,Warm,0,43.97,44,119.0
2026-06-30 21:10:00.716,90ebe19b-19e6-4f5a-84d1-6210f1a012ca,Warm,0,44.16,45,120.0
2026-06-30 21:10:00.721,18514526-2350-4d37-ac2a-aa9ab668e473,Warm,0,42.23,43,120.0
2026-06-30 21:10:00.723,fb928ba0-010d-4b69-aed0-753b88d6b982,Warm,0,40.8,41,120.0
2026-06-30 21:10:01.202,b5b0374e-4018-4b7b-99fb-15f0b12e14f7,Warm,0,16.47,17,120.0
2026-06-30 21:10:01.203,408fa1c8-00ad-4093-9374-3b9640c30959,Warm,0,13.39,14,120.0
2026-06-30 21:10:01.204,0cbb2a21-ee50-4f2e-9bd4-b94fdf83baf4,Warm,0,14.62,15,120.0
2026-06-30 21:10:01.205,c1ca7c37-7ae7-4aae-891c-c83b73ff04ff,Warm,0,14.21,15,119.0
2026-06-30 21:10:01.413,142147ec-f53f-45f6-bbbe-3d3626b1ab2c,Warm,0,19.06,20,119.0
2026-06-30 21:10:02.163,0800e924-e314-4ed0-b317-0ab0105f1696,Warm,0,11.97,12,119.0
2026-06-30 21:10:02.184,1d0a139a-44c5-4b87-b4d6-f339eee3e171,Warm,0,15.95,16,119.0
2026-06-30 21:10:02.190,705f13ec-a3db-4f91-9f63-97400ffb9199,Warm,0,14.03,15,120.0
2026-06-30 21:10:02.197,96d91b07-739a-4bf7-a0e8-f0facdca1761,Warm,0,13.74,14,120.0
2026-06-30 21:10:02.200,c31d3022-30c1-402f-b7c5-a9cbbbe9d017,Warm,0,14.32,15,120.0
2026-06-30 21:10:02.423,86b4cbf9-e359-4c3a-81bd-a7519de1bb2f,Warm,0,15.29,16,120.0
2026-06-30 21:10:02.925,b05da12b-9289-4bed-8922-9965a2a87b1c,Warm,0,14.06,15,120.0
2026-06-30 21:10:02.926,670dc148-1035-4585-803a-ad643f7df4d3,Warm,0,11.91,12,120.0
2026-06-30 21:10:02.938,4d639f87-f6f9-4773-8cfe-abcbad7201a8,Warm,0,13.61,14,120.0
2026-06-30 21:10:02.941,23f2580c-6487-4a59-8669-170de25f1e47,Warm,0,12.81,13,119.0
2026-06-30 21:10:02.969,0ce7c0c1-5277-483d-9dd1-79cb9f7719af,Warm,0,37.84,38,120.0
2026-06-30 21:10:03.137,4dff63f4-4d46-4437-be03-704ba27227e8,Warm,0,10.88,11,120.0
2026-06-30 21:10:03.139,7518657a-be51-4f72-9838-4d055c93dddb,Warm,0,12.3,13,119.0
2026-06-30 21:10:03.149,c8ba9b08-27b2-4166-baa0-cba3898ab83a,Warm,0,13.13,14,120.0
2026-06-30 21:10:03.152,ff19ab61-77c8-402e-bc79-158f647de07a,Warm,0,12.37,13,120.0
2026-06-30 21:10:03.870,993d6ded-6795-4452-933c-90dea50e85f2,Warm,0,13.84,14,120.0
2026-06-30 21:10:03.876,9a9ba99e-9b80-42b5-995a-04d76f2a867a,Warm,0,14.05,15,120.0
2026-06-30 21:10:03.892,e30fbd78-e5e3-4f94-8033-7f4eda688a49,Warm,0,12.65,13,120.0
2026-06-30 21:10:03.892,f18bf881-cc79-477b-a564-4f48192dbeb9,Warm,0,13.05,14,120.0
2026-06-30 21:10:03.892,eec948c2-0a61-4cb1-aaee-9cc725e6755c,Warm,0,12.84,13,119.0
2026-06-30 21:10:03.931,d2635225-87ac-40a1-bd12-91d4eaebde3d,Warm,0,11.74,12,120.0
2026-06-30 21:10:04.090,16023b3f-72d0-4d25-a48c-855b6246d87b,Warm,0,11.98,12,120.0
2026-06-30 21:10:04.094,9c06d404-3c9d-4926-81b4-38f7e4cdd335,Warm,0,13.39,14,120.0
2026-06-30 21:10:04.096,9b4019a5-f592-4cb2-947e-b159f72cd5aa,Warm,0,14.98,15,119.0
2026-06-30 21:10:04.769,ec577853-d7df-43f1-902d-bd891d5e0387,Warm,0,13.88,14,119.0
2026-06-30 21:10:04.793,4e7ac0bd-ff39-4d30-88f2-4a7bd3f56fbc,Warm,0,11.57,12,120.0
2026-06-30 21:10:04.795,d26fd53e-40ee-4770-ad50-f44d2c7aa3d0,Warm,0,13.7,14,119.0
2026-06-30 21:10:04.796,db910baa-c818-473b-b6cf-3530f394b1b8,Warm,0,13.72,14,120.0
2026-06-30 21:10:04.800,9850f978-8962-4616-896f-15f358a7c1de,Warm,0,12.76,13,120.0
2026-06-30 21:10:04.803,2bbdd2ec-396b-4672-9fae-7d629fae4a4a,Warm,0,14.71,15,120.0
2026-06-30 21:10:04.831,3a1ac924-af9c-4c69-9b5e-27ac1c6e72c7,Warm,0,42.1,43,120.0
2026-06-30 21:10:04.977,f41d5d05-2935-41ea-bfe4-915213e4d9b9,Warm,0,13.36,14,120.0
2026-06-30 21:10:04.990,48c4e21b-4d73-4db3-b958-62808dee50d5,Warm,0,14.31,15,120.0
2026-06-30 21:10:04.997,5032fd03-315e-409a-8957-d5c811b72899,Warm,0,12.64,13,120.0
2026-06-30 21:10:05.483,c51a78a3-c253-4871-a1fa-3da4b837deda,Warm,0,12.44,13,120.0
2026-06-30 21:10:05.501,ea2a0fb8-7668-41d7-9021-b52348cb13a7,Warm,0,13.04,14,120.0
2026-06-30 21:10:05.508,f07baea3-9368-410f-9143-bb1def33649b,Warm,0,14.85,15,120.0
2026-06-30 21:10:05.511,a652624a-18d8-4c0e-8ff7-67f063d3ec4c,Warm,0,12.96,13,120.0
2026-06-30 21:10:05.513,151fd554-a52e-48c1-9f79-9b1e0db2b3a1,Warm,0,13.93,14,120.0
2026-06-30 21:10:05.513,68193513-5fa4-4872-952c-64964bf7217c,Warm,0,12.57,13,119.0
2026-06-30 21:10:05.524,50f2ee7f-2eb2-4784-95c9-987d5da6f365,Warm,0,13.09,14,120.0
2026-06-30 21:10:05.694,76252930-6b7f-4daa-a28d-d6d3e3e3fefc,Warm,0,12.25,13,120.0
2026-06-30 21:10:06.433,ccc7297f-765c-4ab3-80f3-4d9b7939948f,Warm,0,13.46,14,120.0
2026-06-30 21:10:06.437,6b76f6ee-433c-4a7d-ba39-81a841f245c3,Warm,0,13.54,14,120.0
2026-06-30 21:10:06.450,ebdb3811-1666-48e4-a227-3594231e7456,Warm,0,12.93,13,120.0
2026-06-30 21:10:06.450,a06f84c9-95b4-4afc-b37a-ce43997804dc,Warm,0,14.15,15,119.0
2026-06-30 21:10:06.451,92d8a2a6-b6e0-407b-abea-d92cd999918c,Warm,0,13.84,14,120.0
2026-06-30 21:10:06.468,3e8940f2-7eb8-4425-aca6-ae7a50f646b2,Warm,0,12.91,13,119.0
2026-06-30 21:10:06.469,4a1c5d1d-4680-4532-a989-81884fa96198,Warm,0,13.6,14,120.0
2026-06-30 21:10:06.469,ac64ca19-8634-441b-9807-90f720b8e6e8,Warm,0,13.8,14,120.0
2026-06-30 21:10:06.602,deab70b7-0eed-4350-b79b-cb093ce30e69,Warm,0,15.54,16,120.0
2026-06-30 21:10:06.616,3e5aa1a3-9545-4f51-b464-baade8617e56,Warm,0,13.34,14,120.0
2026-06-30 21:10:07.361,b92e0723-befa-43f6-af71-d21ceaca2f69,Warm,0,13.24,14,120.0
2026-06-30 21:10:07.373,fb4344c9-da31-4f7b-a9f2-df21db086de7,Warm,0,15.93,16,120.0
2026-06-30 21:10:07.379,a875e4b4-ec29-44e2-b14c-c3f37adde450,Warm,0,14.49,15,119.0
2026-06-30 21:10:07.434,792d4e23-ad30-4cde-b2df-c31dc40c7c2e,Warm,0,13.5,14,119.0
2026-06-30 21:10:08.207,3eec7057-1911-4121-a841-372ed0e47110,Warm,0,18.75,19,119.0
2026-06-30 21:12:43.567,81bf8130-7be0-4e04-ad73-ad18176e1ffe,Warm,0,73.49,74,119.0
2026-06-30 21:12:44.170,c36c90cc-8494-4713-a5fc-f28a1fbc1004,Warm,0,44.35,45,119.0
2026-06-30 21:12:44.199,f46adf5e-bad0-481b-82cf-d6af01ec0d74,Warm,0,71.78,72,120.0
2026-06-30 21:12:44.210,94ed5582-b76c-4d12-a1ca-4118de682f47,Warm,0,69.95,70,120.0
2026-06-30 21:12:44.234,da38a90e-111b-4c64-942b-3b6f4e3b0ef3,Warm,0,99.52,100,120.0
2026-06-30 21:12:45.166,198b2f40-7a0a-4e53-8993-b9a765b787fd,Warm,0,48.92,49,120.0
2026-06-30 21:12:45.186,e22f6475-90a5-4405-bf66-892b5c3bbcdc,Warm,0,43.09,44,119.0
2026-06-30 21:12:45.187,494b6d83-49f1-4f98-94b8-04dc5a789b54,Warm,0,44.67,45,120.0
2026-06-30 21:12:45.190,e4721f9c-26a1-47f5-bc94-0501d5c145f9,Warm,0,47.19,48,120.0
2026-06-30 21:12:45.699,a490fd1b-b383-4a9f-bd8e-6f9e06c09f49,Warm,0,42.72,43,119.0
2026-06-30 21:12:45.700,41dec51d-db0c-4429-b7f3-f73131fadc0d,Warm,0,43.61,44,120.0
2026-06-30 21:12:45.701,2217c7ae-349e-4a47-bc97-473ec923a723,Warm,0,45.23,46,120.0
2026-06-30 21:12:45.702,754a4eae-5dad-4c8f-b790-308447135037,Warm,0,48.03,49,120.0
2026-06-30 21:12:45.912,32ae048e-b0d0-4c74-ae53-2e70b9e3fc20,Warm,0,46.41,47,120.0
2026-06-30 21:12:46.672,20e8b982-50d2-4790-8bb1-2802f8415736,Warm,0,49.57,50,120.0
2026-06-30 21:12:46.678,53574e87-8e71-494a-8aab-d363b57e82c1,Warm,0,42.28,43,120.0
2026-06-30 21:12:46.691,8e0d1119-e1cb-43f4-bc6b-d7ac035e7c0c,Warm,0,48.06,49,119.0
2026-06-30 21:12:46.694,73ac96b4-0c78-43a1-9da8-acc7acc6b4a3,Warm,0,53.3,54,120.0
2026-06-30 21:12:47.494,e6bae1ed-81a4-4d12-9930-4ebf45069c00,Warm,0,50.8,51,120.0
2026-06-30 21:12:47.694,9b75f745-32c1-4a71-b77c-e762a3a72d3e,Warm,0,46.5,47,119.0
2026-06-30 21:12:47.698,c150fc98-6b14-4c25-97c2-01d54166fcc1,Warm,0,64.6,65,120.0
2026-06-30 21:12:47.768,ee12b62b-1444-452b-a91e-3b3e2b027eae,Warm,0,58.47,59,120.0
2026-06-30 21:12:49.244,d6e9d3fc-047e-494c-b29b-9ce3b1b15bd0,Warm,0,12.2,13,120.0
2026-06-30 21:12:49.259,9ab225ef-85e7-4aa9-947a-95a6810ccd02,Warm,0,12.39,13,119.0
2026-06-30 21:12:49.260,cff8897f-5644-4221-b210-cf0fb512a39c,Warm,0,12.22,13,120.0
2026-06-30 21:12:49.261,88d0678f-dda6-4c0c-b519-0edead7322dd,Warm,0,13.13,14,120.0
2026-06-30 21:12:49.988,4751b91f-b344-43e3-992c-e849b0ddbc22,Warm,0,12.73,13,120.0
2026-06-30 21:12:49.990,b95c0248-1297-4e5a-8f11-6f0074b0f4cf,Warm,0,11.85,12,120.0
2026-06-30 21:12:49.991,3c8aafbb-1493-4718-bc88-66933e635923,Warm,0,12.62,13,119.0
2026-06-30 21:12:49.994,1c2eab96-cbe2-4622-8b2c-58c3e9fa1d04,Warm,0,13.48,14,120.0
2026-06-30 21:12:50.023,d94701e7-5f5f-4cf6-9d63-5d61050b5385,Warm,0,41.87,42,120.0
2026-06-30 21:12:50.033,4d911734-8c47-4305-8173-328b9d64aaf0,Warm,0,43.06,44,120.0
2026-06-30 21:12:50.036,c550a4d8-5573-4e83-a7c2-1aaee99b04dc,Warm,0,46.68,47,120.0
2026-06-30 21:12:50.037,e4c6d515-8c2a-4fc2-a101-5ed5d81f4ebd,Warm,0,46.76,47,119.0
2026-06-30 21:12:50.076,39f46667-cff7-433c-9ace-6bbb8a13cbe7,Warm,0,13.29,14,119.0
2026-06-30 21:12:50.882,864323d6-8fca-47ae-88ad-faaff80724cd,Warm,0,12.41,13,119.0
2026-06-30 21:12:50.889,44eed474-4092-4456-a0a8-543277088f93,Warm,0,12.51,13,120.0
2026-06-30 21:12:50.889,25a6180a-25fb-47b9-a4c2-b44238f612f5,Warm,0,12.57,13,120.0
2026-06-30 21:12:50.890,6115fcb2-9d92-46ff-a036-cce309c3240f,Warm,0,12.38,13,120.0
2026-06-30 21:12:50.890,ec6066be-5765-41cb-8156-726134a6adc2,Warm,0,13.62,14,119.0
2026-06-30 21:12:50.890,a50a270b-8429-4f20-8af8-967299d8e48f,Warm,0,12.8,13,120.0
2026-06-30 21:12:50.892,a8e7985e-d6e7-47b1-a246-c39be434c628,Warm,0,13.71,14,120.0
2026-06-30 21:12:50.894,da7e3212-28fd-4d4d-bb43-30b71d947789,Warm,0,19.02,20,120.0
2026-06-30 21:12:50.918,25622bf5-df55-48b6-a55c-05a6cf73a1bd,Warm,0,39.34,40,120.0
2026-06-30 21:12:50.922,d94510c3-9c5d-4c19-83f3-57a4997adb40,Warm,0,43.11,44,120.0
2026-06-30 21:12:51.075,1989c301-e38a-487d-9d4a-32f67ed18f58,Warm,0,12.96,13,120.0
2026-06-30 21:12:51.094,ab2c6934-aa94-47c4-9a9b-d603ce45d6c0,Warm,0,11.7,12,120.0
2026-06-30 21:12:51.097,778c1fd3-5199-43fe-80b1-73616ec70eb4,Warm,0,13.94,14,120.0
2026-06-30 21:12:51.104,074557de-3837-4560-baea-1ee758703ee9,Warm,0,21.74,22,120.0
2026-06-30 21:12:51.772,8b51b66b-a349-4a29-b7e4-d238f8f01f67,Warm,0,12.91,13,120.0
2026-06-30 21:12:51.780,8d10c3fa-6eaf-4eca-b354-28d2c19a4c17,Warm,0,12.05,13,120.0
2026-06-30 21:12:51.785,79a0c58d-d5b2-4c58-85ea-bb5c5c302de6,Warm,0,12.03,13,120.0
2026-06-30 21:12:51.788,86327421-af99-4e34-9999-4c69e7f073a8,Warm,0,13.92,14,120.0
2026-06-30 21:12:51.790,6143f15b-ffd5-4581-993c-4959472f5d47,Warm,0,14.96,15,120.0
2026-06-30 21:12:51.790,992dda15-d5d2-4e2e-8983-a100eb24c70b,Warm,0,14.02,15,119.0
2026-06-30 21:12:51.856,2df0dfcc-20fc-4b00-8524-59bc7cad3a19,Warm,0,12.02,13,119.0
2026-06-30 21:12:51.857,5eaf794a-59ca-43e1-bf6f-ff5d6c50d7d9,Warm,0,13.27,14,120.0
2026-06-30 21:12:51.860,6a7682be-9ac6-4abb-aced-38050713750d,Warm,0,13.2,14,120.0
2026-06-30 21:12:51.867,c9b565dd-e0de-4862-9345-eec0a775f415,Warm,0,13.62,14,120.0
2026-06-30 21:12:51.869,f9f0b3d5-9d57-40e4-ba13-a6d5b6cef60f,Warm,0,12.27,13,120.0
2026-06-30 21:12:51.875,c547622b-2223-4696-a0ed-62388b79dcd0,Warm,0,12.13,13,120.0
2026-06-30 21:12:51.882,896056e4-6c1f-4255-9c5f-cdb4210c90ae,Warm,0,13.59,14,119.0
2026-06-30 21:12:51.917,816d7f71-77ea-47c5-9cdb-acd7f99b1e34,Warm,0,14.16,15,119.0
2026-06-30 21:12:52.497,a0b9468c-856a-4d22-a875-362763878173,Warm,0,12.29,13,119.0
2026-06-30 21:12:52.500,2f509b86-b971-42fe-8e5e-001dbe57f423,Warm,0,13.2,14,120.0
2026-06-30 21:12:52.500,1c495f83-c707-4b4a-bd10-8e001885d525,Warm,0,12.53,13,120.0
2026-06-30 21:12:52.500,b3fb5cfc-4f49-41ce-ab2c-08dca3c27985,Warm,0,12.78,13,120.0
2026-06-30 21:12:52.500,7a9e8142-e472-4b01-af44-cf1213a6ff24,Warm,0,11.99,12,120.0
2026-06-30 21:12:52.500,caf5f385-0ef9-46ca-90bb-2414dda3c0cc,Warm,0,14.06,15,120.0
2026-06-30 21:12:52.500,5c452b76-a60c-4e9b-9266-343526e4a14e,Warm,0,11.41,12,120.0
2026-06-30 21:12:52.501,7dc1eeb0-ea10-4a47-99a1-cd0d0b0d518e,Warm,0,13.75,14,120.0
2026-06-30 21:12:52.503,c35ea59b-368c-49b1-91df-4bd7ea39faa6,Warm,0,13.08,14,119.0
2026-06-30 21:12:52.507,09b82ec5-88fc-43e0-8e34-6f979e623c0d,Warm,0,15.17,16,120.0
2026-06-30 21:12:52.696,2aa59238-b7b9-461f-ae67-2fb4e3fea7e0,Warm,0,13.39,14,120.0
2026-06-30 21:12:52.699,bf1f5e6b-fb3e-4fb1-8f65-eab9a2ac9d9e,Warm,0,11.62,12,119.0
2026-06-30 21:12:53.482,081ee713-ee36-46d3-9ef9-d91865db012e,Warm,0,14.51,15,120.0
2026-06-30 21:12:53.485,804fe84b-a45a-42b5-82ba-e97e993f0310,Warm,0,12.3,13,120.0
2026-06-30 21:12:53.486,57a8c364-b376-46e3-9ba2-dd61e71ee03e,Warm,0,11.87,12,120.0
2026-06-30 21:12:53.486,075b7109-90a2-4f46-8da8-46d8ab6a0990,Warm,0,11.95,12,120.0
2026-06-30 21:12:53.490,9bd1f6dd-2aba-40a4-9a0d-72903c605c95,Warm,0,28.3,29,119.0
2026-06-30 21:12:53.548,0bd47093-ad1f-4f9b-960c-195206677e5e,Warm,0,12.57,13,119.0
2026-06-30 21:12:54.488,5b34c862-f144-4e1a-87bc-0f5383a412cf,Warm,0,11.98,12,119.0
2026-06-30 21:12:54.497,4954c069-65e1-4bb6-9bb5-f7707a399ae0,Warm,0,13.14,14,120.0
2026-06-30 21:12:55.168,b1b20399-06c1-4689-aa5f-0a756269a869,Warm,0,12.09,13,120.0
2026-06-30 21:12:55.173,b91c5027-eb43-405b-9e2a-9515992ea3da,Warm,0,13.67,14,119.0
2026-06-30 21:12:55.182,9bae34bc-a5ab-4b9b-a2a7-9df99b5d9fc4,Warm,0,14.26,15,120.0
2026-06-30 21:12:55.202,b597c309-fb15-4a1b-a881-f1528b3bc2e4,Warm,0,12.2,13,120.0
2026-06-30 21:12:56.079,234efb0f-d07d-4d11-a421-adf2c3b920d2,Warm,0,12.13,13,120.0
2026-06-30 21:13:03.030,9028005b-521e-4778-af00-ef9d5190181e,Warm,0,48.14,49,120.0
2026-06-30 21:13:03.077,b6dc4f4c-5c99-4d33-92ab-262a4e089fdb,Warm,0,13.04,14,120.0
2026-06-30 21:13:03.705,1be8c98c-ada4-4ce9-83fc-0203c140ab75,Warm,0,19.12,20,120.0
2026-06-30 21:13:03.747,731dcaa0-19f9-4bf1-abfa-b65a96d168d4,Warm,0,39.8,40,119.0
2026-06-30 21:13:03.749,a0b31d3e-7ccc-4e8f-872a-dfe708d20116,Warm,0,13.51,14,120.0
2026-06-30 21:13:03.750,6f35727d-1493-4df5-8f15-cadcc424fae4,Warm,0,41.63,42,120.0
2026-06-30 21:13:03.778,501b5bbf-e984-4bc9-bf0d-c609c3b2294b,Warm,0,40.88,41,120.0
2026-06-30 21:13:03.781,fdd7018c-7d1c-43a2-9d07-6d48ed7c6968,Warm,0,43.39,44,120.0
2026-06-30 21:13:03.782,40c81f61-3243-4871-a63f-29e6f5f981a4,Warm,0,44.51,45,120.0
2026-06-30 21:13:03.787,1d32dbe7-1665-4f28-aa13-752c1ce1745b,Warm,0,44.13,45,120.0
2026-06-30 21:13:04.438,c33b975b-5546-4d42-9756-7f373092b2cb,Warm,0,12.71,13,120.0
2026-06-30 21:13:04.438,cf128445-7738-4131-bc68-f3d135138463,Warm,0,12.79,13,120.0
2026-06-30 21:13:04.439,65434921-3bfa-4c83-818a-bb237ce7fd2d,Warm,0,12.21,13,120.0
2026-06-30 21:13:04.445,a18b6ee8-f9fa-4f0a-acf1-e41b01597588,Warm,0,15.06,16,120.0
2026-06-30 21:13:04.448,65e5b759-f463-46c6-84a9-93031dfbc90c,Warm,0,14.93,15,120.0
2026-06-30 21:13:04.469,41f88032-dcfa-478d-b1f6-f4229750bbdf,Warm,0,12.88,13,120.0
2026-06-30 21:13:04.471,ca5706b8-4f84-4845-bf34-6c7b2a5a298c,Warm,0,14.79,15,120.0
2026-06-30 21:13:04.472,34f5b4fa-18b1-4b10-8f2b-ffa500191fac,Warm,0,13.81,14,120.0
2026-06-30 21:13:04.472,e3454ba1-9ce2-4251-aa75-b344c34c3eb9,Warm,0,15.17,16,120.0
2026-06-30 21:13:04.503,06589d49-bd0f-45e7-aa98-c07d2f9e3cd5,Warm,0,12.64,13,120.0
2026-06-30 21:13:04.636,02face2d-2fef-4a01-be8f-9a99bd8de232,Warm,0,13.23,14,120.0
2026-06-30 21:13:05.430,0d72f473-f52d-44b8-af3a-13ce936efde5,Warm,0,13,14,120.0
2026-06-30 21:13:05.435,8ae5e70c-a943-474c-9c90-1c6162d5a240,Warm,0,18.26,19,120.0
2026-06-30 21:13:05.436,677aee31-7243-4f56-a295-da1e438e785b,Warm,0,13.11,14,120.0
2026-06-30 21:13:05.437,8ac93fb2-3c5c-4739-be5a-2dc62c682da8,Warm,0,13.6,14,120.0
2026-06-30 21:13:05.439,2aa87b10-25b9-435d-98be-43d8e0d4d081,Warm,0,12.44,13,120.0
2026-06-30 21:13:05.439,df95113e-0df3-4459-95c9-96e85f6bf270,Warm,0,12.5,13,120.0
2026-06-30 21:13:05.445,e51e8508-6372-4c0e-95fd-60c7b4ec577d,Warm,0,15.94,16,119.0
2026-06-30 21:13:05.471,898e3302-7154-4ae1-aab0-e5220e0b45cf,Warm,0,42.36,43,120.0
2026-06-30 21:13:05.476,9b874338-55f3-4e67-8e24-5c5bb9150172,Warm,0,45.93,46,120.0
2026-06-30 21:13:05.643,efcdd74b-72fc-4af4-83b6-6d37c820955e,Warm,0,13.06,14,120.0
2026-06-30 21:13:05.645,3df18351-42d8-4178-a263-245a220e34c9,Warm,0,16.93,17,120.0
2026-06-30 21:13:05.647,323b6689-529c-43b8-92fd-10675e85af30,Warm,0,14.09,15,119.0
2026-06-30 21:13:06.112,8dc00fb9-4c02-467a-9053-6da00481bf85,Warm,0,12.91,13,119.0
2026-06-30 21:13:06.127,4ab77d9f-a779-471c-8260-ec1c637cf7c7,Warm,0,14.46,15,120.0
2026-06-30 21:13:06.130,a41a6c32-d1a1-433b-b4c4-b96513f27ba9,Warm,0,13.83,14,120.0
2026-06-30 21:13:06.133,29cc2f26-e99c-4bc5-ae7c-7d5bbf21eb94,Warm,0,14.07,15,120.0
2026-06-30 21:13:06.138,41cb4b37-6f91-4d93-94d9-d706f64cb38d,Warm,0,12.12,13,119.0
2026-06-30 21:13:06.152,4e121dde-b3de-4ff8-a4cb-7b546a67770f,Warm,0,13.62,14,120.0
2026-06-30 21:13:06.214,e299afdc-703e-4386-9789-619f6525ebe6,Warm,0,13.3,14,119.0
2026-06-30 21:13:06.245,6c26f22b-0318-428b-be24-3d620384f6cb,Warm,0,11.73,12,120.0
2026-06-30 21:13:06.245,8107a652-9161-46de-be22-ecc723e77dbd,Warm,0,48.37,49,120.0
2026-06-30 21:13:06.246,9d908161-dc79-49d1-8dd5-f2677270a13e,Warm,0,12.95,13,119.0
2026-06-30 21:13:06.249,51f9696c-9dea-49ae-b647-f1d15446755c,Warm,0,14.89,15,120.0
2026-06-30 21:13:07.124,a6cc437f-571f-47f3-9377-142f724e5b8d,Warm,0,13.31,14,120.0
2026-06-30 21:13:07.138,42115151-a612-4d6a-ae1c-daae3c1a78c9,Warm,0,15.07,16,120.0
2026-06-30 21:13:07.139,3ac8678e-29f8-4f40-aa27-04d297c56e69,Warm,0,12.62,13,120.0
2026-06-30 21:13:07.173,2617bd5f-8b40-4b0d-91b0-e8be7bb704cc,Warm,0,55.57,56,119.0
2026-06-30 21:13:07.315,18be4968-01ef-4f4d-b4c7-3cfd7c70b386,Warm,0,12.03,13,120.0
2026-06-30 21:13:07.316,efb34380-c8dd-47f1-baa1-c2e21425d3da,Warm,0,14.14,15,119.0
2026-06-30 21:13:07.318,c4f71d29-2ecc-442c-9deb-eb0eefbb4765,Warm,0,12.82,13,120.0
2026-06-30 21:13:07.319,a8236bd5-5396-4e0d-ba57-368d875c4fe1,Warm,0,14.3,15,120.0
2026-06-30 21:13:07.322,c97e9f65-b3b0-4c36-9a7d-e9034c86174f,Warm,0,13.35,14,120.0
2026-06-30 21:13:08.014,553cfc95-7759-4548-bc65-75be6b8d1669,Warm,0,12.43,13,120.0
2026-06-30 21:13:08.015,9b438050-4027-4a51-9c39-05b88203e1ce,Warm,0,12.85,13,120.0
2026-06-30 21:13:08.017,03f65132-3be0-4ddc-859d-0d79ae452c98,Warm,0,15.11,16,120.0
2026-06-30 21:13:08.064,13d72405-c978-471b-a1fa-48e6b57a78f3,Warm,0,13.48,14,120.0
2026-06-30 21:13:08.065,235a18dd-97b4-47b8-90af-5534e0e59d97,Warm,0,14.13,15,120.0
2026-06-30 21:13:08.899,b39fb984-0d68-4237-9128-c77f4d6e8e94,Warm,0,13.1,14,120.0
2026-06-30 21:13:08.909,cd7dedbf-128c-4c21-a92a-d929272e6d33,Warm,0,14.4,15,120.0
2026-06-30 21:13:08.910,ea13bb7f-f91c-43d3-878c-da75038ebafd,Warm,0,13.33,14,120.0
2026-06-30 21:13:08.911,f1081713-2a07-4cc4-84f5-95bb9a5291a7,Warm,0,13.38,14,120.0
2026-06-30 21:13:08.912,6a706814-57c6-46de-b150-13038446263d,Warm,0,13.05,14,119.0
2026-06-30 21:13:09.622,8ee5aaec-83a8-4da6-902d-c6ee9cb94ede,Warm,0,13.9,14,119.0
2026-06-30 21:13:09.623,8fce6510-44d0-4314-88d4-29761114b412,Warm,0,12.69,13,120.0
2026-06-30 21:13:09.641,ead13acd-a961-4b29-b019-aec41c79e8c3,Warm,0,16.46,17,120.0
2026-06-30 21:13:17.508,2768305d-ec53-4393-b3a0-353e8327f18a,Warm,0,37,37,120.0
2026-06-30 21:13:17.509,b6fb5362-f321-4497-a040-10c1f25a3cb7,Warm,0,38.5,39,119.0
2026-06-30 21:13:17.510,e03b44d1-6b8a-464f-a2d1-3ecf92e9a642,Warm,0,43.78,44,120.0
2026-06-30 21:13:18.169,d9c0ef59-1113-4af4-8f81-3d59100ce9a5,Warm,0,14.96,15,120.0
2026-06-30 21:13:18.169,a9f651f7-f53a-423e-b1d6-0fee5b42262c,Warm,0,11.69,12,120.0
2026-06-30 21:13:18.170,a3a6bfd8-0eb4-4d02-b7ff-e3e12af92b09,Warm,0,13.21,14,119.0
2026-06-30 21:13:18.186,993d871e-0b1d-4f49-a025-3e3f1833e178,Warm,0,11.59,12,120.0
2026-06-30 21:13:18.189,53869152-8484-4b40-9d15-481ab9b2e214,Warm,0,12.37,13,119.0
2026-06-30 21:13:18.195,b2ed2b89-fad7-4ee2-bad9-925dd3d65c09,Warm,0,13.01,14,120.0
2026-06-30 21:13:18.198,7a95ecf2-3509-4a24-98ab-4083f641a6d6,Warm,0,41.36,42,120.0
2026-06-30 21:13:18.203,3b4adbe7-994e-4585-bb55-ab302aafc88b,Warm,0,42.18,43,120.0
2026-06-30 21:13:18.363,ab2e6124-5ad0-45f6-87bc-fb6893b8ec87,Warm,0,14.2,15,120.0
2026-06-30 21:13:18.367,e9c74f60-24f9-4815-a935-889fe96c37f0,Warm,0,13.53,14,120.0
2026-06-30 21:13:18.954,82c11265-2969-4da0-a51d-2d75bf1db488,Warm,0,16.29,17,120.0
2026-06-30 21:13:18.954,f8fd96f9-5ee7-4858-a174-4aaab8c1c62e,Warm,0,12.44,13,120.0
2026-06-30 21:13:18.960,6c145b24-9e00-4496-b1a6-ad16c96a315e,Warm,0,13.44,14,120.0
2026-06-30 21:13:18.977,629e900c-ab24-45af-9d09-75111095def1,Warm,0,16,16,120.0
2026-06-30 21:13:18.994,a246b546-627c-49da-9810-4b3d1fa3e1b0,Warm,0,14,15,120.0
2026-06-30 21:13:19.120,bfb55018-3715-4607-bfb0-c2b3928eb598,Warm,0,11.85,12,120.0
2026-06-30 21:13:19.126,3c41fdec-c775-4bc7-be59-91c54954bbf9,Warm,0,12.34,13,120.0
2026-06-30 21:13:19.126,f9864c46-23fc-4a53-a238-59090e01616d,Warm,0,13.99,14,120.0
2026-06-30 21:13:19.127,f0a4a77e-1dfc-46a5-b122-f777a54aa523,Warm,0,13.67,14,119.0
2026-06-30 21:13:19.127,147426b8-3a6e-4658-b66d-9d47386ae3d1,Warm,0,13.92,14,120.0
2026-06-30 21:13:19.157,68ba5e97-cd27-4921-8007-3a22cda64d06,Warm,0,41.94,42,120.0
2026-06-30 21:13:19.763,0d41f14d-4b09-420c-89bb-73d9d3b2c936,Warm,0,13.41,14,120.0
2026-06-30 21:13:19.771,9e5ed5be-fc25-4a1a-87e2-2b9f8bacb5e1,Warm,0,12.47,13,120.0
2026-06-30 21:13:19.775,868aad58-d242-4bd9-9b72-b42a3e041adf,Warm,0,11.91,12,120.0
2026-06-30 21:13:19.777,cd0e5bff-c56e-46d0-bbbf-1506f21cde81,Warm,0,15.18,16,120.0
2026-06-30 21:13:19.782,a0eb0104-2309-4c49-8dc4-da2ed1d18536,Warm,0,13.54,14,120.0
2026-06-30 21:13:19.784,17583076-d5db-4431-a7c9-66005f3d487d,Warm,0,14.67,15,120.0
2026-06-30 21:13:19.791,ea4d3477-11cb-4255-8952-a0fddf6fafbb,Warm,0,41.45,42,119.0
2026-06-30 21:13:19.811,d09fbaee-681d-4a71-a0e1-2cd5167ecb64,Warm,0,41.6,42,120.0
2026-06-30 21:13:19.837,d43ef48e-fa77-40c2-be6e-42d9cf02c3f6,Warm,0,13.1,14,120.0
2026-06-30 21:13:19.874,eee3a89d-252d-4606-8816-17c795d3de3f,Warm,0,20.41,21,120.0
2026-06-30 21:13:20.653,ae07c101-475e-4dca-b3a5-25d25b0ce306,Warm,0,12.81,13,120.0
2026-06-30 21:13:20.653,13a44a77-b9f5-4bd9-be54-e133b5d29ec7,Warm,0,12.95,13,119.0
2026-06-30 21:13:20.656,b551eddc-f49e-4860-a1fb-e259917a3abe,Warm,0,13.41,14,120.0
2026-06-30 21:13:20.656,be6b93a6-ab6d-4b27-ad1b-61cee0a27a2b,Warm,0,14.25,15,120.0
2026-06-30 21:13:20.662,45ce345b-ad82-4948-8d11-aaf4a1ab58e2,Warm,0,13.11,14,120.0
2026-06-30 21:13:20.744,733b57b5-a2a2-401a-a69d-0d4b18a87f17,Warm,0,15.22,16,120.0
2026-06-30 21:13:20.759,81140abf-a30c-4183-9178-4314995271fd,Warm,0,14.35,15,120.0
2026-06-30 21:13:20.771,aea437d8-d991-471e-924d-6e77519f0022,Warm,0,13.85,14,120.0
2026-06-30 21:13:20.773,6d71a39f-0690-41ac-a865-766cc7b54244,Warm,0,13.65,14,119.0
2026-06-30 21:13:20.774,8ebf4be5-24b3-4e0b-9dc4-a8b6b39d0ede,Warm,0,13.17,14,120.0
2026-06-30 21:13:20.805,01ba4762-32dd-4d47-b240-360c4df606ce,Warm,0,11.26,12,119.0
2026-06-30 21:13:20.806,2e52f59a-e4c4-4adc-9d15-47b87bf24562,Warm,0,13.42,14,120.0
2026-06-30 21:13:21.550,9b097356-9190-4418-8ac1-d10fb7932315,Warm,0,15.31,16,119.0
2026-06-30 21:13:21.583,0d97ff52-8f42-49c9-8af7-d9358090a462,Warm,0,12.14,13,119.0
2026-06-30 21:13:21.584,e9fb3923-46e5-4a31-97cc-84616fc66f57,Warm,0,13.04,14,120.0
2026-06-30 21:13:21.586,07ef6039-a794-4df7-a23e-64e42fec8dc3,Warm,0,14.65,15,120.0
2026-06-30 21:13:21.589,792e123d-5445-4871-a78f-0304c5ebbde6,Warm,0,13.66,14,120.0
2026-06-30 21:13:21.591,7a1b27a4-b285-4aac-89f5-21221755a9cd,Warm,0,18.48,19,120.0
2026-06-30 21:13:21.595,14a70847-213e-477b-88e9-87b9e09b0b18,Warm,0,11.27,12,120.0
2026-06-30 21:13:21.602,0d212a4e-d6d7-4f08-88ba-e70e94bca11f,Warm,0,13.03,14,119.0
2026-06-30 21:13:21.603,c70047bf-a0d0-4c86-8853-f5dc3aeac10e,Warm,0,13,14,120.0
2026-06-30 21:13:21.603,d830b2b3-c381-49aa-a77c-2f16d5dd0343,Warm,0,14.64,15,120.0
2026-06-30 21:13:21.634,9a19e8ca-e268-4711-80fe-103748b3622f,Warm,0,12.13,13,120.0
2026-06-30 21:13:22.532,2228ce4d-e26d-42ad-815e-986b655a2e6f,Warm,0,11.51,12,119.0
2026-06-30 21:13:22.533,ac74dfbd-51ef-4b69-96b9-45de863a4c22,Warm,0,11.9,12,120.0
2026-06-30 21:13:22.536,1778706d-b81d-432d-a647-04c15157187f,Warm,0,13.78,14,120.0
2026-06-30 21:13:22.537,a452cb78-a78a-4c63-b6ba-c12fdf818492,Warm,0,15.59,16,120.0
2026-06-30 21:13:22.549,dabf40a0-31ec-441d-baf4-af59ce4dc65b,Warm,0,14.62,15,120.0
2026-06-30 21:13:23.249,e43c51b2-291d-4079-b899-2421c483606b,Warm,0,12.62,13,120.0
2026-06-30 21:13:23.261,a99e7572-67be-4830-a111-5e5d2d9fdb4c,Warm,0,12.81,13,120.0
2026-06-30 21:13:23.315,10ba49e5-7bc5-4173-9c21-4c12e61f0cdc,Warm,0,14.85,15,120.0
2026-06-30 21:13:23.456,b7418304-bcb5-4597-aac1-3c57ab76fd21,Warm,0,13.62,14,120.0
2026-06-30 21:13:31.902,798c81c0-4b7e-4586-84d0-78761e865471,Warm,0,41.03,42,120.0
2026-06-30 21:13:32.760,75a1926f-3eb7-46cf-b50c-5019c200acdf,Warm,0,13.07,14,120.0
2026-06-30 21:13:32.794,3a54c926-6069-4b96-8c5f-8c094c7303d8,Warm,0,41.8,42,120.0
2026-06-30 21:13:33.457,45f8e012-9830-42a0-9924-dc738ebc0a92,Warm,0,13.34,14,120.0
2026-06-30 21:13:33.459,1b7c3b1e-1704-4db9-a499-afaf051b2222,Warm,0,12.92,13,120.0
2026-06-30 21:13:33.499,de44a248-a31e-4b72-8ceb-4f0fd76468d7,Warm,0,41.05,42,120.0
2026-06-30 21:13:33.518,1457a4d5-4bb2-4328-91aa-731cc83f2a0c,Warm,0,15.86,16,120.0
2026-06-30 21:13:33.521,a3cac7c8-fddb-4ea4-ab9c-abb5e438582b,Warm,0,12.6,13,120.0
2026-06-30 21:13:33.544,e3a21ee8-954d-4820-b112-c494081b5c31,Warm,0,36.81,37,120.0
2026-06-30 21:13:33.546,40c2c419-52bf-494e-b9d3-7b31c809a1b4,Warm,0,13.75,14,120.0
2026-06-30 21:13:33.546,75b0478f-0448-4f16-a2a4-1f826bd3ee50,Warm,0,39.29,40,119.0
2026-06-30 21:13:33.547,814938f7-8b1f-41d5-aee7-558d916879bc,Warm,0,40.85,41,120.0
2026-06-30 21:13:33.555,cc78114b-6c62-4ec6-9833-d971c832ab67,Warm,0,46.09,47,120.0
2026-06-30 21:13:33.560,b5539f26-d1a8-4966-9c81-58c492a58c19,Warm,0,13.81,14,120.0
2026-06-30 21:13:34.363,54614769-1027-45db-8d6d-8b44deba6c92,Warm,0,11.23,12,120.0
2026-06-30 21:13:34.369,441a212c-46a3-43f2-9fed-3b95fad9c756,Warm,0,11.27,12,120.0
2026-06-30 21:13:34.371,84eb26d2-b995-41db-8e87-9c16856ea374,Warm,0,13.12,14,120.0
2026-06-30 21:13:34.372,c273dd4b-d8e8-4e55-9dcf-7b107b01ac0f,Warm,0,13.37,14,119.0
2026-06-30 21:13:34.372,7c68e061-ddac-4caa-b16c-fa92c05c1c5c,Warm,0,12.8,13,120.0
2026-06-30 21:13:34.381,f7cce4d4-0e5b-44fd-9490-7c8c63cf8343,Warm,0,13.78,14,120.0
2026-06-30 21:13:34.381,8b82a2f7-2864-45f0-a481-7e10bc2ed20d,Warm,0,13.03,14,120.0
2026-06-30 21:13:34.382,25856a59-2faf-4a30-b429-20b351f41e4c,Warm,0,13.89,14,120.0
2026-06-30 21:13:34.408,79d46ff9-b68f-492a-bf00-076d895da1b3,Warm,0,38.43,39,120.0
2026-06-30 21:13:34.411,146c4e92-4a6b-41e3-bc50-a1c140fab6ef,Warm,0,12.7,13,120.0
2026-06-30 21:13:34.467,faef23e3-8da2-4718-8351-e9acb5881e60,Warm,0,12.45,13,120.0
2026-06-30 21:13:34.468,08a61a35-65e4-43ec-8434-0968a6d6219f,Warm,0,12.71,13,120.0
2026-06-30 21:13:34.479,0ee6cf7a-56d8-4e6e-95ef-83da8253d4a8,Warm,0,13.05,14,120.0
2026-06-30 21:13:35.066,e9eb572b-fe93-4080-9e46-8ce4ec7a0886,Warm,0,12.08,13,120.0
2026-06-30 21:13:35.082,894b19da-53fd-41ef-ad63-f4a3b2e98265,Warm,0,13.77,14,120.0
2026-06-30 21:13:35.083,b41d5d8b-d7bd-4b76-9139-1fadad603ae5,Warm,0,12,13,120.0
2026-06-30 21:13:35.087,8a32544e-d54b-4ccc-b3c8-7d4ffc2ac1fd,Warm,0,12.47,13,120.0
2026-06-30 21:13:35.090,1c9c30cb-e6cd-456c-aecf-5038af0d77c8,Warm,0,13.11,14,120.0
2026-06-30 21:13:35.105,af846468-a349-4eb7-957b-69f1a9581109,Warm,0,12.94,13,120.0
2026-06-30 21:13:35.105,04fe9163-b757-4b21-946f-1b1de74a1dc1,Warm,0,12.9,13,120.0
2026-06-30 21:13:35.105,fce6d109-20a8-4031-8229-cd349c5db754,Warm,0,12.49,13,120.0
2026-06-30 21:13:35.107,fc6102a3-a5aa-45c2-a6ae-4e18dcbcf680,Warm,0,13.95,14,119.0
2026-06-30 21:13:35.172,ffa7cb94-d0f2-4278-9485-c7e65f9ce2f5,Warm,0,13.44,14,119.0
2026-06-30 21:13:35.175,32945997-4e3a-4c01-a4be-269b9fec4183,Warm,0,13.31,14,120.0
2026-06-30 21:13:35.176,3030ac7d-312f-4a01-a2cd-9851bab581a3,Warm,0,14.84,15,120.0
2026-06-30 21:13:35.184,839f961e-2513-4430-aca8-008497b01212,Warm,0,12.99,13,120.0
2026-06-30 21:13:35.225,bb72819e-617d-42da-b70f-1990e8127444,Warm,0,13.16,14,120.0
2026-06-30 21:13:35.990,13b09cf9-ae40-4706-8f3c-d400c39eb86d,Warm,0,12.36,13,120.0
2026-06-30 21:13:35.992,4438cec5-1e9f-4219-b677-9aba3ed67ef9,Warm,0,14.62,15,120.0
2026-06-30 21:13:36.005,0ae8c0bd-de7e-4b95-9d07-6afe36c0a576,Warm,0,13.04,14,119.0
2026-06-30 21:13:36.006,1f6be39d-df64-402a-adc1-f3feee8cfe86,Warm,0,15.29,16,120.0
2026-06-30 21:13:36.009,d457f527-8190-49e5-93fd-89dc78b98029,Warm,0,12.76,13,120.0
2026-06-30 21:13:36.022,8cafff19-4669-4c4f-8a4a-3fa62757911e,Warm,0,11.83,12,120.0
2026-06-30 21:13:36.022,6751512b-9846-4247-a584-abcdd0b80088,Warm,0,11.83,12,119.0
2026-06-30 21:13:36.023,e98c15f3-75c1-4abb-ab40-c9ba75b10dba,Warm,0,12.27,13,120.0
2026-06-30 21:13:36.024,8a872dd0-a455-415b-9c2d-e58970931481,Warm,0,13.57,14,120.0
2026-06-30 21:13:36.045,e75ee54f-a3af-41c6-8b4e-79d72b0b9a50,Warm,0,12.98,13,120.0
2026-06-30 21:13:36.071,ee58b7d0-0387-4523-92a7-d9402ccea130,Warm,0,13.15,14,120.0
2026-06-30 21:13:36.076,07cd75a5-9bf4-483d-951d-d107d3de7fa0,Warm,0,12.58,13,120.0
2026-06-30 21:13:36.081,4d5bf057-eb3a-453c-bf5c-81e4b5751926,Warm,0,13.09,14,120.0
2026-06-30 21:13:36.133,bc0eacb7-a2a2-4002-9e5f-7c3773225ac7,Warm,0,11.04,12,120.0
2026-06-30 21:13:36.903,b1227d05-81da-4d06-9d45-7b29f837682d,Warm,0,13.21,14,120.0
2026-06-30 21:13:36.907,86985b5c-9acc-4470-91b7-e9f40042149d,Warm,0,12.69,13,120.0
2026-06-30 21:13:36.910,8d80fea4-ac65-4ebe-bf2d-0f8b1960b286,Warm,0,13.79,14,119.0
2026-06-30 21:13:36.911,507545d7-55f4-48e0-bae1-21dae3a53075,Warm,0,12.62,13,120.0
2026-06-30 21:13:36.915,437c08db-23d3-4226-b17b-b8b0d08478d6,Warm,0,12.44,13,120.0
2026-06-30 21:13:36.915,2fe62d56-31ac-4ff1-b733-0a211bef5480,Warm,0,12.54,13,120.0
2026-06-30 21:13:36.918,1b36b3fe-dde9-4f8d-a927-1af741cfe301,Warm,0,13.26,14,120.0
2026-06-30 21:13:36.919,77627908-bb4c-45a0-a90c-4335c12229e0,Warm,0,14.33,15,120.0
2026-06-30 21:13:36.952,37de351d-3fc9-4c69-b3a8-e8c6f06c5d49,Warm,0,45.33,46,120.0
2026-06-30 21:13:37.965,5cf7e150-c4d4-43f1-a5b8-e3d57cb6288e,Warm,0,12.11,13,120.0
2026-06-30 21:13:38.001,7068fc59-11c9-4802-b127-f1571806fbaa,Warm,0,11.09,12,120.0
2026-06-30 21:13:48.835,fe356959-deff-4601-ba52-744987e19cde,Warm,0,40.91,41,120.0
2026-06-30 21:13:48.837,96bcfe0d-5ef7-43bc-a9ba-1ce95be5ee52,Warm,0,41.5,42,120.0
2026-06-30 21:13:49.809,dfe31c5b-58a3-405a-a949-b3e2b2b86731,Warm,0,14.21,15,120.0
2026-06-30 21:13:49.810,b2d6805b-bb57-4f5d-ad29-d803ba7d98eb,Warm,0,14.47,15,120.0
2026-06-30 21:13:49.832,1684442c-3cad-4c40-8828-616f7db1c214,Warm,0,12.87,13,120.0
2026-06-30 21:13:49.841,96612445-d88d-42b4-be31-9b15058bf9f5,Warm,0,38.61,39,120.0
2026-06-30 21:13:50.553,58cab09c-13b0-42cd-ac09-34ce01abf319,Warm,0,13.93,14,120.0
2026-06-30 21:13:50.565,d28dddd7-62f0-4ae7-8ecd-a7c72074ec18,Warm,0,13.25,14,120.0
2026-06-30 21:13:50.728,3779342c-4c20-4f48-9f17-0af2e506da07,Warm,0,15.16,16,120.0
2026-06-30 21:13:50.759,632aa32e-35ca-4077-a0ce-3e0f6e109926,Warm,0,13.09,14,120.0
2026-06-30 21:13:50.765,d60f999d-f78f-4462-80a0-ea31cd1de843,Warm,0,14.33,15,120.0
2026-06-30 21:13:51.437,587fbf32-0f9e-47f8-8275-6ca5e82be044,Warm,0,13.31,14,120.0
2026-06-30 21:13:51.439,7dd77cae-1c90-41be-aab3-7f47aa66f128,Warm,0,13.9,14,120.0
2026-06-30 21:13:51.443,96ab9171-fb1c-4920-a3f8-b42d62328546,Warm,0,13.84,14,120.0
2026-06-30 21:13:51.475,8d3f115a-3204-46fa-a4a0-1606f95db13f,Warm,0,41.21,42,120.0
2026-06-30 21:13:51.635,593ff9e6-7e73-4674-a0b0-8b4620e2806a,Warm,0,14.19,15,120.0
2026-06-30 21:13:51.651,76a9b8ff-c0cf-451d-8c74-c5241f0df70e,Warm,0,13.3,14,120.0
2026-06-30 21:13:51.651,c02af26e-9c4d-4d16-b068-29ec74e9fd0c,Warm,0,13.36,14,120.0
2026-06-30 21:13:51.652,0a61b18d-acbd-459b-a9fa-73613a597df9,Warm,0,13.71,14,120.0
2026-06-30 21:13:51.711,5cbc2d4c-2c20-4215-b93b-481d243d3866,Warm,0,13.72,14,120.0
2026-06-30 21:13:52.293,f7b0f492-34d7-498a-90c0-0f0afbc5c0ab,Warm,0,12.31,13,120.0
2026-06-30 21:13:52.300,7505b53a-fce7-479c-b818-214583822640,Warm,0,14.36,15,120.0
2026-06-30 21:13:52.300,411b9117-65d8-4320-8edf-dd8a0d7be7df,Warm,0,13.44,14,120.0
2026-06-30 21:13:52.300,b6e06563-07b4-48dd-aa61-1551c48a276c,Warm,0,13.92,14,120.0
2026-06-30 21:13:52.317,bec8c572-cfc9-4bfd-87b6-eec3eac7f971,Warm,0,18.69,19,120.0
2026-06-30 21:13:52.336,eff29ed7-1b78-48a2-997e-cfe4648ab06d,Warm,0,40.33,41,120.0
2026-06-30 21:13:52.337,29c13f6a-7ab1-466a-b5e3-456424acd5c0,Warm,0,42.14,43,120.0
2026-06-30 21:13:52.339,37ebcf6e-4469-4232-bfc9-ec26097654bb,Warm,0,41.42,42,119.0
2026-06-30 21:13:53.220,4545d4ae-152f-475e-aa2e-dc7ed4292c2a,Warm,0,13.56,14,119.0
2026-06-30 21:13:53.222,6d0bb674-1394-4a74-b9f8-ee5cb2af84ab,Warm,0,14.88,15,120.0
2026-06-30 21:13:53.231,45b83d4b-1bad-4dff-8fb0-0aedbbb311fd,Warm,0,12.14,13,120.0
2026-06-30 21:13:53.232,5cedcf85-1cf6-4eeb-be44-dfff4b9cc8ce,Warm,0,12.71,13,120.0
2026-06-30 21:13:53.233,e5ecff3b-fe76-4d65-95a0-63eabc7f0aa9,Warm,0,13.27,14,120.0
2026-06-30 21:13:53.235,bbfc7a83-8994-4d41-b109-8b5812e097ab,Warm,0,14.12,15,120.0
2026-06-30 21:13:53.236,7b1956fa-b005-4930-90bc-bd5d943d97b0,Warm,0,14.41,15,120.0
2026-06-30 21:13:53.271,31202cac-856a-46fc-893b-f5284de0329c,Warm,0,49.3,50,120.0
2026-06-30 21:13:53.821,06db4d75-d5bf-4a1f-8b42-871853567e16,Warm,0,15.23,16,120.0
2026-06-30 21:13:53.939,7d51ae90-3f4e-4ac1-91e0-89e47fe21a4e,Warm,0,12.95,13,120.0
2026-06-30 21:13:53.939,a1b25c71-00b2-4f89-978b-963de5740bdc,Warm,0,13.02,14,120.0
2026-06-30 21:13:53.940,85bf304a-4899-419b-9757-c8dd873b89fc,Warm,0,12.24,13,120.0
2026-06-30 21:13:53.941,51e04eb3-d2c0-4992-bdc7-4a0a7d4f093f,Warm,0,14.63,15,120.0
2026-06-30 21:13:53.941,78ee04b9-f235-4089-96c7-e594915e8b50,Warm,0,13.38,14,120.0
2026-06-30 21:13:54.749,468dbc29-489c-4c80-bd8d-09ca82460f37,Warm,0,13.6,14,120.0
2026-06-30 21:13:54.754,ac1307f3-bb8b-4394-8a48-4d41d57daa6a,Warm,0,12.88,13,120.0
2026-06-30 21:13:54.756,37d3bf9c-8637-4d21-b4b4-f8b9f61284c9,Warm,0,13.22,14,120.0
2026-06-30 21:13:54.757,74d890db-a0d2-4cf6-a162-8f2691884ab9,Warm,0,13.6,14,120.0
2026-06-30 21:13:54.758,e06086bd-cbde-4989-b832-7889dc69c35c,Warm,0,11.56,12,120.0
2026-06-30 21:13:54.760,95ef039a-804f-4ad7-b1d2-68714206d17b,Warm,0,12.05,13,120.0
2026-06-30 21:13:54.760,28b4696c-5e59-41d4-a470-be6db82755ef,Warm,0,13.53,14,120.0
2026-06-30 21:13:54.763,84193c14-e8f1-436d-a4b6-cc0b6a6543c5,Warm,0,12.76,13,119.0
2026-06-30 21:13:54.820,a1de0cf9-f598-41d2-8fa9-c370aada3693,Warm,0,13.71,14,119.0
2026-06-30 21:13:55.709,9526106b-57c7-4dcb-a97a-1ddfa57cab1c,Warm,0,12.69,13,119.0
2026-06-30 21:13:55.728,e59c71c8-bd02-4e1c-aaff-2ec221b045bb,Warm,0,12.83,13,120.0
2026-06-30 21:13:55.728,3b05d648-064d-45b7-8de0-26b1948fac86,Warm,0,14.66,15,120.0
2026-06-30 21:13:55.729,e51f7b4e-da1e-4aec-b108-a9fc6b06d52e,Warm,0,14.52,15,119.0
2026-06-30 21:13:55.731,6f7bc279-0128-40f6-8949-2b069008bad0,Warm,0,15.01,16,120.0
2026-06-30 21:13:55.732,bd4053d2-2623-4347-8a84-9c5e6200b7bc,Warm,0,13.64,14,120.0
2026-06-30 21:13:55.749,31426dd6-c893-496c-acdb-10277fc8c8c8,Warm,0,34.87,35,120.0
2026-06-30 21:13:56.623,1a2858ea-a444-4fb1-9ee6-bf58e82a7636,Warm,0,13.38,14,120.0
2026-06-30 21:13:56.624,df4a26b8-a2d7-4644-9399-ebc6c1fc7242,Warm,0,14.19,15,120.0
2026-06-30 21:13:56.630,c4f9a0d3-0d77-491c-bf9d-b27053f69875,Warm,0,13.61,14,120.0
2026-06-30 21:13:56.631,276c8bc4-0a54-4a9f-bfdb-2e97c6f0708d,Warm,0,12.54,13,119.0
2026-06-30 21:13:57.312,8f249898-46fc-4d64-90cc-f7981e1f5a4b,Warm,0,13.45,14,119.0
2026-06-30 21:13:57.323,411c1b7e-d0d7-48fa-b150-c76c14d3b58e,Warm,0,17.03,18,120.0
2026-06-30 21:13:57.329,d3282908-d7f7-47df-ab54-b3ac2c9b6aac,Warm,0,14.55,15,120.0
2026-06-30 21:13:57.329,f75582cc-7518-462b-94d6-9d8238a777cc,Warm,0,14.86,15,120.0
2026-06-30 21:14:30.022,396aa3dc-8696-4a9a-a326-6a282117ae1b,Warm,0,74.59,75,120.0
2026-06-30 21:14:30.729,60ee1b3c-79bf-4807-9bc2-6a3eadd15fd2,Warm,0,43.81,44,120.0
2026-06-30 21:14:30.766,be1a7a5b-36c3-4fd1-bdef-6120ade535c5,Warm,0,71.32,72,120.0
2026-06-30 21:14:30.776,3ef3c33f-88e9-4840-98bd-9b0c7a1a8680,Warm,0,79.53,80,120.0
2026-06-30 21:14:31.459,cb4b977b-0dac-41be-a8f2-c9e715079759,Warm,0,42.32,43,120.0
2026-06-30 21:14:31.460,79bc3aba-d094-4d19-b992-dbeef8cb8029,Warm,0,46.57,47,120.0
2026-06-30 21:14:31.486,bb2b8c1d-5083-4b78-98cc-797c6222dc32,Warm,0,41.71,42,120.0
2026-06-30 21:14:31.532,98a89dfe-b28e-4330-ba1c-b9dac9e86d8f,Warm,0,44.24,45,120.0
2026-06-30 21:14:32.350,c18af689-6498-4705-b6dd-ba478bca06c7,Warm,0,46.04,47,120.0
2026-06-30 21:14:32.357,a950c366-889a-438e-b910-4ea70d3d14ec,Warm,0,44.3,45,120.0
2026-06-30 21:14:32.413,5d230370-9d0a-4f7c-92a0-0d9339cff11e,Warm,0,44.46,45,120.0
2026-06-30 21:14:33.326,2824c644-d85d-4d52-a8a2-9e361ac69cd9,Warm,0,44.7,45,120.0
2026-06-30 21:14:33.345,b3cdc5a7-3491-4974-bfe4-523fef3a3183,Warm,0,53.84,54,120.0
2026-06-30 21:14:33.360,95cb1a54-f69c-42d2-a076-d46cc67797ff,Warm,0,38.46,39,120.0
2026-06-30 21:14:34.224,20caec33-77cd-420d-816a-e618cb604a73,Warm,0,42.78,43,120.0
2026-06-30 21:14:34.234,32471f53-7880-462b-9b79-63b1dcda5708,Warm,0,50.73,51,120.0
2026-06-30 21:14:34.257,1d29fbc3-f1d2-4b1a-b539-4ba686146351,Warm,0,43.41,44,120.0
2026-06-30 21:14:34.752,4ee92a73-2f7d-4219-81c8-846bd95aac57,Warm,0,45.8,46,120.0
2026-06-30 21:14:34.836,718787e9-80cc-45c7-a5c3-214474f8303c,Warm,0,44.67,45,120.0
2026-06-30 21:14:34.841,9f07db53-5a49-4485-8b2e-1f57112830be,Warm,0,47.29,48,120.0
2026-06-30 21:14:34.850,c3022801-28a6-40c1-98ff-9e6e38b06c4e,Warm,0,40.25,41,120.0
2026-06-30 21:14:35.749,08b4ceac-6427-471b-bf15-73f58d693822,Warm,0,45.36,46,120.0
2026-06-30 21:14:38.226,58a60c5a-497b-4e57-bd12-e2acc29626fb,Warm,0,12.95,13,120.0
2026-06-30 21:14:38.229,113a673c-b314-49d7-ac5d-a530a3f4fd5a,Warm,0,14.39,15,120.0
2026-06-30 21:14:38.238,0025c3bc-eb7c-4826-8043-21595ee84154,Warm,0,13.19,14,120.0
2026-06-30 21:14:38.251,0cfd3786-62b9-4d6d-b364-d264f24aab0f,Warm,0,12.2,13,120.0
2026-06-30 21:14:38.253,c4c53988-ba83-4262-9bba-30af23212f90,Warm,0,15.06,16,120.0
2026-06-30 21:14:38.272,ec43902f-e99a-41e2-81d0-f7096faa8e43,Warm,0,46.32,47,119.0
2026-06-30 21:14:39.034,b0f7ad43-b45a-4c31-bef8-11dca198d220,Warm,0,12.09,13,119.0
2026-06-30 21:14:39.036,4bb16563-1214-460b-9011-0b6bf8a27bd2,Warm,0,11.92,12,120.0
2026-06-30 21:14:39.037,ed3b603d-0e5f-49df-964f-422746fac52f,Warm,0,13.78,14,120.0
2026-06-30 21:14:39.040,cf4b3526-4d29-4c6c-8e9c-bf7de97df866,Warm,0,12.66,13,120.0
2026-06-30 21:14:39.068,b23a5b06-8674-4385-bbc8-bc2c783e3daa,Warm,0,12.96,13,120.0
2026-06-30 21:14:39.070,863353d9-2800-44f2-81c1-11b88f76cfa6,Warm,0,13.7,14,120.0
2026-06-30 21:14:39.072,89ef474a-dc36-4cc2-9511-8670c9cfe74e,Warm,0,13.41,14,120.0
2026-06-30 21:14:39.073,b74d82df-2349-46af-86a5-386fa2550363,Warm,0,40.22,41,120.0
2026-06-30 21:14:39.897,e7831221-a257-4d7f-99f5-09e887b9f7fc,Warm,0,12.95,13,120.0
2026-06-30 21:14:39.926,ff68a655-8d15-4306-841c-71a5b6e49da5,Warm,0,13.29,14,120.0
2026-06-30 21:14:40.022,2bd98887-ca78-40cd-a4dd-2005c91b923c,Warm,0,12.7,13,120.0
2026-06-30 21:14:40.031,5027312b-5d47-4f0d-a461-56a18aa9e8d7,Warm,0,12.16,13,120.0
2026-06-30 21:14:40.034,4056fc3e-cc98-44e7-b984-ad9155444b6a,Warm,0,15.28,16,120.0
2026-06-30 21:14:40.039,e65f9617-028a-4f45-81ac-af647a11f7a1,Warm,0,13.38,14,120.0
2026-06-30 21:14:40.040,251fe81c-08da-4d2c-8575-b6fa7104ed65,Warm,0,14.56,15,119.0
2026-06-30 21:14:40.064,9ae9600a-82c9-40a7-adb6-8def0a4658c2,Warm,0,36.99,37,120.0
2026-06-30 21:14:40.919,e4d7a9a6-b361-4313-b990-ad0730c76279,Warm,0,12.04,13,120.0
2026-06-30 21:14:40.919,0bcec320-8c08-4856-8c72-5143d1f37a9a,Warm,0,12.3,13,120.0
2026-06-30 21:14:40.920,47346723-9c9e-4d48-b8b2-127ad9214dd1,Warm,0,13.61,14,119.0
2026-06-30 21:14:40.925,8bd86b72-c5b7-4e63-95f8-effcef549182,Warm,0,12.1,13,120.0
2026-06-30 21:14:40.927,a54de72f-bda0-4a10-8975-89f5776ac46d,Warm,0,19.3,20,120.0
2026-06-30 21:14:40.932,f89bf11b-862b-4871-ad37-5ce121e5e7c4,Warm,0,15.25,16,120.0
2026-06-30 21:14:40.938,7b0ab2af-b737-4c02-b697-b36b7151d43a,Warm,0,11.81,12,120.0
2026-06-30 21:14:40.939,cb9d984e-c935-4f29-8632-9e9ddc3bac72,Warm,0,13.76,14,119.0
2026-06-30 21:14:41.579,1a3e87e2-1eef-4dbc-b503-629fe6c41ad0,Warm,0,13.83,14,119.0
2026-06-30 21:14:41.580,8d42566c-ce6f-4468-bf67-3bb7949831e0,Warm,0,11.92,12,120.0
2026-06-30 21:14:41.581,b8e10a9c-5205-4b0e-b074-3ae4b2ad25ee,Warm,0,12.71,13,120.0
2026-06-30 21:14:41.585,00c89e1f-0878-42b3-8643-2f5edb6fcf06,Warm,0,13.92,14,120.0
2026-06-30 21:14:41.610,025118b6-5e37-48b0-9e1e-b6d93f248e7b,Warm,0,14.59,15,120.0
2026-06-30 21:14:41.619,c95a8627-da42-42f2-928d-f357bd62836b,Warm,0,12.55,13,120.0
2026-06-30 21:14:42.440,3b4a14fa-c589-4c44-9131-e479dbe266b2,Warm,0,13.25,14,120.0
2026-06-30 21:14:42.456,0c63f538-b05d-44c6-9ebe-20c71bb5bf05,Warm,0,13.46,14,120.0
2026-06-30 21:14:42.457,66374781-f4bd-416f-bf29-eb537b90583f,Warm,0,13.28,14,120.0
2026-06-30 21:14:42.458,7ce1617e-1aee-4ab5-a1da-a595621602a5,Warm,0,12.74,13,120.0
2026-06-30 21:14:42.458,b5f58a02-fc61-454d-8f8a-0c8e1216ad8f,Warm,0,13.24,14,120.0
2026-06-30 21:14:42.458,116fac2b-5b47-4620-92d8-87bffd391116,Warm,0,13.93,14,119.0
2026-06-30 21:14:43.405,d675c84a-4b7e-49b9-b423-e06a74241d16,Warm,0,14.03,15,119.0
2026-06-30 21:14:43.411,6a5c288a-adde-4289-8c24-6ee7ed7a4e64,Warm,0,14.37,15,120.0
2026-06-30 21:14:43.415,7e42dc32-41cb-4f4a-8237-a05daaac126e,Warm,0,11.94,12,120.0
2026-06-30 21:14:43.418,cd7a5f5d-fb58-4772-a96c-047aec533e8d,Warm,0,12.49,13,120.0
2026-06-30 21:14:43.420,24dd0d46-a21e-413b-a255-6b5bbf27c289,Warm,0,14.69,15,120.0
2026-06-30 21:14:43.446,cb6cd2e6-0953-47f2-b1dc-a8c4e6c2376d,Warm,0,41.99,42,120.0
2026-06-30 21:14:43.448,00dc0447-7701-4771-92ba-d761d504beda,Warm,0,41.7,42,120.0
2026-06-30 21:14:44.346,c5e3968b-d54a-4719-8854-d1fb8033e771,Warm,0,14.39,15,120.0
2026-06-30 21:14:44.361,151695ed-55e2-4d94-ad74-7962ef493e8c,Warm,0,12.12,13,120.0
2026-06-30 21:14:44.364,b2a8f968-1ec9-4b8b-b908-fd806d7fa343,Warm,0,14.34,15,120.0
2026-06-30 21:14:44.378,4845324f-c418-4324-8d23-5565c9198983,Warm,0,12.74,13,120.0
2026-06-30 21:14:44.379,6546cdea-95f3-49c8-8dce-26387a323e39,Warm,0,12.38,13,120.0
2026-06-30 21:14:44.384,c4e6a510-325d-4238-9775-8c506fba650e,Warm,0,14.03,15,120.0
2026-06-30 21:14:44.386,b1a55f26-c8c5-438d-9fc3-f8adc3533eec,Warm,0,32.62,33,120.0
2026-06-30 21:14:44.387,c19b5f04-d350-4a29-a2ff-870f4b70a163,Warm,0,17.05,18,120.0
2026-06-30 21:14:44.939,0bb15014-d1fe-488c-9964-5d00d2b1aa45,Warm,0,14.57,15,120.0
2026-06-30 21:14:44.948,6e858a7d-6c7e-4f80-9aec-06968a6b08a5,Warm,0,12.96,13,120.0
2026-06-30 21:14:44.950,34d7cae3-6289-46f2-bf8b-391699f385f6,Warm,0,13.19,14,120.0
2026-06-30 21:14:44.951,d7e73789-9221-4ee2-8572-fed868ffe91d,Warm,0,13.04,14,120.0
2026-06-30 21:14:44.953,a9949759-17ad-4c5a-8ec3-f37133a63d40,Warm,0,13.85,14,120.0
2026-06-30 21:14:46.021,f2056069-3b30-4780-b89b-9c29e9df3f5e,Warm,0,14.38,15,120.0
2026-06-30 21:14:46.035,3d01cbe3-03e7-494b-a25b-7dd944617f40,Warm,0,10.95,11,120.0
2026-06-30 21:14:46.038,a5b7f42c-8764-4318-b9d8-b37a84554e3f,Warm,0,12.67,13,120.0
2026-06-30 21:14:46.762,5303b0e9-f9da-4073-890e-79d6611ccedb,Warm,0,13.11,14,120.0
2026-06-30 21:14:53.834,c22c787e-5a4d-481c-890a-7abc7d88a990,Warm,0,40.63,41,120.0
2026-06-30 21:14:54.475,01d0bfe6-e02d-4561-975b-f5ac795423e8,Warm,0,13.95,14,120.0
2026-06-30 21:14:54.495,d93e0949-837f-4042-ab3b-4e1d0902e306,Warm,0,13.32,14,120.0
2026-06-30 21:14:54.523,73921b1f-2d1b-4600-8351-dd60bf4fa161,Warm,0,39.57,40,120.0
2026-06-30 21:14:54.677,a4f7a084-b5b6-4975-9650-05944a352a6d,Warm,0,12.78,13,120.0
2026-06-30 21:14:54.677,3f0a41c7-96a9-4c0f-8503-6091bd28aa18,Warm,0,12.22,13,120.0
2026-06-30 21:14:55.341,166a7e53-e699-4110-9017-57987e2b20ba,Warm,0,12.98,13,120.0
2026-06-30 21:14:55.349,f8f96a69-9934-4353-bf23-f91e3ece18d6,Warm,0,15.14,16,120.0
2026-06-30 21:14:55.360,f5199096-3aad-468d-967e-84b32067dd93,Warm,0,12.46,13,120.0
2026-06-30 21:14:55.388,e76cf14a-cc38-46fb-a72f-148e2d2ea436,Warm,0,48.34,49,120.0
2026-06-30 21:14:55.391,8d33a07f-4453-4ce3-8327-21c491bd695e,Warm,0,42.07,43,120.0
2026-06-30 21:14:55.393,e3f7a8ae-6c67-46fb-8b5f-5383437a176d,Warm,0,39.35,40,120.0
2026-06-30 21:14:56.277,f53d7aa9-c76f-41e6-bdb5-ef12e0a13ecb,Warm,0,12.86,13,120.0
2026-06-30 21:14:56.279,9c7637fc-5fbb-4de4-bfbc-5b282671d922,Warm,0,14.48,15,120.0
2026-06-30 21:14:56.285,84520a34-5f91-423a-846f-d126ce57e284,Warm,0,13.83,14,120.0
2026-06-30 21:14:56.291,d64aa7b4-56d1-43e8-826e-1d34ad86a038,Warm,0,12.91,13,120.0
2026-06-30 21:14:56.292,1283a60f-8f3b-45df-a5f4-02fa5dea2395,Warm,0,14.14,15,120.0
2026-06-30 21:14:56.295,f94ffed5-af7b-451a-919d-c528ab489bbe,Warm,0,11.26,12,120.0
2026-06-30 21:14:56.351,d125b3ec-0ae1-4f36-8090-a0ae0105ba0f,Warm,0,70.87,71,120.0
2026-06-30 21:14:56.942,243636c3-e662-4b9b-954f-a850156db0fc,Warm,0,12.18,13,120.0
2026-06-30 21:14:56.946,10d4aa83-b35a-4a8c-b75d-b6573cd23a0e,Warm,0,13.25,14,120.0
2026-06-30 21:14:56.948,2689dba2-1740-4353-bcf6-4645db206ae2,Warm,0,14.11,15,120.0
2026-06-30 21:14:56.948,1c3d06fd-33b9-4f2a-8a90-d7983f87469b,Warm,0,14.38,15,120.0
2026-06-30 21:14:56.949,a162230f-079e-41ed-913d-c8c729c535d8,Warm,0,18.2,19,120.0
2026-06-30 21:14:56.953,ca986d2e-a45e-496c-8e37-e626b56f2226,Warm,0,17.71,18,120.0
2026-06-30 21:14:56.976,c919cb89-6f06-45db-872e-df17652188ee,Warm,0,40.81,41,119.0
2026-06-30 21:14:57.779,67eeda02-4038-46b4-a6ca-ff64efe911be,Warm,0,12.65,13,119.0
2026-06-30 21:14:57.785,799d8025-7805-43c2-b090-683bb0b15168,Warm,0,19.43,20,120.0
2026-06-30 21:14:57.788,7d5dc9c9-1b89-49cf-aef7-de30980faefc,Warm,0,12.02,13,120.0
2026-06-30 21:14:57.859,1518de2a-7210-453e-91e9-8081a7d55f49,Warm,0,12.42,13,120.0
2026-06-30 21:14:57.869,64f8ae7c-003c-4360-b0c0-d812268c1b63,Warm,0,11.93,12,120.0
2026-06-30 21:14:57.872,49f0db0b-74d5-4454-900d-d979834753e3,Warm,0,13.36,14,119.0
2026-06-30 21:14:58.783,62bd92f0-5c0b-4754-9e52-c78ee1fa7f73,Warm,0,15.5,16,119.0
2026-06-30 21:14:58.809,1b2f9d62-53a9-46a8-9d99-95f4295bc6ac,Warm,0,13.8,14,119.0
2026-06-30 21:14:58.812,6b30d1fb-a2cc-4d31-b678-812ef7ec969e,Warm,0,12.69,13,120.0
2026-06-30 21:14:58.813,f693ef26-16ff-476f-8600-555316c9fbc1,Warm,0,12.99,13,120.0
2026-06-30 21:14:58.814,3dad8b46-fe77-44a4-9afe-38b0a685639f,Warm,0,13.79,14,120.0
2026-06-30 21:14:58.823,0cad1af5-9c56-4a43-9472-3db75c25177f,Warm,0,13.15,14,120.0
2026-06-30 21:14:58.823,ffb93c2d-1367-4227-a0ab-16ae43ee8660,Warm,0,12.43,13,120.0
2026-06-30 21:14:59.577,8ea925e1-ef4f-407b-bd89-2454e6d6bf54,Warm,0,12.07,13,120.0
2026-06-30 21:14:59.585,14c07c9d-1829-4e8e-8459-f5fac4151fef,Warm,0,12.16,13,120.0
2026-06-30 21:14:59.595,c51958d6-4acd-42a5-8824-8189344948d9,Warm,0,17.02,18,120.0
2026-06-30 21:14:59.619,cccfc5b0-0b18-4132-8886-5c4b838129d0,Warm,0,11.8,12,120.0
2026-06-30 21:14:59.620,951af6a9-0163-48e9-af5b-66769c683c71,Warm,0,12.68,13,120.0
2026-06-30 21:14:59.622,957e3fd3-9249-42d7-8961-44ae944e731b,Warm,0,15.01,16,120.0
2026-06-30 21:14:59.785,a43c74a3-59b6-4f1a-b397-50b5d994f6db,Warm,0,12.33,13,120.0
2026-06-30 21:14:59.792,fa540f16-a0f3-4536-a6e3-364f21390efc,Warm,0,21.11,22,120.0
2026-06-30 21:15:00.284,aab34a18-69b1-4273-bf52-ca78e9c2c19b,Warm,0,14.25,15,120.0
2026-06-30 21:15:00.286,cce4134a-3a98-437a-a373-3afa1425d3a4,Warm,0,12.45,13,120.0
2026-06-30 21:15:00.289,62a77bc3-d02b-45b0-88d5-3680461824f0,Warm,0,16.59,17,120.0
2026-06-30 21:15:00.290,0bdda6fe-d559-4a5b-8f1b-52b349e0b349,Warm,0,14.93,15,120.0
2026-06-30 21:15:00.304,e35e78a7-85d4-441b-a0c2-cbe353009217,Warm,0,14.11,15,120.0
2026-06-30 21:15:00.304,ec6133b0-3e63-42c1-b139-225beb75e508,Warm,0,12.31,13,119.0
2026-06-30 21:15:00.304,05a9d257-2d7f-4024-8af2-f8b1f1f93f71,Warm,0,13.22,14,120.0
2026-06-30 21:15:00.314,3603c3bb-ef48-4f50-9fef-bab16d378aa7,Warm,0,22.28,23,120.0
2026-06-30 21:15:00.487,25390967-a63e-41e3-92bd-8459cc0a2539,Warm,0,12.52,13,120.0
2026-06-30 21:15:01.175,718655e9-731e-4e8a-8e35-4780237336b4,Warm,0,11.53,12,120.0
2026-06-30 21:15:01.400,8a86d27f-ffdf-4d75-b408-d369cd179f96,Warm,0,12.24,13,120.0
2026-06-30 21:15:01.402,bd7c538a-59f4-424f-bb3c-c40f48a8ae3b,Warm,0,13.37,14,120.0
2026-06-30 21:15:01.402,de42916b-2085-416e-9584-5c0625aa20a1,Warm,0,13.59,14,120.0
2026-06-30 21:15:01.405,67d50d9c-f1f2-4c50-9543-416ecaf919be,Warm,0,16.77,17,120.0
2026-06-30 21:15:01.411,51330cf1-49a4-4aa3-96c8-271a3e72aa0d,Warm,0,22.16,23,119.0
2026-06-30 21:15:01.419,72c969aa-4a84-45b7-82c1-3cf68eb14f35,Warm,0,26.34,27,120.0
2026-06-30 21:15:02.092,8d3066a9-68cf-49b8-99aa-39fb6c064cb4,Warm,0,12.99,13,119.0
2026-06-30 21:15:02.094,e7a6fc93-fb0e-4e21-8279-5faa71cf8a00,Warm,0,14.22,15,120.0
2026-06-30 21:15:02.125,8121d805-029d-45d9-91fa-33dc810bdadf,Warm,0,13.97,14,120.0
2026-06-30 21:15:10.824,8a23c2c0-98ae-4786-8d3d-c118785c07ab,Warm,0,39.92,40,120.0
2026-06-30 21:15:10.840,c2eaa353-be4c-44aa-9605-0a754c6e3f67,Warm,0,51.46,52,119.0
2026-06-30 21:15:11.521,6869fe69-3be4-410d-8986-2b6b1db27b21,Warm,0,13.46,14,119.0
2026-06-30 21:15:11.524,ac338e0b-5c2f-469c-90d4-097ad9a56f04,Warm,0,14.26,15,120.0
2026-06-30 21:15:11.557,5b7ea45a-19c3-4591-9de5-b2dba131c89e,Warm,0,44.77,45,120.0
2026-06-30 21:15:11.562,7b865bf3-4761-42e5-8245-b88b35033879,Warm,0,41.16,42,120.0
2026-06-30 21:15:12.413,831939a7-d698-43ca-a3e4-4e937c66a3fc,Warm,0,14.01,15,120.0
2026-06-30 21:15:12.607,d4ed996e-cdaf-4f24-baa1-68bef363f58d,Warm,0,12.18,13,120.0
2026-06-30 21:15:12.620,593cadc5-091e-4e9d-a2df-6fa5c5b75146,Warm,0,17.18,18,120.0
2026-06-30 21:15:13.102,d2f1f411-ba05-4b9c-ae1d-fc840bd4d9f4,Warm,0,13.14,14,120.0
2026-06-30 21:15:13.112,f21a8777-12df-4151-a51f-b466a797bdfa,Warm,0,14.52,15,120.0
2026-06-30 21:15:13.127,e8a71099-1926-4637-9af2-dd7490bc794b,Warm,0,13.02,14,120.0
2026-06-30 21:15:13.132,86725b32-417c-47ed-80b5-cbc33c1a9381,Warm,0,13.26,14,120.0
2026-06-30 21:15:13.185,919a6550-29db-4956-bc8c-de6f894c3139,Warm,0,13.17,14,120.0
2026-06-30 21:15:13.188,c67bd8a3-40f9-41b0-8474-468bf57c8296,Warm,0,16.44,17,120.0
2026-06-30 21:15:13.188,e7c866eb-d2a5-4811-9046-c986764d84d6,Warm,0,14.34,15,120.0
2026-06-30 21:15:13.915,739802aa-34e4-4ce7-9a70-d85d0448b1af,Warm,0,13.01,14,120.0
2026-06-30 21:15:13.915,41a0c41f-ceb2-472b-bdae-b916f240f949,Warm,0,13.93,14,120.0
2026-06-30 21:15:13.931,164be275-2e7a-4ffc-bad1-39e1a3f7d274,Warm,0,27.95,28,120.0
2026-06-30 21:15:13.997,640e1dc6-4f4a-4ddf-8536-dce877b67444,Warm,0,14.37,15,120.0
2026-06-30 21:15:13.999,9618c405-c6e0-4024-add3-f2273646fbb9,Warm,0,16.02,17,120.0
2026-06-30 21:15:14.001,9554e6f4-5fb8-4e7b-baef-8b9cd60e5886,Warm,0,16.77,17,120.0
2026-06-30 21:15:14.006,9ccd46ef-0b8a-4c5a-94b1-6d70286f7a87,Warm,0,20.04,21,119.0
2026-06-30 21:15:14.032,3c2c458f-b40e-4841-8c79-bfc2aefe5890,Warm,0,15.76,16,119.0
2026-06-30 21:15:14.793,b4031040-3460-4df7-a969-13dde3e2d541,Warm,0,13.44,14,119.0
2026-06-30 21:15:14.794,c94c63aa-8cac-4f9f-893f-ab1c39a1fe00,Warm,0,13.92,14,120.0
2026-06-30 21:15:14.811,59da2ca3-1023-44a0-a4c8-3217e33affa1,Warm,0,12.7,13,120.0
2026-06-30 21:15:14.813,02480add-1e9b-45d4-af4c-e7cbca39e0f6,Warm,0,15.22,16,120.0
2026-06-30 21:15:14.824,98e62482-ec5d-4728-b57e-0976621d097d,Warm,0,14.82,15,119.0
2026-06-30 21:15:14.937,4770cdf2-84c8-4813-abcc-663aeda32603,Warm,0,16.12,17,119.0
2026-06-30 21:15:14.944,4a9ae7bd-5e00-4ebd-8a85-2315ea323fb6,Warm,0,13.37,14,120.0
2026-06-30 21:15:15.715,3dead7d4-6f0c-49e7-84c9-01ad31326450,Warm,0,13.45,14,120.0
2026-06-30 21:15:15.717,0ccfd83c-fe10-49d7-a0b1-a8575bdcd658,Warm,0,15.32,16,119.0
2026-06-30 21:15:15.720,ec87996b-12dc-48e2-ad32-e7b85408ab64,Warm,0,14.35,15,120.0
2026-06-30 21:15:15.729,85be0691-f5f7-4859-8a57-8e72695f4010,Warm,0,13.87,14,120.0
2026-06-30 21:15:15.738,b8d20b24-a915-446e-b14f-d3cebd262c3b,Warm,0,14.51,15,119.0
2026-06-30 21:15:15.920,5560b6dc-208c-488b-8d74-b5b67a7c59d6,Warm,0,13.3,14,119.0
2026-06-30 21:15:15.932,7f14e8e7-40d7-44f8-8224-59928d08b762,Warm,0,14.2,15,120.0
2026-06-30 21:15:16.613,b1051706-aec2-477b-a7bd-dd5f42b43a50,Warm,0,14.85,15,120.0
2026-06-30 21:15:16.623,9ae8622a-4ac2-4797-b5a3-a862eac32e5d,Warm,0,11.9,12,120.0
2026-06-30 21:15:16.625,109ee8ed-efc1-4885-aa05-362d9a8cb570,Warm,0,14.7,15,119.0
2026-06-30 21:15:16.803,6a1ff8a3-cfbe-453a-a7e6-9579ac89bf10,Warm,0,14.45,15,119.0
2026-06-30 21:15:16.807,7445aa3b-09c8-4709-acb4-aad9d47b6c68,Warm,0,12.2,13,120.0
2026-06-30 21:15:16.832,f6d5b27f-0eab-45b6-b3a8-f3ad02166239,Warm,0,13.75,14,120.0
2026-06-30 21:15:17.310,a1a63ea6-7460-4faa-863c-66ae00f0b629,Warm,0,14.2,15,120.0
2026-06-30 21:15:17.311,52a410be-e688-4901-8977-f597f29ec2ad,Warm,0,14.78,15,119.0
2026-06-30 21:15:17.314,9b3782bf-98b3-4ef3-a30c-eeef722d88ea,Warm,0,13.63,14,120.0
2026-06-30 21:15:17.316,6d88fd1c-7c25-4720-b5c2-d3f7beb8acc8,Warm,0,12.07,13,120.0
2026-06-30 21:15:17.343,786062ec-5c43-474a-b13f-0d4b75a99abf,Warm,0,41.91,42,120.0
2026-06-30 21:15:17.390,02f41282-75ba-4f5f-8f62-0350837728b0,Warm,0,11.74,12,120.0
2026-06-30 21:15:17.514,b0846cd9-c6c3-4442-a4e9-479c7f34b0f5,Warm,0,13.54,14,120.0
2026-06-30 21:15:17.519,7953529c-c0cf-4060-81be-33f7051bcc89,Warm,0,12.78,13,120.0
2026-06-30 21:15:17.533,2ec5b186-aada-4532-863c-4394ce238748,Warm,0,13.37,14,120.0
2026-06-30 21:15:18.232,6af73d12-844b-46eb-ae88-dbb4616db021,Warm,0,13.23,14,120.0
2026-06-30 21:15:18.246,9677ba34-76ad-43c7-a081-d74e74cb43ae,Warm,0,13.84,14,120.0
2026-06-30 21:15:18.249,25020fcb-3def-4c4b-90c8-150fc13e5f76,Warm,0,16.7,17,119.0
2026-06-30 21:15:18.250,8d79043c-8f42-4837-96f1-c027ad34830a,Warm,0,13.66,14,120.0
2026-06-30 21:15:18.252,d9f126fe-bdc0-4556-8a70-88b665043701,Warm,0,13.37,14,120.0
2026-06-30 21:15:18.262,2ece46d5-f566-4a0b-b18f-6988cec49925,Warm,0,29.2,30,120.0
2026-06-30 21:15:19.123,ef4efdc6-e99b-44c6-9ba0-431fec01cc49,Warm,0,13.73,14,120.0
2026-06-30 21:15:19.132,d0ae34d7-8230-42f5-b0b7-bbe8db4036de,Warm,0,13.03,14,120.0
2026-06-30 21:15:19.135,8a012d5b-d1d1-467e-9f53-7f83a2b8486d,Warm,0,14.33,15,119.0
2026-06-30 21:15:19.215,6118d6e1-a888-4d9d-b329-0febfbcb4026,Warm,0,17.07,18,119.0
2026-06-30 21:15:19.218,d3c41efc-aec0-46cc-907a-fd289c2e3013,Warm,0,12.82,13,120.0
2026-06-30 21:15:19.227,a9ea9a6a-cb18-4db8-b49c-8bc80d5d4981,Warm,0,13.96,14,120.0
2026-06-30 21:15:20.140,83b343da-f78e-4f20-8d7c-bf7978010b32,Warm,0,23.59,24,120.0
2026-06-30 21:15:27.703,39c89c00-d756-442c-a114-a2d4e8f6ecb4,Warm,0,40.8,41,120.0
2026-06-30 21:15:27.838,44ce6136-3afe-48bd-82c4-12124b0643df,Warm,0,12.96,13,120.0
2026-06-30 21:15:28.639,c9fcef6f-3870-4c52-b8e0-41cf0b71096d,Warm,0,17.16,18,120.0
2026-06-30 21:15:28.668,f03367a9-b6cb-45bf-94b8-13f935aa57eb,Warm,0,15.11,16,120.0
2026-06-30 21:15:28.676,34d8015c-3a89-42ee-ae23-d4504c4ee29a,Warm,0,43.06,44,120.0
2026-06-30 21:15:28.677,403abeb3-6765-4d1f-8fe8-db7ecef099a0,Warm,0,43.23,44,119.0
2026-06-30 21:15:28.730,3ce4583b-39a5-4c85-bed8-3677ee189cb7,Warm,0,14.46,15,119.0
2026-06-30 21:15:29.247,dacea404-8565-4da2-b1eb-8ab2c87f3a80,Warm,0,14.63,15,119.0
2026-06-30 21:15:29.256,efd6ca06-1dae-4e51-9c2e-7c1179b2c687,Warm,0,14.65,15,120.0
2026-06-30 21:15:29.264,6d452219-6ccf-4480-8762-a05719ea1e68,Warm,0,13.68,14,120.0
2026-06-30 21:15:29.291,26244e35-2782-4922-b366-5cd3cee48117,Warm,0,41.55,42,120.0
2026-06-30 21:15:29.292,c32dc0d6-ce81-452c-9319-ae4d408c9a15,Warm,0,42.73,43,120.0
2026-06-30 21:15:29.297,b4810d81-992b-4bfb-9046-b09169535a97,Warm,0,41.62,42,120.0
2026-06-30 21:15:29.314,844be237-37d8-413f-ab16-b57a3724fc4d,Warm,0,16.59,17,120.0
2026-06-30 21:15:29.356,d1d12c1f-e592-4663-b7cb-200f36cf6f34,Warm,0,11.85,12,120.0
2026-06-30 21:15:30.151,14367d09-0126-48a8-aef1-450d05cc2d86,Warm,0,12.7,13,120.0
2026-06-30 21:15:30.152,dfa562f8-2093-4397-8c54-56d67092c28e,Warm,0,14.33,15,120.0
2026-06-30 21:15:30.154,a38f4b1a-4a40-41f4-93d7-00dfe04301a6,Warm,0,13.61,14,120.0
2026-06-30 21:15:30.160,acbd8917-58cf-4edb-9be1-7c8481642380,Warm,0,13.72,14,120.0
2026-06-30 21:15:30.163,e7dc264b-d9d0-439b-9e7b-1280bc10a691,Warm,0,15.19,16,120.0
2026-06-30 21:15:30.168,b01034c1-ca4c-4859-b1e7-d11b0deadd74,Warm,0,14.01,15,119.0
2026-06-30 21:15:30.191,54a75d92-031f-4373-ac8c-0a3c1f3b348d,Warm,0,12.73,13,120.0
2026-06-30 21:15:30.192,78523055-6a3b-4c49-811f-52a5bc74b726,Warm,0,15.08,16,119.0
2026-06-30 21:15:30.193,b0167507-014a-4d7e-82ea-f8a2c5cf2492,Warm,0,13.44,14,120.0
2026-06-30 21:15:30.199,a3bf2850-dd2c-42dd-9065-63cb37d3b604,Warm,0,44.68,45,120.0
2026-06-30 21:15:31.046,6b8ab6ca-66b2-4df6-876e-e5c0abf7c94d,Warm,0,14.84,15,120.0
2026-06-30 21:15:31.050,27f0ac65-159e-481c-ba82-5c0d2a53d199,Warm,0,12.91,13,120.0
2026-06-30 21:15:31.050,d369de8e-1074-44f3-85dd-5b6a18886941,Warm,0,13.51,14,120.0
2026-06-30 21:15:31.051,782f1b11-0c2a-4cd7-ad72-38ea59c3cf0e,Warm,0,14.5,15,119.0
2026-06-30 21:15:31.052,7688678b-c78f-4c9e-867a-f08aa0280f9a,Warm,0,15.31,16,120.0
2026-06-30 21:15:31.091,57724d3d-8a46-4c61-84bb-96a400c9e541,Warm,0,14.46,15,120.0
2026-06-30 21:15:31.091,dc3bdc4b-7e27-4e60-befc-0ac72b7deba9,Warm,0,12.31,13,120.0
2026-06-30 21:15:31.091,33dc0d27-0999-4b80-b250-9f19341daed4,Warm,0,13.07,14,120.0
2026-06-30 21:15:31.092,725efa47-6413-4df1-ba11-a0994f25845e,Warm,0,13.62,14,120.0
2026-06-30 21:15:31.095,d19a256f-5397-46c1-adce-260366279715,Warm,0,16.85,17,119.0
2026-06-30 21:15:31.948,f86942c6-2568-49e2-9176-e7d32734700c,Warm,0,12.92,13,119.0
2026-06-30 21:15:31.949,b4820e4b-8eb8-4184-be42-4c44612097bc,Warm,0,11.8,12,120.0
2026-06-30 21:15:31.954,fb29e6f6-70af-4570-8e24-4960e2a1e3ef,Warm,0,14.34,15,120.0
2026-06-30 21:15:31.957,eb65d04b-5403-4604-96bb-ed73381047c0,Warm,0,14.56,15,120.0
2026-06-30 21:15:31.957,530ba83c-d908-496b-be86-4357809fa113,Warm,0,13.78,14,120.0
2026-06-30 21:15:31.957,b1955dc7-845d-4b64-801f-21efd529a301,Warm,0,14.09,15,120.0
2026-06-30 21:15:31.963,c683901a-e28f-45f9-9c8a-c3ed6c92206a,Warm,0,14.1,15,120.0
2026-06-30 21:15:31.990,08b570f3-d9f8-48b6-930f-926efc70b124,Warm,0,39.45,40,120.0
2026-06-30 21:15:32.689,da941418-6d50-497c-8d6e-021856156e18,Warm,0,13.36,14,120.0
2026-06-30 21:15:32.704,d2f20259-535a-40b5-953e-7f81e8589977,Warm,0,12.38,13,120.0
2026-06-30 21:15:32.706,1642a696-d4ed-4214-9063-a8e18fa3b44f,Warm,0,12.88,13,120.0
2026-06-30 21:15:32.709,77543c7b-de66-4165-802e-d080a8f96e46,Warm,0,14.11,15,120.0
2026-06-30 21:15:32.712,8a5bcdbf-0163-4b74-bc28-504cf67e2c14,Warm,0,12.85,13,120.0
2026-06-30 21:15:32.713,2c53974d-a17b-4f0f-9d85-a8da49e74efc,Warm,0,13.4,14,120.0
2026-06-30 21:15:32.714,53b7ad0c-31cd-4545-af82-2aceeebcd894,Warm,0,14.55,15,120.0
2026-06-30 21:15:33.645,edcdb116-320a-428f-a79f-ae89ed98aff4,Warm,0,12.61,13,120.0
2026-06-30 21:15:33.653,ff89cf10-198b-4a8a-b021-b87a2623afec,Warm,0,13.38,14,120.0
2026-06-30 21:15:33.660,083e5d56-55dd-4258-aad8-b57be615840e,Warm,0,19.33,20,120.0
2026-06-30 21:15:33.849,dcafb6b1-53d3-4baa-98a8-426f2abacf25,Warm,0,11.69,12,120.0
2026-06-30 21:15:33.857,21a31ce0-d3d6-4212-9397-1f7b661748bc,Warm,0,13.9,14,120.0
2026-06-30 21:15:33.868,50454f5d-4386-415c-829f-cfcd538a00ec,Warm,0,14.49,15,120.0
2026-06-30 21:15:33.907,7b8abae7-5c44-49e3-8809-ce6d728ff054,Warm,0,15.28,16,120.0
2026-06-30 21:15:34.467,4235b66f-7616-471a-bff5-c0c84fb579e8,Warm,0,14.18,15,120.0
2026-06-30 21:15:34.468,12b246a8-c2ea-47be-9160-732b829adf5c,Warm,0,15.48,16,120.0
2026-06-30 21:15:34.472,987c014f-80d2-4f8b-a169-e92e0df63a93,Warm,0,13.26,14,120.0
2026-06-30 21:15:34.472,603753af-9459-4877-891a-5c6956fe1366,Warm,0,13.1,14,120.0
2026-06-30 21:15:34.489,f4bad1fb-f5cd-4b8a-bc29-4654d72d09f4,Warm,0,15.25,16,120.0
2026-06-30 21:15:35.252,e029751e-79e1-43ea-b699-cbb89e30937c,Warm,0,13.61,14,120.0
2026-06-30 21:15:35.266,11c871a6-8ca2-44bf-9f2c-934274962aef,Warm,0,11.72,12,120.0
2026-06-30 21:15:35.457,8fa97f67-fa1d-42ac-941a-f2b90b85dce4,Warm,0,12.47,13,120.0
2026-06-30 21:15:35.470,bb48f57a-f69c-42d3-98fe-f9b555fe1ec0,Warm,0,19.24,20,120.0
2026-06-30 21:15:43.126,13e2865a-60a3-406c-a2c6-0dd1656a47e5,Warm,0,41.89,42,120.0
2026-06-30 21:15:43.981,c19d6302-12fc-4f56-af3f-5111d13a84ed,Warm,0,14.68,15,120.0
2026-06-30 21:15:44.003,70932afd-a34d-410b-bc05-4cd33f2eb19b,Warm,0,15.65,16,120.0
2026-06-30 21:15:44.007,9698fc39-bad3-48c8-891a-842156de09a6,Warm,0,39.94,40,120.0
2026-06-30 21:15:44.684,cc40ccd6-70fc-46b8-ac1f-e5c3ff8075e0,Warm,0,12.24,13,120.0
2026-06-30 21:15:44.685,75d58754-5a49-4b7e-87f3-61f421672eb8,Warm,0,12.88,13,120.0
2026-06-30 21:15:44.715,d8ffcd0e-30ee-49d3-9504-8e1ed3e99a46,Warm,0,41.7,42,120.0
2026-06-30 21:15:44.716,2cf921b0-20a3-4f2e-9318-8fdf14721f3d,Warm,0,42.98,43,120.0
2026-06-30 21:15:44.721,1102ee85-133b-4b71-8163-7e338a1c0e00,Warm,0,42.58,43,120.0
2026-06-30 21:15:44.724,87646ad9-bc6b-465c-8aa6-914c156d9326,Warm,0,39.37,40,120.0
2026-06-30 21:15:44.730,855ef50d-318b-4a0e-9c63-b0a47b77bc03,Warm,0,41.97,42,120.0
2026-06-30 21:15:45.595,afd299f7-3a69-4e1b-abe7-38da50a62cdc,Warm,0,14.77,15,120.0
2026-06-30 21:15:45.598,4de00124-0a81-4cdd-afea-9ab4bc3442ee,Warm,0,13.04,14,120.0
2026-06-30 21:15:45.599,47c9466a-6e61-4b72-9901-510e802b17ad,Warm,0,13,14,120.0
2026-06-30 21:15:45.606,e12ac56c-5ac4-4230-8775-7a76b75ad123,Warm,0,14.51,15,120.0
2026-06-30 21:15:45.608,a2b6c704-1dc9-4bd6-a7c7-4becb8b63fac,Warm,0,13.37,14,120.0
2026-06-30 21:15:45.611,6d60466d-88b1-4924-ad74-04a1ddb5f371,Warm,0,14.69,15,120.0
2026-06-30 21:15:46.469,d743dfcc-4a9e-40f6-938b-4e5b5d639018,Warm,0,13.55,14,120.0
2026-06-30 21:15:46.481,103e1b6e-9530-4ef3-a245-c21dae035237,Warm,0,13.19,14,120.0
2026-06-30 21:15:46.489,7de289d8-838f-4e71-9867-80c878a4a0c5,Warm,0,12.29,13,120.0
2026-06-30 21:15:46.492,65f2cc34-4ad9-4e80-a789-9ff0d2f15763,Warm,0,26.13,27,120.0
2026-06-30 21:15:46.492,0547e9bf-f269-438e-9f23-053b7e74ee23,Warm,0,13.23,14,120.0
2026-06-30 21:15:46.552,662909d2-5d51-4720-befb-6939f86d2018,Warm,0,12.78,13,120.0
2026-06-30 21:15:46.554,b307ccc0-76d1-4c7f-bf19-923aabf13158,Warm,0,12.69,13,120.0
2026-06-30 21:15:46.554,19bcd8eb-bafd-4ae2-920e-ab0065fd917a,Warm,0,14.41,15,120.0
2026-06-30 21:15:47.413,3caad297-a22f-4ed9-8034-bbd2b5fee245,Warm,0,13.59,14,120.0
2026-06-30 21:15:47.418,1f058846-dd84-4c83-96ec-ed9dd42bddf4,Warm,0,15.61,16,120.0
2026-06-30 21:15:47.453,8c20c662-cfaa-4552-a9a6-65c30e003b0f,Warm,0,13.09,14,120.0
2026-06-30 21:15:47.460,004d24d8-1ab9-451e-8bbe-f0a021038f6e,Warm,0,27.81,28,120.0
2026-06-30 21:15:48.010,ed471d29-8159-4ac9-a5e9-a1a80b76a277,Warm,0,16.83,17,120.0
2026-06-30 21:15:48.016,5bfeb908-2417-4873-b132-c8cb597fcb5b,Warm,0,15.32,16,120.0
2026-06-30 21:15:48.016,a77dd8ba-d888-4109-be9e-f923dc2f1b2c,Warm,0,13,13,120.0
2026-06-30 21:15:48.020,8206db0d-4d9d-41de-99ab-6a1a428e456e,Warm,0,14.94,15,120.0
2026-06-30 21:15:48.024,5d4d70c6-cfe3-42a9-a14f-059e256a4a47,Warm,0,11.99,12,120.0
2026-06-30 21:15:48.026,f4a9111e-4e25-41b1-a98c-354e3f49817c,Warm,0,12.49,13,120.0
2026-06-30 21:15:48.030,c981e7e3-8281-4c44-9b8f-0c38567500c0,Warm,0,12.31,13,120.0
2026-06-30 21:15:48.992,2253e402-537c-4298-b1e7-18164c85a14a,Warm,0,15.32,16,120.0
2026-06-30 21:15:48.992,4468ca73-5148-41d0-9c16-c7d60f3a3c06,Warm,0,13.24,14,120.0
2026-06-30 21:15:48.993,007a2ed4-d19a-4b56-8275-d56155744be6,Warm,0,12.09,13,120.0
2026-06-30 21:15:48.997,f464e60d-4a37-4dbb-b8ab-efe6520b609c,Warm,0,14.25,15,120.0
2026-06-30 21:15:48.997,dcb67211-d501-47e6-bb33-13dd12a2e22b,Warm,0,14.26,15,120.0
2026-06-30 21:15:48.997,6233483f-291c-49cc-9deb-0c23304c348b,Warm,0,13.47,14,120.0
2026-06-30 21:15:49.877,bdf778e3-fc75-40f9-8118-7a551c4607f7,Warm,0,13.78,14,120.0
2026-06-30 21:15:49.884,3815e1fd-93d2-4af0-9a50-6f1816a5788a,Warm,0,12.45,13,120.0
2026-06-30 21:15:49.885,ed4959b5-d95f-4a92-b00c-948240d5b9bd,Warm,0,12.55,13,120.0
2026-06-30 21:15:49.885,23bf89d0-b853-4b69-8fcc-786228c6307d,Warm,0,12.79,13,120.0
2026-06-30 21:15:49.885,47020900-b8a3-4690-b7a0-b06d71e9de8d,Warm,0,11.99,12,120.0
2026-06-30 21:15:49.896,eed6cbbb-f69f-4fef-b6d0-b03bc4d5de0e,Warm,0,14.82,15,120.0
2026-06-30 21:15:50.619,585e7268-b911-4dfd-87ae-d8ea46456212,Warm,0,12.06,13,120.0
2026-06-30 21:15:50.632,1ef47f46-2653-495d-b642-b6ee9cf2dcc3,Warm,0,12.51,13,120.0
2026-06-30 21:15:50.636,80d85665-0f27-46bd-b7c6-726333a15b77,Warm,0,14.24,15,120.0
2026-06-30 21:15:50.685,96c43293-9edf-49ac-afea-6fcdb6a39304,Warm,0,11.9,12,120.0
2026-06-30 21:15:51.409,737ca157-db57-4c19-90d7-2a984287861c,Warm,0,12.81,13,120.0
2026-06-30 21:15:51.418,8e874759-7c3c-41ee-819a-8a3fd5a70900,Warm,0,12.01,13,120.0
2026-06-30 21:15:51.425,f4e546b6-8130-43f3-99e1-fcd2d5287989,Warm,0,13.27,14,120.0
2026-06-30 21:15:51.426,7c1860ff-f206-4c24-8bb8-6161f7da7806,Warm,0,14.29,15,120.0
2026-06-30 21:15:51.461,aeab7bac-b213-4bce-bf36-62608b305ba0,Warm,0,12.97,13,120.0
2026-06-30 21:15:52.481,c576a0e1-01e7-47b3-808d-4d42c7179804,Warm,0,12.68,13,120.0
2026-06-30 21:15:52.492,7191ad3e-b31d-46eb-af07-4bb5069641a5,Warm,0,11.98,12,120.0
2026-06-30 21:15:52.497,495884bb-dc33-477d-acdb-7d4b38d4db42,Warm,0,13.81,14,120.0
2026-06-30 21:15:52.523,5089ab58-76b8-4025-9324-8c4b8c8aee23,Warm,0,13.15,14,120.0
2026-06-30 21:15:53.202,b9b86878-1752-40f8-86d4-d229d05a8d93,Warm,0,13.32,14,120.0
2026-06-30 21:15:53.203,03ba0cfe-c4a8-4120-97b9-4895e2a39030,Warm,0,12.24,13,120.0
2026-06-30 21:15:53.221,63f67108-655c-4060-824f-d0636cba96dc,Warm,0,12.73,13,120.0
2026-06-30 21:15:53.221,e390f76d-3552-4eda-905e-2c795633ff88,Warm,0,14.58,15,120.0
2026-06-30 21:15:54.118,0d31956d-ac54-453a-8813-a001cf3c7c84,Warm,0,14.72,15,120.0
2026-06-30 21:16:42.808,2bcd7ce1-496b-4711-8c16-4a4b7f821664,Warm,0,71.45,72,120.0
2026-06-30 21:16:42.811,aee44db2-32c6-4832-bc7b-cb1b53f2ad79,Warm,0,72.39,73,120.0
2026-06-30 21:16:42.816,f19d0190-14ea-48d5-8eb0-8f19d3852de4,Warm,0,69.25,70,120.0
2026-06-30 21:16:43.644,00534c4f-9a30-422b-bfa0-d6a498cdb823,Warm,0,44.45,45,120.0
2026-06-30 21:16:43.666,47dac01c-51b8-4959-8784-459719fc2d8d,Warm,0,41.9,42,120.0
2026-06-30 21:16:44.586,9243bb3b-09f8-4ac6-88a7-4672eac0ffdc,Warm,0,44.82,45,120.0
2026-06-30 21:16:44.601,7a87e624-1779-40e7-8fda-dd2f99d7f12b,Warm,0,40.3,41,120.0
2026-06-30 21:16:44.606,c96f0c52-7f80-425e-aa42-f837a2f83659,Warm,0,45.3,46,120.0
2026-06-30 21:16:45.360,f769665f-0266-4bee-8e6c-568c0e27499a,Warm,0,44.16,45,120.0
2026-06-30 21:16:45.435,2429d37a-e024-4f85-9a83-b6537143c45d,Warm,0,39.89,40,120.0
2026-06-30 21:16:46.049,034596a0-d911-4e7c-b14c-5d0af8a51c75,Warm,0,44.38,45,120.0
2026-06-30 21:16:46.102,bc419ccc-f9d8-4f31-ab08-59f12c19827d,Warm,0,41.98,42,120.0
2026-06-30 21:16:47.051,48906550-1eec-46c1-8dae-6e2cdbb0f40f,Warm,0,40.12,41,120.0
2026-06-30 21:16:47.053,813a9ac2-cbe8-48bc-a184-8df95d5be06b,Warm,0,44.99,45,120.0
2026-06-30 21:16:47.962,599c3b3c-60c3-4559-aaae-83eb238ebaac,Warm,0,40.17,41,120.0
2026-06-30 21:16:47.966,3f14d821-fb42-488a-b175-1f4252c20e22,Warm,0,44.12,45,120.0
2026-06-30 21:16:48.606,6ff8aca3-1aac-41c2-8d25-226c3ee6b495,Warm,0,43.36,44,120.0
2026-06-30 21:16:48.614,8782f7b0-eab7-4d38-9849-b540997c8fc9,Warm,0,43.99,44,120.0
2026-06-30 21:16:48.625,cf89e22d-c9a7-4a4a-9a23-4b42bda144e5,Warm,0,43.7,44,120.0
2026-06-30 21:16:49.665,544e615a-99ef-42bf-95ef-671c848299c8,Warm,0,44.63,45,120.0
2026-06-30 21:16:49.668,9ae91580-e010-400e-835f-04383384b554,Warm,0,47.8,48,120.0
2026-06-30 21:16:50.409,4929709e-b929-4fb1-892b-4c5d1475fb18,Warm,0,51.07,52,120.0
2026-06-30 21:16:54.579,e11ba778-5699-4c5e-a15c-608ce71f002e,Warm,0,12.29,13,120.0
2026-06-30 21:16:54.582,5c18b676-ef3e-48a7-9e5e-4fcf60b719c3,Warm,0,12.5,13,120.0
2026-06-30 21:16:54.778,0cebbdff-907f-4e9f-b8bc-a5ef0da0afe8,Warm,0,12.82,13,120.0
2026-06-30 21:16:54.780,0ca564a8-932a-4b8e-a85b-cc32e5cd24f2,Warm,0,12.73,13,120.0
2026-06-30 21:16:54.804,7e6292c8-4d2a-4768-9573-e8700db9e4dd,Warm,0,13.38,14,120.0
2026-06-30 21:16:54.809,a6af7b5b-0232-4d66-aa91-1c73ce01c356,Warm,0,18.25,19,120.0
2026-06-30 21:16:54.819,8a8e5673-d76b-4c0d-b0e2-866893ae596f,Warm,0,39.68,40,120.0
2026-06-30 21:16:54.828,94a1bb83-664e-4191-97cb-9ca662b022eb,Warm,0,47.29,48,120.0
2026-06-30 21:16:55.471,c544a62b-0855-4aa3-be76-f5edff6b5485,Warm,0,13.57,14,120.0
2026-06-30 21:16:55.473,792d9336-f8bc-4617-bc6b-493b183800e3,Warm,0,15.27,16,120.0
2026-06-30 21:16:55.474,3d276532-b51e-441e-8779-19b00d1e16a3,Warm,0,11.48,12,120.0
2026-06-30 21:16:55.488,d656bdad-e56d-425a-9a27-3f69ffb76e45,Warm,0,12.48,13,120.0
2026-06-30 21:16:55.514,3fb2eeb9-4317-4895-82e3-a70fcf731567,Warm,0,38.14,39,120.0
2026-06-30 21:16:55.516,0e605e49-9efd-4229-90fa-c465a8234ec2,Warm,0,38.44,39,120.0
2026-06-30 21:16:55.685,82ae8321-26d4-4948-995c-1b28a39f9960,Warm,0,15.18,16,120.0
2026-06-30 21:16:56.360,81335f22-9074-4799-b42a-8befa490248a,Warm,0,11.81,12,120.0
2026-06-30 21:16:56.375,1de96c4b-de14-478e-b32a-6faa9c6b0c36,Warm,0,14.17,15,120.0
2026-06-30 21:16:56.375,05f13dd7-697e-4789-b5ff-54971eae1f15,Warm,0,12.21,13,120.0
2026-06-30 21:16:56.401,e552a9ab-d71f-4a2a-8d1e-6a3d9afeb594,Warm,0,12.87,13,120.0
2026-06-30 21:16:56.604,9f07b7c5-4c18-4546-bda1-04a6c9b4292a,Warm,0,12.06,13,120.0
2026-06-30 21:16:56.604,33b0e3c6-6b4f-46b8-a2e5-ccdd0d452f57,Warm,0,12.41,13,120.0
2026-06-30 21:16:56.605,e0aaeb94-2c47-4606-a01a-9c15c35f0f25,Warm,0,14.64,15,120.0
2026-06-30 21:16:57.196,4fff5d06-39cb-46e9-8135-9b3888d1826a,Warm,0,11.98,12,120.0
2026-06-30 21:16:57.205,6ce64515-ed17-4938-a3ad-5d42c4a669fd,Warm,0,13.64,14,120.0
2026-06-30 21:16:57.208,8bd5378f-0beb-49bf-baef-bd6fa1801634,Warm,0,12.86,13,120.0
2026-06-30 21:16:57.215,06357285-c248-4788-8d4b-357caae370e1,Warm,0,18.34,19,120.0
2026-06-30 21:16:57.216,15a32eee-cfc6-424c-aefe-2c14cb9276e9,Warm,0,16.11,17,120.0
2026-06-30 21:16:57.400,214798ed-2135-438b-ba08-bead081e1208,Warm,0,12.43,13,120.0
2026-06-30 21:16:57.407,b5c9c613-0459-4dc8-bb44-7e4e97c6da0d,Warm,0,12.91,13,120.0
2026-06-30 21:16:57.989,395f433e-ce95-4236-a511-dac19792340e,Warm,0,13.29,14,120.0
2026-06-30 21:16:57.994,7ea90037-a2fb-47fc-9280-d9180d6c461e,Warm,0,12.44,13,120.0
2026-06-30 21:16:57.995,a14a0756-80aa-4dd9-8e42-e8465c1ec4ab,Warm,0,12.42,13,120.0
2026-06-30 21:16:57.997,a72e9e89-4dfb-4226-bde1-9e03999a7db0,Warm,0,13.17,14,120.0
2026-06-30 21:16:57.997,c3ea71fd-925d-4081-85c8-c3f11ed25a32,Warm,0,13.41,14,120.0
2026-06-30 21:16:57.998,be9846cb-5a2e-4766-a17b-5bbd1dbf14ab,Warm,0,14.09,15,120.0
2026-06-30 21:16:58.029,5674c8c4-020b-4e21-bb97-d8d0afa09a4d,Warm,0,42.7,43,120.0
2026-06-30 21:16:58.197,9770ab78-7ed1-4388-ac49-88333dcabbac,Warm,0,13.33,14,120.0
2026-06-30 21:16:59.049,750acf3f-17f2-48ef-bdcb-77099880e88a,Warm,0,12.36,13,120.0
2026-06-30 21:16:59.059,9b3f927e-422b-4518-9782-bbbf5c1d1176,Warm,0,13.09,14,120.0
2026-06-30 21:16:59.060,95a76e5d-ddfc-4029-8a53-0ac56f2a1df9,Warm,0,13.37,14,120.0
2026-06-30 21:16:59.061,9580d781-002d-4330-a3b5-4305cc333fbc,Warm,0,15.02,16,120.0
2026-06-30 21:16:59.062,75b385bf-3dc0-4dd6-8d9a-37d1fa1c4372,Warm,0,16.07,17,120.0
2026-06-30 21:16:59.068,781a0249-cda5-4e19-85a3-773a04a282b2,Warm,0,11.48,12,120.0
2026-06-30 21:16:59.072,3f8f021f-2e12-4798-938f-b1c9e6bffc9b,Warm,0,13.22,14,120.0
2026-06-30 21:16:59.703,06d6106c-186f-410e-a67a-582f421af399,Warm,0,13.97,14,120.0
2026-06-30 21:16:59.704,b7dae573-8567-4ddd-a775-e97048c08d75,Warm,0,13,13,120.0
2026-06-30 21:16:59.704,4019dacd-9d53-4113-a8de-1efa4d17b53b,Warm,0,13.96,14,120.0
2026-06-30 21:16:59.704,92e5aa5f-192e-4040-9869-6f362ba9e4bd,Warm,0,13.29,14,120.0
2026-06-30 21:16:59.705,5da53f32-7d2c-4cde-9f13-1ea692787d90,Warm,0,12.39,13,120.0
2026-06-30 21:16:59.713,06af9f57-6d22-48eb-ae21-d16c27687a06,Warm,0,12.48,13,120.0
2026-06-30 21:16:59.763,81651474-fc11-45f0-8425-e519bfac7b53,Warm,0,12.21,13,120.0
2026-06-30 21:16:59.772,cb80b3f7-6f9b-4d3d-9061-64d9ec088121,Warm,0,13.19,14,120.0
2026-06-30 21:16:59.780,84124bad-7053-417a-b246-3ef0eb01af9d,Warm,0,12.82,13,120.0
2026-06-30 21:17:00.585,4eee82b1-994b-43bc-adcf-d4a6de0386d2,Warm,0,12.64,13,120.0
2026-06-30 21:17:00.592,ab91fa9d-dbcf-4d21-8c3e-c2dfd7c24cae,Warm,0,13.3,14,120.0
2026-06-30 21:17:00.597,a8bb4b3c-926d-4d3c-a474-b71c92cce0c6,Warm,0,13.08,14,120.0
2026-06-30 21:17:00.613,6aa7b725-b793-4d50-8314-84dcf80ca724,Warm,0,11.75,12,120.0
2026-06-30 21:17:00.788,90448421-7070-4ea0-aa7d-02cf39a572f5,Warm,0,11.38,12,120.0
2026-06-30 21:17:00.791,388aee55-e514-4cb4-b970-39f53d273774,Warm,0,12.97,13,120.0
2026-06-30 21:17:00.877,ec8648e9-8246-4589-bd27-556355d75825,Warm,0,12.58,13,120.0
2026-06-30 21:17:01.392,3b02bc96-d35f-4962-a780-0d01b426e0f8,Warm,0,11.63,12,120.0
2026-06-30 21:17:01.396,bc095239-5288-4213-b4c4-7199b3522d19,Warm,0,12.38,13,120.0
2026-06-30 21:17:01.397,bb61fbb2-1454-440e-b2bf-f335d07ee19f,Warm,0,12.88,13,120.0
2026-06-30 21:17:01.398,7abb433a-42ff-47ae-a613-75af6d9152b3,Warm,0,12.93,13,120.0
2026-06-30 21:17:01.512,3b3bdd38-7b51-4f6e-a7ee-ae24fe1f9726,Warm,0,13.72,14,120.0
2026-06-30 21:17:02.379,75dda716-3cec-4695-b69f-0c2ac2d5b97b,Warm,0,12.9,13,120.0
2026-06-30 21:17:11.853,0fdef9c4-f5b1-4fc8-a8bd-34531afa4264,Warm,0,44.3,45,120.0
2026-06-30 21:17:12.524,ff6b27dc-f9a0-459a-8015-973f87dc7a8f,Warm,0,15.05,16,120.0
2026-06-30 21:17:12.555,7329c46a-446a-4cb9-bf06-06f96ea83b70,Warm,0,40.3,41,120.0
2026-06-30 21:17:12.556,317dc05a-293a-4d05-8b86-4ee9e1a0885b,Warm,0,13.45,14,120.0
2026-06-30 21:17:12.598,287189f1-bf4f-4264-8a4c-3c5493c7f80c,Warm,0,43.54,44,120.0
2026-06-30 21:17:12.742,874e9101-88cd-4492-839c-e001116bc6bc,Warm,0,13.23,14,120.0
2026-06-30 21:17:13.305,690e858e-be79-4d6e-8390-c21e63507ddd,Warm,0,12.11,13,120.0
2026-06-30 21:17:13.326,f5599aa5-4d9c-43b1-965f-0e505648de2d,Warm,0,14.16,15,120.0
2026-06-30 21:17:13.335,45e5d320-210a-4ee5-be36-c85e2d3060ae,Warm,0,12.49,13,120.0
2026-06-30 21:17:13.336,0b444387-fe37-4e84-b670-65f912e5c035,Warm,0,13.07,14,120.0
2026-06-30 21:17:13.397,4ca3acd7-4e6d-4461-adc8-b50d61af60a9,Warm,0,12.03,13,120.0
2026-06-30 21:17:13.399,92cff4f7-494d-47f5-aca3-ff2779e5b601,Warm,0,14.82,15,120.0
2026-06-30 21:17:13.411,6b9de8a8-5aaf-4bdb-b082-56c3ff7246f3,Warm,0,12.61,13,120.0
2026-06-30 21:17:13.443,b7af3da0-404d-495c-ae47-1bd5f75fec91,Warm,0,34.49,35,120.0
2026-06-30 21:17:14.224,c4d15b02-4393-45be-8206-9d5915c467f2,Warm,0,16.42,17,120.0
2026-06-30 21:17:14.227,25bf7c26-28ba-4ac1-ae13-ea1d61a0915b,Warm,0,14.52,15,120.0
2026-06-30 21:17:14.228,64792815-0551-460e-9abf-71b3aa0b8e3f,Warm,0,15.2,16,120.0
2026-06-30 21:17:14.257,21baf937-af14-4dac-b1ea-961285759c33,Warm,0,40.74,41,120.0
2026-06-30 21:17:14.262,09573d2f-15a8-46ac-aefc-62ebbb12b524,Warm,0,40.62,41,120.0
2026-06-30 21:17:14.269,3606fd3d-60c0-440a-8350-eea6c444403d,Warm,0,51.37,52,120.0
2026-06-30 21:17:14.421,ca30688b-a98f-4e79-afec-60343bc0cad0,Warm,0,12.16,13,120.0
2026-06-30 21:17:14.429,7e7a88e9-5171-437b-896c-4fa3e3495634,Warm,0,16.02,17,120.0
2026-06-30 21:17:15.106,edaa1db3-03e8-423c-babd-b63344bca564,Warm,0,16.88,17,120.0
2026-06-30 21:17:15.302,ae59e18d-bee2-4545-a577-9af2611c1c7a,Warm,0,16.25,17,120.0
2026-06-30 21:17:15.308,47afeadf-8040-4b14-908c-9ebde2a1ad5d,Warm,0,13.83,14,120.0
2026-06-30 21:17:15.308,4c4cc689-7a55-43eb-935a-40811456b5d1,Warm,0,12.11,13,120.0
2026-06-30 21:17:15.309,4d74948e-9914-47eb-9d8f-89176fbc242d,Warm,0,14.82,15,120.0
2026-06-30 21:17:15.310,266dc936-3742-4bf7-9c21-f7d5d63509f0,Warm,0,14.72,15,120.0
2026-06-30 21:17:15.385,d783f9b4-0721-4598-a5ff-244820d13af5,Warm,0,14.41,15,120.0
2026-06-30 21:17:15.951,da3f2808-6b94-45c8-867e-e4a52d7ae401,Warm,0,15.7,16,120.0
2026-06-30 21:17:15.964,d5cdaa22-f626-43f5-a263-226e9ad30bb7,Warm,0,11.26,12,120.0
2026-06-30 21:17:15.971,e6f0787b-2fca-4671-8f93-f738ea93795c,Warm,0,12.79,13,120.0
2026-06-30 21:17:15.973,0103f306-83a2-48e9-a468-0cb572c6e7d0,Warm,0,16.43,17,120.0
2026-06-30 21:17:16.010,5419e86b-432a-4ed5-a546-0ddfa06778c0,Warm,0,15.57,16,120.0
2026-06-30 21:17:16.098,8b9fc7d9-67e4-47c9-a340-97b7d2d6f35e,Warm,0,14.15,15,120.0
2026-06-30 21:17:16.167,9e8731a5-e534-445d-92ec-8867a23bc1a9,Warm,0,13.68,14,120.0
2026-06-30 21:17:16.731,80a83588-4494-49b0-900d-f139acac73a8,Warm,0,13.18,14,120.0
2026-06-30 21:17:16.732,0558f931-a032-4814-ad8b-3629df94332a,Warm,0,12.68,13,120.0
2026-06-30 21:17:16.759,97ac0aab-75aa-4fea-b8d0-1be6cfb5abee,Warm,0,12.18,13,120.0
2026-06-30 21:17:16.764,9d484140-9d5e-4cfd-b7c1-56ed907288ba,Warm,0,14.19,15,120.0
2026-06-30 21:17:16.765,51f47bb5-0b57-41a0-85a5-60348a1ddee7,Warm,0,16.77,17,120.0
2026-06-30 21:17:16.767,c3457999-5afa-441d-8487-52d7434bd01b,Warm,0,19.12,20,120.0
2026-06-30 21:17:17.604,31f26215-138e-4530-b496-a9c817f14c35,Warm,0,11.47,12,120.0
2026-06-30 21:17:17.607,d318bf44-e538-451e-8115-c2d6a37e9a6b,Warm,0,13.39,14,120.0
2026-06-30 21:17:17.618,83102ac7-0ce6-4e3d-9d0f-3153083e683e,Warm,0,14.17,15,120.0
2026-06-30 21:17:17.650,6c891107-6fc9-4c41-889d-cccadcdd0f73,Warm,0,11.88,12,120.0
2026-06-30 21:17:17.651,8bfb6cf3-ec17-496e-8800-f4de73d2812a,Warm,0,12.12,13,120.0
2026-06-30 21:17:17.651,ecb86307-c826-4d3b-98f1-2a625f88bc5e,Warm,0,13.29,14,120.0
2026-06-30 21:17:17.653,c650e0c7-4e51-4242-898f-1517e519e279,Warm,0,14.38,15,120.0
2026-06-30 21:17:18.530,7d61cdd7-74ea-4905-acf0-b885408e381e,Warm,0,12.45,13,120.0
2026-06-30 21:17:18.533,d1a41b9f-f229-4a78-a642-ec6be1cab8d6,Warm,0,12.04,13,120.0
2026-06-30 21:17:18.553,5391568e-eb15-4c3a-9ded-6b199c3c11c1,Warm,0,12.75,13,120.0
2026-06-30 21:17:18.554,582fd1c1-e016-4743-9593-caa8649c57f0,Warm,0,11.77,12,120.0
2026-06-30 21:17:18.555,20daa666-ca98-45a9-8e0e-ffb2e78a3608,Warm,0,18.43,19,120.0
2026-06-30 21:17:18.555,1049ee2d-c9fa-4146-909a-d9b7324939a0,Warm,0,14.86,15,120.0
2026-06-30 21:17:18.744,f10bd913-e3b2-4652-91a4-fa8bf6ff4c8e,Warm,0,14.21,15,120.0
2026-06-30 21:17:19.325,ffc419a7-7003-4f73-809d-d633cd00bea5,Warm,0,13.7,14,120.0
2026-06-30 21:17:19.325,20c799cc-2501-403a-807a-4fe8b89241a6,Warm,0,13.48,14,120.0
2026-06-30 21:17:19.332,99d5abb3-d040-4ccf-8514-36d0046ec34c,Warm,0,13.09,14,120.0
2026-06-30 21:17:19.530,c1102a1c-0c36-4904-abfd-0b65865e0c5e,Warm,0,12.99,13,120.0
2026-06-30 21:17:19.532,768b4c1a-b22c-4832-ba95-f20c3b5c0277,Warm,0,14.21,15,120.0
2026-06-30 21:17:19.536,66970f02-54b9-44f4-9b38-f46e43c056af,Warm,0,13.2,14,120.0
2026-06-30 21:17:20.234,932993ec-514f-448c-87e5-5017d18ac7b2,Warm,0,12.4,13,120.0
2026-06-30 21:17:20.250,73da7abd-2f06-4a2d-86d5-03811ad33967,Warm,0,14.66,15,120.0
2026-06-30 21:17:20.251,305e3853-72ad-4a72-b549-e847be4fef57,Warm,0,14.3,15,120.0
2026-06-30 21:17:21.143,29a573ed-8aae-4158-8851-5b8a3d88c4d9,Warm,0,11.82,12,120.0
2026-06-30 21:17:30.685,65e65aef-777f-428c-96d6-11b4a324f028,Warm,0,39.68,40,120.0
2026-06-30 21:17:30.704,4ba05ba5-70a3-488b-9dc4-6eb9cffad8ed,Warm,0,12.63,13,120.0
2026-06-30 21:17:31.243,df64351f-938c-4488-b5e0-6edb186b6df5,Warm,0,11.74,12,120.0
2026-06-30 21:17:31.267,41f70c85-3934-417b-83ce-f18d0e3e8b28,Warm,0,12.19,13,120.0
2026-06-30 21:17:31.295,09a14720-772c-4369-9daa-8f644e430b87,Warm,0,40.13,41,120.0
2026-06-30 21:17:31.304,35edd237-08ed-45e1-acd9-cdb9721ccf51,Warm,0,14.91,15,120.0
2026-06-30 21:17:31.330,eb13719e-8546-43ab-bd67-f0229bf8873a,Warm,0,38.32,39,120.0
2026-06-30 21:17:31.340,6368d25b-6407-41eb-93a9-f6beab26954f,Warm,0,12.82,13,120.0
2026-06-30 21:17:31.342,fa97ce3f-6f66-4fea-86de-6ed2e48b9df2,Warm,0,12.89,13,120.0
2026-06-30 21:17:31.369,13db500f-d0b2-4ffa-914f-1792482d9624,Warm,0,37.71,38,120.0
2026-06-30 21:17:32.069,227b1d3e-1a7d-4904-b48c-0d3cefe0519f,Warm,0,11.63,12,120.0
2026-06-30 21:17:32.069,631948ba-68a3-4b3a-aed1-be5b0e176634,Warm,0,12.53,13,120.0
2026-06-30 21:17:32.082,6281a220-7170-4613-b6b9-cc6c64110197,Warm,0,13.06,14,120.0
2026-06-30 21:17:32.084,32de8294-8856-4c83-9b63-8a44ae61ccc9,Warm,0,13.29,14,120.0
2026-06-30 21:17:32.111,9713958b-4a35-4dbe-ab1e-4a9e8c69e186,Warm,0,39.42,40,120.0
2026-06-30 21:17:32.112,206f3b8b-0b63-4600-ac4d-93b45fe6d6b5,Warm,0,39.42,40,120.0
2026-06-30 21:17:32.113,c9442be4-ece9-48d7-90f1-d83c14d28b38,Warm,0,40.57,41,120.0
2026-06-30 21:17:32.891,1cab9c8e-5eb6-43c4-b91a-6aa56bc9cfaf,Warm,0,13.13,14,120.0
2026-06-30 21:17:32.893,f9fa6d55-31c9-4800-9ef0-b1247b0b9446,Warm,0,15.07,16,120.0
2026-06-30 21:17:32.898,6654d1ec-822d-4c94-9548-973881d40a92,Warm,0,13.47,14,120.0
2026-06-30 21:17:32.901,26e182d7-7fae-4219-926c-16a627319931,Warm,0,13.32,14,120.0
2026-06-30 21:17:32.901,af4272b8-c042-4f2f-80f0-7b7abb9070f8,Warm,0,13.73,14,120.0
2026-06-30 21:17:32.902,b1dbb51b-4c8a-4aea-a209-9e1049a03c78,Warm,0,14.5,15,120.0
2026-06-30 21:17:32.903,b8c22328-b875-4611-8e17-ddd26b512818,Warm,0,12.97,13,120.0
2026-06-30 21:17:32.913,b55a7538-733c-4f41-bac1-9c19ed5dd54a,Warm,0,12.53,13,120.0
2026-06-30 21:17:32.915,b69e74b0-3f61-4930-bebe-f92f8121fa4e,Warm,0,13.62,14,120.0
2026-06-30 21:17:33.769,5efefe30-58f4-4d28-87f5-19cd5843256c,Warm,0,12.25,13,120.0
2026-06-30 21:17:33.770,7b071b94-54ee-46cb-8137-744d7a5e350e,Warm,0,13.05,14,120.0
2026-06-30 21:17:33.771,a9a1a811-3c50-4a3c-af72-810f3abdf748,Warm,0,11.53,12,120.0
2026-06-30 21:17:33.776,1592c512-acbc-40ef-ba02-0a7c95df7502,Warm,0,12.52,13,120.0
2026-06-30 21:17:33.776,ca9b76db-4c0b-4a74-833e-1b8e7296f1fc,Warm,0,13.42,14,120.0
2026-06-30 21:17:33.778,5c2655a6-7eb0-4b67-8be2-f5ed6530a7fd,Warm,0,13.34,14,120.0
2026-06-30 21:17:34.671,74ef6eaf-03d5-464b-866c-cc223be14913,Warm,0,11.57,12,120.0
2026-06-30 21:17:34.674,4cf3f29a-0705-4a12-8814-f05bacdc4163,Warm,0,14.17,15,120.0
2026-06-30 21:17:34.674,b67139d8-ffe1-4f67-8804-21a9008d5b16,Warm,0,12.71,13,120.0
2026-06-30 21:17:34.675,79bd68bd-6c99-4694-8a2a-f798ea930401,Warm,0,13.06,14,120.0
2026-06-30 21:17:34.678,93bf5555-c0cc-4c31-83c2-a18cdb4c86f9,Warm,0,12.11,13,120.0
2026-06-30 21:17:34.866,978246d4-c759-4dc4-8f07-a4f794135807,Warm,0,11.39,12,120.0
2026-06-30 21:17:35.476,567cce08-58bc-458e-8ac6-a7a21141dd04,Warm,0,12.28,13,120.0
2026-06-30 21:17:35.479,7dc60603-8b4f-4a43-a7d5-3cf8125a8a61,Warm,0,13.27,14,120.0
2026-06-30 21:17:35.479,f2998d79-2bcc-431c-9cc5-356bb68992c1,Warm,0,13.42,14,120.0
2026-06-30 21:17:35.479,1ed79882-1140-4de4-954f-b564ec3f75dd,Warm,0,12.81,13,120.0
2026-06-30 21:17:35.479,3540b929-f1d5-491e-abff-a868017d14c9,Warm,0,13.92,14,120.0
2026-06-30 21:17:35.489,e2b8f770-38c9-431e-9897-9815d48b1a00,Warm,0,13.93,14,120.0
2026-06-30 21:17:35.489,7d910001-8225-4dd4-a4af-13c679355751,Warm,0,13.85,14,120.0
2026-06-30 21:17:35.508,2f14df6a-2271-4a82-83a9-fd3153fadeb7,Warm,0,12.41,13,120.0
2026-06-30 21:17:36.460,c3ae1912-4c2e-4ec8-b446-a9255aa6f083,Warm,0,13.69,14,120.0
2026-06-30 21:17:36.461,09253615-292d-43ee-8e11-f91d7b9ad97b,Warm,0,13.95,14,120.0
2026-06-30 21:17:36.462,6bdfb71c-a9e5-4cac-811e-51d5e02bdb3e,Warm,0,14.89,15,120.0
2026-06-30 21:17:36.466,67ec3c49-aa37-4fb4-a0c7-2c0f6167da7f,Warm,0,13.71,14,120.0
2026-06-30 21:17:36.467,f6cd37da-d637-4c67-835b-bf67b3a8d378,Warm,0,33.36,34,120.0
2026-06-30 21:17:36.481,ed901eaf-964e-4063-8a73-74f6e3be79db,Warm,0,15.2,16,120.0
2026-06-30 21:17:37.167,30da7dd8-59d9-4d08-b2e2-b9e51daf8788,Warm,0,14.72,15,120.0
2026-06-30 21:17:37.168,aa6ab8d7-dc3d-4803-89d8-313c9e2c2f8b,Warm,0,12.48,13,120.0
2026-06-30 21:17:37.174,981e7d5f-ed84-421e-b25e-6c340f768b6a,Warm,0,12.97,13,120.0
2026-06-30 21:17:37.366,6b80477a-a79d-4295-9755-1ec6a6a023cd,Warm,0,14.37,15,120.0
2026-06-30 21:17:37.373,73caf46e-8d8c-43b0-a372-edcd9fad7f04,Warm,0,13.03,14,120.0
2026-06-30 21:17:37.387,66ba4d05-46b4-45cc-8ae2-a6db84ea3a0f,Warm,0,23.43,24,120.0
2026-06-30 21:17:38.045,7f36c8aa-e8f7-4f13-a504-2b49ee0fbc8a,Warm,0,12.37,13,120.0
2026-06-30 21:17:38.046,6da8c764-a787-497d-be30-2dd36cd7b753,Warm,0,13.36,14,120.0
2026-06-30 21:17:38.050,4036fb71-cf5b-4f5e-8eda-af87243d19d2,Warm,0,13.33,14,120.0
2026-06-30 21:17:38.051,7c43aafd-57f7-4d28-a3e6-597ec85a206d,Warm,0,13.44,14,120.0
2026-06-30 21:17:38.052,9b73ef7e-4c8a-4ca8-ad57-b3e6cd682167,Warm,0,16.42,17,120.0
2026-06-30 21:17:38.862,4bfe36d1-8fcb-4707-bd24-65ac040721f2,Warm,0,13.46,14,120.0
2026-06-30 21:17:38.872,eca58e7f-f98b-47bf-bb51-7f0eab405329,Warm,0,11.38,12,120.0
2026-06-30 21:17:38.875,5ca08f32-4fe5-41df-a7f8-b1309ec3c478,Warm,0,13.58,14,120.0
2026-06-30 21:17:47.472,8fe30d7f-6cf7-4edb-bd86-e96038e5cc64,Warm,0,56.51,57,120.0
2026-06-30 21:17:48.341,fec7f88a-83a3-47fe-b60e-1f9bb4c98423,Warm,0,11.48,12,120.0
2026-06-30 21:17:48.399,6ab85914-f302-453b-a5a8-3860d00adcd7,Warm,0,11.72,12,120.0
2026-06-30 21:17:49.169,6dc9661f-f492-475d-9495-2931cf925310,Warm,0,14.49,15,120.0
2026-06-30 21:17:49.205,fe637d7c-be4b-4c1f-a446-d1abc132fc8d,Warm,0,37.85,38,120.0
2026-06-30 21:17:49.211,05123297-e511-44bd-9e96-00cbbdf83f99,Warm,0,42.35,43,120.0
2026-06-30 21:17:50.017,bbb62259-cf23-42e8-9b94-4117d6c952df,Warm,0,13.57,14,120.0
2026-06-30 21:17:50.020,712e3bd6-f9b3-46c9-b222-66028923348d,Warm,0,12.35,13,120.0
2026-06-30 21:17:50.022,5b4a30c1-8a56-4ccf-b514-ff63425c34a7,Warm,0,12.1,13,120.0
2026-06-30 21:17:50.055,51f3e347-18c6-4868-9a41-f405ccb9cc88,Warm,0,40.84,41,120.0
2026-06-30 21:17:50.061,147e229b-c198-4102-8da6-faf9ccb59b5f,Warm,0,43.02,44,120.0
2026-06-30 21:17:50.254,f8c0c3e3-4f9d-4d7c-baeb-6b5a457ee9f3,Warm,0,14.33,15,120.0
2026-06-30 21:17:50.798,7a9a62a6-78cd-4564-9c9b-c3b098a8a789,Warm,0,13.09,14,120.0
2026-06-30 21:17:50.806,41222aec-8bbe-4b62-be63-96cb54515fff,Warm,0,12.03,13,120.0
2026-06-30 21:17:50.806,50b41ca7-3e39-4e00-b8ee-a0af46d27a99,Warm,0,12.44,13,120.0
2026-06-30 21:17:50.814,79e15fee-e4ce-48df-8057-df6f68b1d0e4,Warm,0,12.96,13,120.0
2026-06-30 21:17:50.816,16f8dd59-2530-433c-9d5d-625d3c17e765,Warm,0,13.57,14,120.0
2026-06-30 21:17:50.842,ebea73b4-ec8b-4594-841c-1b94573ec6aa,Warm,0,38.91,39,120.0
2026-06-30 21:17:50.999,a6e8393a-f6b5-4ba9-84a8-314f24315714,Warm,0,11.89,12,120.0
2026-06-30 21:17:51.008,faeb3f9e-3bad-46db-8c24-1679f7e1f45e,Warm,0,13.24,14,120.0
2026-06-30 21:17:51.584,e58a58d0-edb2-4d51-be92-95b1b31f378b,Warm,0,12.41,13,120.0
2026-06-30 21:17:51.589,47dd2414-efca-42e8-9e93-725b42d67759,Warm,0,18.78,19,120.0
2026-06-30 21:17:51.592,b3084a81-33e4-4917-8b47-8be3513251cc,Warm,0,16.33,17,120.0
2026-06-30 21:17:51.595,0c7ec6ca-2b17-4480-95bb-41ac42a39ef6,Warm,0,11.87,12,120.0
2026-06-30 21:17:51.597,6428ec4e-dfe3-4c90-80a2-ed7d27c0a596,Warm,0,13.73,14,120.0
2026-06-30 21:17:51.613,0ceefea9-dd57-4ad1-9b28-5b112c3d6925,Warm,0,14.37,15,120.0
2026-06-30 21:17:51.613,7dd57ffd-4407-4807-a93b-cdcff1791264,Warm,0,13.29,14,120.0
2026-06-30 21:17:51.796,64ca3300-cb75-435b-9b9c-bf6d16099dcb,Warm,0,14.57,15,120.0
2026-06-30 21:17:52.495,edcb5907-f0c8-4520-a6f3-eacff4f60d1e,Warm,0,14.73,15,120.0
2026-06-30 21:17:52.499,d33bb251-0c6a-46e7-91a3-1b982bad6e26,Warm,0,11.25,12,120.0
2026-06-30 21:17:52.503,11ea10b1-aa67-4997-9989-1ba74cc82f95,Warm,0,12.45,13,120.0
2026-06-30 21:17:52.506,e28e0bec-7403-4dd4-9dae-829bba0c45b5,Warm,0,12.42,13,120.0
2026-06-30 21:17:52.513,bf996e6c-65b7-484a-afd4-f40703970fba,Warm,0,11.55,12,120.0
2026-06-30 21:17:52.514,bcd742fe-b0e7-44c7-b9aa-564d95c89d7b,Warm,0,12.3,13,120.0
2026-06-30 21:17:52.514,49d3cc9d-1bfd-4f9c-889f-c7df78636b8e,Warm,0,13.29,14,120.0
2026-06-30 21:17:52.518,f0f66e65-09f1-4772-b17e-cfe6cbf86d3f,Warm,0,13.91,14,120.0
2026-06-30 21:17:53.394,19d3d009-23fe-419c-9487-079ba49ff4c1,Warm,0,13.21,14,120.0
2026-06-30 21:17:53.442,1e627d2e-34de-4850-9430-180c7abf1090,Warm,0,12.78,13,120.0
2026-06-30 21:17:53.443,29692017-40a1-426c-8134-f11f4424273c,Warm,0,12.82,13,120.0
2026-06-30 21:17:53.443,065cda1c-df61-4e7c-962d-ed68457035d4,Warm,0,12.33,13,120.0
2026-06-30 21:17:53.444,a3c96fc3-a663-4a49-b236-b06cfdfbe774,Warm,0,13.25,14,120.0
2026-06-30 21:17:53.452,5aa605cd-5003-4585-9415-72d44505b69b,Warm,0,15.57,16,120.0
2026-06-30 21:17:53.453,b7db430a-4213-438a-afe6-a6eaf63b5664,Warm,0,11.93,12,120.0
2026-06-30 21:17:53.637,92836738-bf74-429a-bc96-da46a6dc04c9,Warm,0,13.22,14,120.0
2026-06-30 21:17:53.641,339e0135-9903-4dc9-a1fd-f7bd1bf483e0,Warm,0,12.13,13,120.0
2026-06-30 21:17:54.203,5a278837-6f6e-49a9-9737-e191caecb12f,Warm,0,13.13,14,120.0
2026-06-30 21:17:54.205,debb1fa7-3115-4fc0-b9c1-3d9997489547,Warm,0,13.54,14,120.0
2026-06-30 21:17:54.249,7b820052-40dd-4203-88f4-f7d52d621276,Warm,0,11.81,12,120.0
2026-06-30 21:17:54.251,693f11b0-2f60-4e0f-b992-1f7309f1ecaf,Warm,0,12.48,13,120.0
2026-06-30 21:17:54.252,9a0e6e33-64b5-419e-9a55-bb01151ab71f,Warm,0,12.51,13,120.0
2026-06-30 21:17:54.252,9b16fc8b-abec-419c-8ea9-468c4581d4a1,Warm,0,11.93,12,120.0
2026-06-30 21:17:54.254,302a5532-8413-48c7-9586-4649efed18df,Warm,0,14.85,15,120.0
2026-06-30 21:17:54.257,4624e166-1dc2-45fe-85d6-df4990f4fecd,Warm,0,14.55,15,120.0
2026-06-30 21:17:55.092,d8da9873-c595-4da1-ad4d-b5d534f42b77,Warm,0,14.39,15,120.0
2026-06-30 21:17:55.093,99f7fdd4-003b-4928-b417-80a6cee37dfa,Warm,0,15.07,16,120.0
2026-06-30 21:17:55.102,f6b2c74d-eff0-41d4-9698-8b5851c61fc3,Warm,0,11.27,12,120.0
2026-06-30 21:17:55.105,4214d640-eb2d-4695-907c-eb4e3797d5f6,Warm,0,12.77,13,120.0
2026-06-30 21:17:55.110,5c0d1b6f-513e-4036-a353-2c869d415f69,Warm,0,13.59,14,120.0
2026-06-30 21:17:55.147,d129ebba-9051-46cc-80c2-ef360b89b646,Warm,0,12.88,13,120.0
2026-06-30 21:17:56.084,3f3b0bf6-448f-4998-b658-58bd4ff064fe,Warm,0,12.63,13,120.0
2026-06-30 21:17:56.084,72a28b66-2c39-42d1-9ed5-4d11f4acee85,Warm,0,12.28,13,120.0
2026-06-30 21:17:56.086,d8f49e43-537f-43cc-9f15-e7a0e8aa3f4f,Warm,0,13.49,14,120.0
2026-06-30 21:17:56.086,df09d65b-3908-4be6-96a0-1f4affd51d83,Warm,0,14.23,15,120.0
2026-06-30 21:17:56.086,bb96e363-038b-40fd-b1cc-48153e7e1624,Warm,0,13.87,14,120.0
2026-06-30 21:17:56.894,a3b39306-150f-4434-807e-cb5473b55fd1,Warm,0,12.58,13,120.0
2026-06-30 21:17:56.903,48b72b0f-3627-4b33-bf98-c41388d59d65,Warm,0,11.71,12,120.0
2026-06-30 21:18:06.307,30d52922-74f9-4d6e-b484-9d2625a89bdf,Warm,0,43.06,44,120.0
2026-06-30 21:18:06.486,fb4c2151-9c1a-48a8-ba53-6bcb20b6f23c,Warm,0,12.48,13,120.0
2026-06-30 21:18:07.060,4538a1d8-7b85-4957-8f52-9dcb92a5737b,Warm,0,13.97,14,120.0
2026-06-30 21:18:07.094,75c55df3-53d5-4f9c-b61d-fd2e19988f25,Warm,0,43.45,44,120.0
2026-06-30 21:18:07.103,be944792-b1ce-427f-bebc-f80308ad89bb,Warm,0,39.81,40,120.0
2026-06-30 21:18:07.266,bbd2e385-8957-4a65-b670-2381a2d340e6,Warm,0,14.81,15,120.0
2026-06-30 21:18:07.273,eb50c18c-44a8-4b76-bb5e-db17e22ed926,Warm,0,13.49,14,120.0
2026-06-30 21:18:07.273,631bdc05-59b5-4ccb-82bb-8aa99f1f9aed,Warm,0,11.87,12,120.0
2026-06-30 21:18:07.850,b63a5be8-8d8a-43b9-9152-b048ecf3f41f,Warm,0,12.7,13,120.0
2026-06-30 21:18:07.871,d8beb92a-59d8-425d-831a-0bd76c83ef99,Warm,0,13.75,14,120.0
2026-06-30 21:18:08.044,ed162601-cbf8-4ac4-bf90-2606c08a226e,Warm,0,13.41,14,120.0
2026-06-30 21:18:08.048,5b703a3d-0884-473e-a4c5-d37190848a29,Warm,0,15.43,16,120.0
2026-06-30 21:18:08.075,6a582c70-a3b6-4f79-bd41-9969ecc780b5,Warm,0,12.87,13,120.0
2026-06-30 21:18:08.088,32bd6f1f-27dc-4739-8c7d-66e6ff40fb9d,Warm,0,13.38,14,120.0
2026-06-30 21:18:08.091,5e7248a1-efdd-4fe7-94e8-0a04b0d69193,Warm,0,13.14,14,120.0
2026-06-30 21:18:08.723,3be32766-d040-472d-ae38-176155f2417e,Warm,0,12.36,13,120.0
2026-06-30 21:18:08.725,3d307e10-74cc-4c8c-84a4-96b15d68ee07,Warm,0,12.7,13,120.0
2026-06-30 21:18:08.744,0f136e8f-97b1-4209-83ab-92d02b608ebc,Warm,0,13.91,14,120.0
2026-06-30 21:18:08.761,44a3cb41-9b31-46df-9571-185cbfe9ae74,Warm,0,14.72,15,120.0
2026-06-30 21:18:08.762,56d052da-ae63-4075-9af5-577ea8753aa6,Warm,0,12.22,13,120.0
2026-06-30 21:18:08.786,470b4ed8-3b0f-4317-9fdc-44567179628d,Warm,0,16.03,17,120.0
2026-06-30 21:18:09.537,4314670d-35f0-4944-bf65-a4f60f8e58c4,Warm,0,13.74,14,120.0
2026-06-30 21:18:09.556,b9284b82-c4fb-4432-90eb-51ee073b71c9,Warm,0,12.94,13,120.0
2026-06-30 21:18:09.580,6c614a9d-aae0-42d4-9e74-0bbb5fe4ef43,Warm,0,14.33,15,120.0
2026-06-30 21:18:09.587,f0bfbcd2-1320-4ef5-b5c8-c9e5a9587cbc,Warm,0,12.06,13,120.0
2026-06-30 21:18:09.751,9ae1db58-552c-4f33-aabb-036acfb6c281,Warm,0,13.67,14,120.0
2026-06-30 21:18:09.760,027999be-0151-4cf7-89b1-5bee2c20359c,Warm,0,13.45,14,120.0
2026-06-30 21:18:09.763,9d5bd613-b117-4cd7-89cf-b1d61ccff058,Warm,0,13.51,14,120.0
2026-06-30 21:18:09.791,1fc4e5ff-f3f6-490e-a258-d82df240fa53,Warm,0,40.33,41,120.0
2026-06-30 21:18:10.431,3290ded1-0ef9-4042-9432-90ef3826e020,Warm,0,12.91,13,120.0
2026-06-30 21:18:10.440,10967881-f9f6-452f-a7b7-d6aa863e2803,Warm,0,13.15,14,120.0
2026-06-30 21:18:10.446,a5ca490a-798e-4e69-8a37-355fb0f27c44,Warm,0,12.43,13,120.0
2026-06-30 21:18:10.646,7c7ffc0f-9edb-446e-8e71-240e07a715b9,Warm,0,14.03,15,120.0
2026-06-30 21:18:10.652,daff065b-4229-4534-b8df-19861be6bcc4,Warm,0,13,13,120.0
2026-06-30 21:18:10.653,961bb0b1-c08c-4073-ab21-221a3528d1da,Warm,0,12.73,13,120.0
2026-06-30 21:18:10.655,53d05a34-9555-463c-b498-d313568c8812,Warm,0,12.74,13,120.0
2026-06-30 21:18:10.666,23cd0db2-e667-4b1d-86e6-21349bffd41a,Warm,0,14.42,15,120.0
2026-06-30 21:18:11.250,722f353b-30bd-4890-9f92-01d8702fad51,Warm,0,14.72,15,120.0
2026-06-30 21:18:11.250,15c8752c-341a-4355-9060-3be51835d73a,Warm,0,12.31,13,120.0
2026-06-30 21:18:11.252,8fa1a6c1-39d0-4518-be0d-a2815265f5ef,Warm,0,13.18,14,120.0
2026-06-30 21:18:11.451,159eefe9-fb3e-4ef3-aa0f-49761f956bd7,Warm,0,13.39,14,120.0
2026-06-30 21:18:11.527,a5576dea-5d9d-40fb-a3c6-1ceac2f94f01,Warm,0,12.72,13,120.0
2026-06-30 21:18:11.528,33943047-adbd-43dc-956e-4ca900e1fa02,Warm,0,12.29,13,120.0
2026-06-30 21:18:11.579,63ce1e95-b5b5-41ad-bfd0-9527f53f16d0,Warm,0,12.93,13,120.0
2026-06-30 21:18:12.033,0e97efd4-2182-4bd1-b113-3b3b63cb2d90,Warm,0,13.99,14,120.0
2026-06-30 21:18:12.050,1498f1b0-5763-47eb-8fa8-8284191f3e55,Warm,0,12.92,13,120.0
2026-06-30 21:18:12.065,633fe681-5fa3-4988-8383-3473174a7172,Warm,0,14.4,15,120.0
2026-06-30 21:18:12.085,17fd110c-dabc-40d6-aa55-bcbc952c0a20,Warm,0,12.49,13,120.0
2026-06-30 21:18:12.086,5a3a1686-005b-4b00-8ee8-f128d52972c9,Warm,0,13.8,14,120.0
2026-06-30 21:18:12.087,02c6d8e2-a19d-4bc3-864a-422832018c35,Warm,0,13.73,14,120.0
2026-06-30 21:18:12.088,7a5cb6e3-eaf7-49ce-8ba6-c0f6934cd914,Warm,0,15.37,16,120.0
2026-06-30 21:18:12.200,5f22926b-1a30-4b19-a227-ea87e14347cc,Warm,0,12.5,13,120.0
2026-06-30 21:18:12.958,81bb3410-e5dd-4c4c-a3c8-b69bb593206a,Warm,0,12.11,13,120.0
2026-06-30 21:18:12.961,c6766ec0-d03c-42a3-b31d-8d411a21c956,Warm,0,16.61,17,120.0
2026-06-30 21:18:12.964,a21c7b3b-392e-40a2-a24c-cdb0d9881497,Warm,0,12.63,13,120.0
2026-06-30 21:18:12.967,3e899347-efee-4d7a-8e80-3aeeb66c660b,Warm,0,13.62,14,120.0
2026-06-30 21:18:12.997,463cb85d-3a87-48c1-8492-b16c772c62ba,Warm,0,43.15,44,120.0
2026-06-30 21:18:13.146,e0e1ccb2-3055-490f-824c-e889f15fced5,Warm,0,15.48,16,120.0
2026-06-30 21:18:13.151,8162dd0e-3a96-4a17-903e-ec73fe769bf3,Warm,0,14.03,15,120.0
2026-06-30 21:18:13.869,38bdb248-0e7a-44ef-a44d-808f8c8f76e3,Warm,0,11.77,12,120.0
2026-06-30 21:18:13.871,134a6286-3f11-46df-92ae-c4d8955e743f,Warm,0,12.59,13,120.0
2026-06-30 21:18:13.871,eacbe597-bc2a-44cf-9ed8-bd7cfc80b85f,Warm,0,12.61,13,120.0
2026-06-30 21:18:14.058,2192f4f5-6c78-4974-b671-92c776fb24cb,Warm,0,11.62,12,120.0
2026-06-30 21:18:14.068,e943b55c-7079-4b84-a4e0-0a9288ed46a4,Warm,0,13.01,14,120.0
2026-06-30 21:18:14.068,5d07911f-41da-4772-a4f2-d44f3d2033d1,Warm,0,12.41,13,120.0
2026-06-30 21:18:14.747,06193516-b337-4c2c-9816-8e275ea02f9f,Warm,0,13.44,14,120.0
2026-06-30 21:18:36.285,c52eb2a9-6dca-47cc-a6fb-f47e59376240,Warm,0,74.59,75,120.0
2026-06-30 21:18:36.869,be6ec6c6-93bf-4f75-976d-40603cb2e588,Warm,0,46.71,47,120.0
2026-06-30 21:18:36.897,914cc689-8286-419b-8f2b-d5b1daf954ba,Warm,0,73.2,74,120.0
2026-06-30 21:18:37.075,b16aa197-f4c9-4548-8f43-c9c27240cae9,Warm,0,42.88,43,120.0
2026-06-30 21:18:37.745,41be29aa-4cef-476a-b527-9a8eb976c991,Warm,0,43.3,44,120.0
2026-06-30 21:18:37.769,e8bcd989-3995-4f22-b702-874f875fb052,Warm,0,52.7,53,120.0
2026-06-30 21:18:37.788,1950f7ee-4d1a-4d1e-afb8-59217fb9d2e5,Warm,0,69.26,70,120.0
2026-06-30 21:18:38.829,2d2b29ec-c2ec-4cd8-a1c0-cb327ae6d019,Warm,0,44.7,45,120.0
2026-06-30 21:18:38.833,6c01f573-bcdd-4c95-a50f-9db72d0817a7,Warm,0,46.88,47,120.0
2026-06-30 21:18:38.836,b4bd076a-28f7-46c3-a40b-f2f467d8a6ed,Warm,0,52.57,53,120.0
2026-06-30 21:18:39.373,b1bac580-ad3e-4838-b9f6-f4a4d42d4a5e,Warm,0,41.65,42,120.0
2026-06-30 21:18:39.377,a304f718-10ad-429e-b0f5-497ee40b651f,Warm,0,44.34,45,120.0
2026-06-30 21:18:40.341,f0596b61-40e2-47b3-b468-2725d95f5fa8,Warm,0,41.51,42,120.0
2026-06-30 21:18:40.342,6f93eed4-6724-488c-800f-d06dd275ef5e,Warm,0,46.85,47,120.0
2026-06-30 21:18:40.345,cc7e1785-9038-440c-bf22-885fbf40c059,Warm,0,43.52,44,120.0
2026-06-30 21:18:41.345,3d282ec3-dc10-4664-9c02-ed138ce86116,Warm,0,42.95,43,120.0
2026-06-30 21:18:41.361,481e3a02-bfdb-446f-901c-b8c092dcd620,Warm,0,41.57,42,120.0
2026-06-30 21:18:41.984,cca96915-d2b7-4e85-8ecb-d508c710df2c,Warm,0,44.73,45,120.0
2026-06-30 21:18:41.985,bbce99b9-0eb2-4fda-a0f7-ecb09d656d85,Warm,0,42.64,43,120.0
2026-06-30 21:18:41.986,ac01dc71-ace1-4801-ab57-162be1c3395a,Warm,0,42.28,43,120.0
2026-06-30 21:18:43.049,7728ef64-8f2a-4730-a5bd-a110cf2b9e38,Warm,0,43.83,44,120.0
2026-06-30 21:18:43.097,d9547f42-8485-4c6c-bfec-55d4463e43ba,Warm,0,43.76,44,120.0
2026-06-30 21:18:44.508,a959292a-a305-4b1d-800e-a5099e73cc6a,Warm,0,11.79,12,120.0
2026-06-30 21:18:44.520,df2ca6f9-523f-4f84-943c-4ecf74f5840d,Warm,0,12.37,13,120.0
2026-06-30 21:18:44.521,4884a9cd-e72a-4185-a3fc-5a64c1e21ade,Warm,0,12.39,13,120.0
2026-06-30 21:18:44.544,ff154061-f8f1-4fd7-9b27-e69cda4ebd1c,Warm,0,12.57,13,120.0
2026-06-30 21:18:44.581,e28cef4e-c112-4449-809f-cf3e227725fb,Warm,0,14.22,15,120.0
2026-06-30 21:18:45.326,55011af6-1cbb-4a1f-9f6d-94f51bc84e4f,Warm,0,14.22,15,120.0
2026-06-30 21:18:45.343,79b05470-b72a-407e-b887-9a02f06767b3,Warm,0,12.47,13,120.0
2026-06-30 21:18:45.353,a95cbffa-fdde-4753-85f0-583079ded687,Warm,0,13.2,14,120.0
2026-06-30 21:18:45.353,a1256a88-4401-47aa-babb-73bea48b3bd0,Warm,0,13.52,14,120.0
2026-06-30 21:18:45.378,a4abebe4-4b42-40a6-a467-ed7aa165fcab,Warm,0,38.09,39,120.0
2026-06-30 21:18:45.430,b3a659d3-d367-4436-ab08-c49d4c8bd87e,Warm,0,13.4,14,120.0
2026-06-30 21:18:45.430,9c0a9202-a9f7-4f71-82ed-bd54b94d7fb2,Warm,0,12.36,13,120.0
2026-06-30 21:18:45.431,1e336ee0-f01f-452c-8ef7-ac0a518c6a66,Warm,0,13.07,14,120.0
2026-06-30 21:18:45.436,b2635dec-b59f-4a7b-a233-4ebe44e8c00b,Warm,0,14.27,15,120.0
2026-06-30 21:18:46.136,437e3c60-552c-4330-a0c9-f7cd50d1b026,Warm,0,14.91,15,120.0
2026-06-30 21:18:46.139,8aa347e5-3922-40d5-a6d4-0969f92e88e2,Warm,0,13.77,14,120.0
2026-06-30 21:18:46.142,f6b4a4bf-02b9-43d9-96e6-ce7259c99432,Warm,0,13.17,14,120.0
2026-06-30 21:18:46.144,57d736d6-1334-4854-9e9c-3bd08950783c,Warm,0,13.81,14,120.0
2026-06-30 21:18:46.154,e6298837-4d9c-40c2-ae12-92f178bf1dbb,Warm,0,12.14,13,120.0
2026-06-30 21:18:46.226,919e9e84-0713-4778-94dd-5da2d824a1ef,Warm,0,13.52,14,120.0
2026-06-30 21:18:46.307,49760be7-d4e2-414f-b01d-56181c729a74,Warm,0,12.28,13,120.0
2026-06-30 21:18:47.156,dafae4be-3ac2-4f2b-b046-7e4a78c95fb4,Warm,0,13.13,14,120.0
2026-06-30 21:18:47.165,afb760c5-8134-4f13-a9eb-d5619f0fa5e7,Warm,0,11.88,12,120.0
2026-06-30 21:18:47.180,31f7d755-c8b6-4714-bd7d-e265d45dbfc4,Warm,0,10.94,11,120.0
2026-06-30 21:18:47.182,47201a0b-1218-4f96-aa51-a3d3f52e4431,Warm,0,12.73,13,120.0
2026-06-30 21:18:47.218,a6f55f59-e174-411e-969f-7ab756bdcbb4,Warm,0,12.02,13,120.0
2026-06-30 21:18:47.224,8462895b-86f5-475d-bc53-dc35e9c445a3,Warm,0,12.81,13,120.0
2026-06-30 21:18:47.918,6b65748a-43c1-4f61-8cfd-4c6de9c465e3,Warm,0,13.68,14,120.0
2026-06-30 21:18:47.939,08312a7e-5e16-4282-b49a-00ba0f792ab3,Warm,0,11.77,12,120.0
2026-06-30 21:18:47.958,8ce8bcc6-d2b0-4c05-a3cd-b70ac783e42f,Warm,0,12.9,13,120.0
2026-06-30 21:18:47.965,098c22dd-807b-48ba-9fb1-4822c9a7f92c,Warm,0,13.13,14,120.0
2026-06-30 21:18:47.968,50dcb97b-2598-47cf-9ec8-e8ccfee619c2,Warm,0,12.97,13,120.0
2026-06-30 21:18:47.976,28b387f2-619b-4db2-b50f-b208b090c624,Warm,0,22.5,23,120.0
2026-06-30 21:18:47.995,4197eddb-8aa1-479f-8909-7b9d5e17433f,Warm,0,39.47,40,120.0
2026-06-30 21:18:48.840,7c8ea508-9e71-4716-beea-9ebd36be69e9,Warm,0,14.22,15,120.0
2026-06-30 21:18:48.841,db2fcc93-9139-4eec-a0f5-b59c34ddce85,Warm,0,14.41,15,120.0
2026-06-30 21:18:48.841,8fb618cf-3af3-42a5-8ccd-12a208749a40,Warm,0,12.71,13,120.0
2026-06-30 21:18:48.851,3d66418a-7a62-4c80-ac2d-36a27094bd9d,Warm,0,12.47,13,120.0
2026-06-30 21:18:48.852,ee9a67f4-e83d-498a-8b31-b0ef994ac695,Warm,0,13.21,14,120.0
2026-06-30 21:18:49.036,3a0c0dc4-1587-4c98-af29-c136afd67a79,Warm,0,13.17,14,120.0
2026-06-30 21:18:49.530,eb3153b1-3cfa-4a87-a60e-f594e24b1e83,Warm,0,13.49,14,120.0
2026-06-30 21:18:49.532,b6e95f7e-206a-4264-84c0-cb8381027608,Warm,0,13.24,14,120.0
2026-06-30 21:18:49.551,9ea0c262-6c35-4412-b1ba-7b39dda62ae5,Warm,0,12.49,13,120.0
2026-06-30 21:18:49.558,a9aa73ef-4e2b-4e47-bb75-02b83cb32d7d,Warm,0,12.05,13,120.0
2026-06-30 21:18:49.560,f9fa4afd-0d23-4b79-ada0-4abbf883b00d,Warm,0,12.73,13,120.0
2026-06-30 21:18:49.598,0112f98e-0dfe-4420-a709-6a07ef2bf8e7,Warm,0,12.2,13,120.0
2026-06-30 21:18:49.601,f6fe1d29-2196-45f6-b0e5-a1739d2ab088,Warm,0,12.65,13,120.0
2026-06-30 21:18:49.602,7c8a6a8b-2b61-447e-8c2f-60032bd12c35,Warm,0,14.16,15,120.0
2026-06-30 21:18:49.726,70e46c22-495b-4e23-8fbf-0dfa9b148e12,Warm,0,14.33,15,120.0
2026-06-30 21:18:50.417,938f2f2a-2b59-473b-ae7f-ce6ac5e4645d,Warm,0,13.7,14,120.0
2026-06-30 21:18:50.430,b27d2928-b634-4527-a074-d7eb288b75ca,Warm,0,11.59,12,120.0
2026-06-30 21:18:50.615,284f7f5d-c646-45eb-a72d-a44a56d468ae,Warm,0,13.05,14,120.0
2026-06-30 21:18:50.644,bb7f0761-589d-49cb-b0aa-d2b6e52a0743,Warm,0,12.73,13,120.0
2026-06-30 21:18:50.644,18b56baa-e33a-4de5-86a9-3c9a21d3de37,Warm,0,14.18,15,120.0
2026-06-30 21:18:50.650,12983e1a-4473-477f-acdf-f149d7ff9400,Warm,0,13.91,14,120.0
2026-06-30 21:18:51.312,e385263d-c7ad-4079-8630-dbe04c993e3e,Warm,0,13.16,14,120.0
2026-06-30 21:18:51.513,77f2b271-19e1-467b-bfb0-ba2f56e7bc8a,Warm,0,13.35,14,120.0
2026-06-30 21:18:51.514,fe411b52-1729-4399-879d-832f872385f6,Warm,0,13.98,14,120.0
2026-06-30 21:18:51.602,67b35a2f-6e7b-49d7-af80-2c5fb68ba8f2,Warm,0,12.52,13,120.0
2026-06-30 21:18:51.604,c676e0ff-47bb-4e5d-903f-4694ea48d65f,Warm,0,12.76,13,120.0
2026-06-30 21:18:51.604,33b7375b-09b7-460b-b019-fcc0407bbcbf,Warm,0,13.4,14,120.0
2026-06-30 21:18:52.270,6dea26a8-42b6-4c9a-8e68-6a9022268429,Warm,0,12.27,13,120.0
2026-06-30 21:18:52.427,e787c5a9-c6c6-48ec-8b8e-291b56c8a0ad,Warm,0,13.59,14,120.0
2026-06-30 21:18:52.987,7bd18474-647e-4fda-b898-26c72227a9a6,Warm,0,12.54,13,120.0
2026-06-30 21:18:52.997,50e961c7-0e52-4d10-b8c9-7ddccfc79a0a,Warm,0,12.85,13,120.0
2026-06-30 21:18:53.974,2a38e840-728a-4fea-913c-0fe3fccd8347,Warm,0,11.84,12,120.0
2026-06-30 21:19:00.821,cbebe26e-7d2e-4b85-9851-a686a3b4682a,Warm,0,40.36,41,120.0
2026-06-30 21:19:00.849,98cdd742-2e65-4707-8279-79b1f3ce2620,Warm,0,37.16,38,120.0
2026-06-30 21:19:01.596,218faeb0-308c-4500-9811-4b3d2f190713,Warm,0,12.87,13,120.0
2026-06-30 21:19:01.616,03d12a14-99f2-4c7f-9bf1-e4ae64f872eb,Warm,0,13.41,14,120.0
2026-06-30 21:19:01.715,349cb761-6a1b-4148-b264-7a55221b7c56,Warm,0,13.73,14,120.0
2026-06-30 21:19:01.716,45065d7a-76e0-4219-8138-b75774189a18,Warm,0,11.87,12,120.0
2026-06-30 21:19:02.474,d024be81-934f-44f3-b772-1b08a93a6945,Warm,0,13.29,14,120.0
2026-06-30 21:19:02.474,3ee525df-fcbf-4f40-b14f-133a2efe13cb,Warm,0,13.64,14,120.0
2026-06-30 21:19:02.502,504f4718-ed3d-4089-a4d9-b66876b566ca,Warm,0,39.99,40,120.0
2026-06-30 21:19:02.514,25e98222-7466-4ab6-ab36-fe9dd34d7881,Warm,0,41.9,42,120.0
2026-06-30 21:19:02.544,d13bdf23-f1bb-404b-9171-a616709087b5,Warm,0,13.31,14,120.0
2026-06-30 21:19:02.561,967fdff0-3fbc-4d2f-97f8-a4ec756e262c,Warm,0,11.54,12,120.0
2026-06-30 21:19:02.562,e69437c8-8168-4ea2-a7a0-264c71113fea,Warm,0,11.9,12,120.0
2026-06-30 21:19:02.588,defab900-597b-4ce4-a8a5-5c840156ef34,Warm,0,14.31,15,120.0
2026-06-30 21:19:02.590,b5dc08a7-df1e-4ebe-bc61-3eace2e6d772,Warm,0,18.7,19,120.0
2026-06-30 21:19:03.171,b090f25d-1630-4d73-b74f-540f70a32f7f,Warm,0,11.99,12,120.0
2026-06-30 21:19:03.188,15ad460b-c89b-4164-beda-fcb6b8ef37bd,Warm,0,12.18,13,120.0
2026-06-30 21:19:03.190,34a8572b-bd00-44ce-86c8-806430153dd4,Warm,0,13.45,14,120.0
2026-06-30 21:19:03.191,7327d35d-49c0-47bb-9e38-aa596fc957fb,Warm,0,13.69,14,120.0
2026-06-30 21:19:03.192,c11e9110-1a56-4502-8b30-0331da9684df,Warm,0,14.23,15,120.0
2026-06-30 21:19:03.217,890ba2f7-fc51-48a9-91b3-9693009743df,Warm,0,38.14,39,120.0
2026-06-30 21:19:03.219,6af3f985-54e2-49c5-a380-6949d0a18729,Warm,0,39.51,40,120.0
2026-06-30 21:19:03.373,7ca62e86-935b-427c-8ae6-709bbbc8ba0b,Warm,0,14.42,15,120.0
2026-06-30 21:19:04.223,73f5dff6-dac7-4893-8f70-3a41a15c61fa,Warm,0,11.97,12,120.0
2026-06-30 21:19:04.224,d121871c-fbba-4ccc-aac6-d26240169560,Warm,0,12.17,13,120.0
2026-06-30 21:19:04.226,b8795d0f-46e1-41c7-9972-cc77e407410b,Warm,0,13.63,14,120.0
2026-06-30 21:19:04.228,9ee01baf-4b5f-4faa-883f-2b6a9dc63f2e,Warm,0,12.54,13,120.0
2026-06-30 21:19:04.230,557a0dd9-db0f-4ab0-9c7b-66daed96abe2,Warm,0,12.95,13,120.0
2026-06-30 21:19:04.233,3c517e2d-10de-4568-adc2-bf95918e2a33,Warm,0,12.65,13,120.0
2026-06-30 21:19:04.979,66e506d4-6b3d-4aa7-af33-5104ff68a49b,Warm,0,11.12,12,120.0
2026-06-30 21:19:04.980,31f445ca-9d46-4b29-ad35-89a8c7da8ed6,Warm,0,12.19,13,120.0
2026-06-30 21:19:04.983,f61ea444-154e-43d5-8142-118fd11b0f72,Warm,0,14.48,15,120.0
2026-06-30 21:19:05.004,8f4ced76-4012-4cc6-ab53-111e3404f9de,Warm,0,13.72,14,120.0
2026-06-30 21:19:05.008,d8ecbef5-3317-4b4f-b79d-bbe1d3c3cdef,Warm,0,15.54,16,120.0
2026-06-30 21:19:05.079,dcc2739d-4769-43be-aa5f-38c10ed54161,Warm,0,11.91,12,120.0
2026-06-30 21:19:05.185,7be2514e-0ec2-474d-963d-f56b58ec6757,Warm,0,15.23,16,120.0
2026-06-30 21:19:05.876,2f3db460-3644-40c9-8b4e-be0c189a1372,Warm,0,13.47,14,120.0
2026-06-30 21:19:05.877,e03ffadc-a4ef-426f-b96f-7e76e9c11815,Warm,0,12.95,13,120.0
2026-06-30 21:19:05.909,175f57f7-ae56-4a68-ad55-5aa2749fc8d3,Warm,0,12.54,13,120.0
2026-06-30 21:19:06.071,1b1a478e-e144-4474-8847-5c78b9be25cb,Warm,0,13.6,14,120.0
2026-06-30 21:19:06.073,b55c0890-ad0f-4fcd-9a5a-5abca275f857,Warm,0,14.1,15,120.0
2026-06-30 21:19:06.119,30d56fbe-537d-4ef9-bdfc-ceb39bb81805,Warm,0,14.25,15,120.0
2026-06-30 21:19:06.580,34bfd481-de81-41fe-9c3e-7788043ea7be,Warm,0,13.19,14,120.0
2026-06-30 21:19:06.596,1b4b5a88-e750-4a1b-8755-2af0cde6222d,Warm,0,12.72,13,120.0
2026-06-30 21:19:06.597,a1dcf7a4-6277-4d84-ac68-0f08ce622c44,Warm,0,12.71,13,120.0
2026-06-30 21:19:06.599,48dba1ec-88e3-4904-ad0a-26a69272d552,Warm,0,12.83,13,120.0
2026-06-30 21:19:06.600,41d98ab8-14ad-4045-b40d-af35cd252a24,Warm,0,15.2,16,120.0
2026-06-30 21:19:06.601,d8b94ce2-1959-4fdb-9ce2-32f80a1d2efc,Warm,0,16.73,17,120.0
2026-06-30 21:19:06.788,b849de09-0347-4b3e-b350-55d882773cb2,Warm,0,13.37,14,120.0
2026-06-30 21:19:07.584,17a494b8-d12f-48b4-8f12-508d06f88d14,Warm,0,12.14,13,120.0
2026-06-30 21:19:07.591,88c32c5a-9eeb-4723-b6fd-60a74527672b,Warm,0,11.7,12,120.0
2026-06-30 21:19:07.599,a924d7f7-d7cf-4525-8615-36f86caa8a9b,Warm,0,12.97,13,120.0
2026-06-30 21:19:07.602,1daccdcc-3ca3-4a58-9171-293496edcc4a,Warm,0,13.45,14,120.0
2026-06-30 21:19:07.614,cbae9deb-a538-46d8-982e-0bf35c8882ea,Warm,0,12.71,13,120.0
2026-06-30 21:19:07.615,4f4dbfa5-a500-47c2-b7b6-df3a9edf1402,Warm,0,13.02,14,120.0
2026-06-30 21:19:07.667,8e29d3b5-12d7-4000-97b2-619d982e347b,Warm,0,57.17,58,120.0
2026-06-30 21:19:08.285,5f16c842-a5a5-4096-ba5e-3ad66c48cc07,Warm,0,14.33,15,120.0
2026-06-30 21:19:08.286,21494f5b-0b47-4eb1-abce-c024101ee1e2,Warm,0,11.54,12,120.0
2026-06-30 21:19:08.293,4ed7a46d-eabf-4ad2-914b-169f31ade951,Warm,0,13.41,14,120.0
2026-06-30 21:19:08.293,0eac6ec2-50fe-4e12-a510-5782f20cc02d,Warm,0,14.01,15,120.0
2026-06-30 21:19:08.310,71994953-f2d5-4d39-a7e9-65ec9a7fd309,Warm,0,13,14,120.0
2026-06-30 21:19:08.312,26c41acb-c872-40c3-b532-51f7107c491d,Warm,0,14.38,15,120.0
2026-06-30 21:19:08.491,85e4d441-2133-4f13-badc-594f80f23675,Warm,0,13.88,14,120.0
2026-06-30 21:19:09.319,2c5ce3d7-deed-4d0e-8fcb-e1e68598a554,Warm,0,16.11,17,120.0
2026-06-30 21:19:09.322,62de688c-b8b3-42a6-b35d-1d7fc138cad7,Warm,0,12.47,13,120.0
2026-06-30 21:19:09.355,b9cf3eab-cf36-49b0-9389-73c64288a417,Warm,0,28.77,29,120.0
2026-06-30 21:19:17.746,9818273c-bce0-4af1-8695-44ae03a6b110,Warm,0,42.44,43,120.0
2026-06-30 21:19:17.808,99008ff1-1f62-45de-b401-a8fac425caab,Warm,0,12.16,13,120.0
2026-06-30 21:19:17.922,e644904d-b976-420a-9010-121befbab719,Warm,0,13.18,14,120.0
2026-06-30 21:19:18.589,5532641c-565d-4d11-8ad0-cd58bc89c77d,Warm,0,12.2,13,120.0
2026-06-30 21:19:18.614,049ef7a6-74ce-4afe-b786-69bd7bcd36fc,Warm,0,12.3,13,120.0
2026-06-30 21:19:18.638,1625834c-7340-425f-b965-0005da57acfd,Warm,0,13.29,14,120.0
2026-06-30 21:19:18.643,5195fe68-7666-4648-bcb8-aff7e1cd277e,Warm,0,39.2,40,120.0
2026-06-30 21:19:18.650,2558636e-0444-4516-a16d-2e29e13e882d,Warm,0,40.41,41,120.0
2026-06-30 21:19:18.669,2efa6fe3-abd6-4ebe-86a4-7cd9771ae078,Warm,0,43.04,44,120.0
2026-06-30 21:19:18.808,b5932c8c-d7f3-4e24-80e7-a1941f51c444,Warm,0,12.19,13,120.0
2026-06-30 21:19:18.813,65cd8f3d-38b1-4830-a8e0-a2fc955511f1,Warm,0,13.67,14,120.0
2026-06-30 21:19:18.814,0ab4b625-3398-40ce-8644-c466a0ebb904,Warm,0,13.46,14,120.0
2026-06-30 21:19:19.309,c0c58bcc-4d67-4072-b77c-d8c4f35dc43b,Warm,0,13.26,14,120.0
2026-06-30 21:19:19.312,726e3809-e6e1-47e8-a981-8a510387f42b,Warm,0,12.44,13,120.0
2026-06-30 21:19:19.312,93e81484-0b6e-407b-8650-f3833c371cc3,Warm,0,13.05,14,120.0
2026-06-30 21:19:19.314,f76eca4c-63b4-4867-be10-3f1589a8ecb3,Warm,0,14.3,15,120.0
2026-06-30 21:19:19.345,82f5d500-271a-4284-8248-5503233c556c,Warm,0,37.51,38,120.0
2026-06-30 21:19:19.383,102450eb-1648-4311-9121-ec5240da213a,Warm,0,13.18,14,120.0
2026-06-30 21:19:19.407,08fb171c-ff37-4fe4-b216-3d6622ebaf9e,Warm,0,11.38,12,120.0
2026-06-30 21:19:19.514,2fc285e7-46c7-400a-9c81-7b45ef20e911,Warm,0,11.87,12,120.0
2026-06-30 21:19:19.587,3db76be1-7428-433d-92e3-38a4935caeb6,Warm,0,13.36,14,120.0
2026-06-30 21:19:20.207,cb364b49-e18c-4978-9a6c-e227b889c330,Warm,0,11.48,12,120.0
2026-06-30 21:19:20.224,61f49697-ca03-4e89-a7af-d5b4032c03a1,Warm,0,12.57,13,120.0
2026-06-30 21:19:20.242,278b1c87-c8b6-475e-9df1-1d84c828b0ec,Warm,0,11.23,12,120.0
2026-06-30 21:19:20.244,b975d443-1fbc-4f95-82a3-73ce60982eb1,Warm,0,14.09,15,120.0
2026-06-30 21:19:20.246,33470b99-1637-4174-ba51-138be9dcb920,Warm,0,13.45,14,120.0
2026-06-30 21:19:20.301,756bd573-84a9-4bb2-a45c-9c3286c6d55b,Warm,0,13.77,14,120.0
2026-06-30 21:19:20.302,f95eea88-6411-4853-9e0b-05b67a685624,Warm,0,11.43,12,120.0
2026-06-30 21:19:20.304,8dae7665-c399-476c-b86c-1c748217a5d0,Warm,0,14.27,15,120.0
2026-06-30 21:19:21.097,da729d3b-3cb7-477c-bbde-b4095373a989,Warm,0,11.61,12,120.0
2026-06-30 21:19:21.099,5d67ea7a-92ac-40a1-9407-36dbb53ba0cd,Warm,0,12.48,13,120.0
2026-06-30 21:19:21.116,f29e53fd-ba35-4f67-b3ef-c44fa7691e23,Warm,0,12.29,13,120.0
2026-06-30 21:19:21.116,905e4fdc-0664-438d-9e5c-627bb889f039,Warm,0,12.65,13,120.0
2026-06-30 21:19:21.150,7d1f95e8-4fa8-4bd7-af34-f0f6275778fd,Warm,0,12.96,13,120.0
2026-06-30 21:19:21.318,7226b0a8-238e-41d2-a015-932d4a0889f2,Warm,0,13.29,14,120.0
2026-06-30 21:19:21.318,ecb090cc-228a-4aa3-80fe-1b2f2ab457fa,Warm,0,12.82,13,120.0
2026-06-30 21:19:22.007,b7c16c7a-ac1d-42b3-9b94-f6704276d936,Warm,0,12.15,13,120.0
2026-06-30 21:19:22.009,864ba9b3-8675-4bae-b440-647b886ec7cc,Warm,0,13.24,14,120.0
2026-06-30 21:19:22.018,1edb0351-5dbf-454b-929f-a21f289f2964,Warm,0,12.87,13,120.0
2026-06-30 21:19:22.077,afc844b4-7b97-47c3-8b53-15039639128d,Warm,0,12.52,13,120.0
2026-06-30 21:19:22.078,33b466f4-e754-479e-a24f-f4472d71a029,Warm,0,13.5,14,120.0
2026-06-30 21:19:22.268,93f1a012-58ce-4052-8496-6ebf34bbfb80,Warm,0,14.18,15,120.0
2026-06-30 21:19:22.717,a50e6d4e-1b78-4ebc-b2fb-3cf226ba6220,Warm,0,13.78,14,120.0
2026-06-30 21:19:22.718,b5355074-6cbc-4a53-be50-cbfae2a5d057,Warm,0,13.46,14,120.0
2026-06-30 21:19:22.732,807f54e7-3a01-4a0e-8cc0-ce1e1275e5bb,Warm,0,12.24,13,120.0
2026-06-30 21:19:22.734,ec8d5ee4-589e-4cd4-ab23-a3f203e1919a,Warm,0,13.27,14,120.0
2026-06-30 21:19:22.737,7cbe1056-d3d3-42cb-b242-d4d1b5fd5b48,Warm,0,12.96,13,120.0
2026-06-30 21:19:22.737,f72f9d8c-302e-49b7-865c-8d25487cad93,Warm,0,14.28,15,120.0
2026-06-30 21:19:22.749,c387a091-8caf-4ce9-a404-b5dacfef9c1d,Warm,0,24.77,25,120.0
2026-06-30 21:19:22.791,10df7287-3bf1-45c0-acf7-b0f879defcb6,Warm,0,13.63,14,120.0
2026-06-30 21:19:23.634,3e53fa03-6710-405c-88cf-d62e76749cb9,Warm,0,11.56,12,120.0
2026-06-30 21:19:23.638,f78ff673-0942-4445-b8c3-c1ac478676e2,Warm,0,13.78,14,120.0
2026-06-30 21:19:23.653,a6f32d3a-3df6-49f9-b43c-367ee94753a9,Warm,0,12.72,13,120.0
2026-06-30 21:19:23.654,b0401503-50b9-46a9-bb94-658bb661873f,Warm,0,12.55,13,120.0
2026-06-30 21:19:23.654,e2dd4964-5174-4e42-a9d5-af911a795504,Warm,0,11.71,12,120.0
2026-06-30 21:19:23.654,25b1baa0-1c76-45ae-81e6-6a5a62869616,Warm,0,13.09,14,120.0
2026-06-30 21:19:23.663,6b9c8ad4-3bf8-4e18-b510-72e708029f4d,Warm,0,14,15,120.0
2026-06-30 21:19:24.525,5c4f6bca-079c-4c92-9545-77b923a318b4,Warm,0,13.05,14,120.0
2026-06-30 21:19:24.535,835c9894-053a-41a3-b339-0a0f7b23a6a1,Warm,0,13.11,14,120.0
2026-06-30 21:19:24.542,5989e26c-0810-4312-9757-2112c94af050,Warm,0,12.56,13,120.0
2026-06-30 21:19:24.559,fca313e5-4cc0-49f3-bdbc-bb431823a3f0,Warm,0,11.48,12,120.0
2026-06-30 21:19:24.566,ab9d99da-2680-4c9c-a4a4-7cf0f42239d6,Warm,0,12.65,13,120.0
2026-06-30 21:19:25.445,ef617da2-ba64-474f-adf9-279cdeedb119,Warm,0,11.77,12,120.0
2026-06-30 21:19:25.453,e2849226-bed4-4b1c-9ec4-238e6b91d3f9,Warm,0,13.08,14,120.0
2026-06-30 21:19:25.454,fe5c21be-9f4c-4d20-862f-d55a07f482bd,Warm,0,12.74,13,120.0
2026-06-30 21:19:26.322,e3db2e48-9daa-4093-b6e3-7bb342c28e8b,Warm,0,16.41,17,120.0
2026-06-30 21:19:34.962,1c437aa2-0e84-4122-8aef-0a62e7312f5e,Warm,0,41.09,42,120.0
2026-06-30 21:19:35.783,5af7e317-f469-4624-8b62-308ad250c15f,Warm,0,13.33,14,120.0
2026-06-30 21:19:35.829,d903ef87-77ca-428d-be10-852f69e62a5d,Warm,0,44.59,45,120.0
2026-06-30 21:19:36.371,cbcd42de-7e6c-4338-94bf-94c5b511f77a,Warm,0,13.43,14,120.0
2026-06-30 21:19:36.375,c573e28c-11fb-4dce-9e9f-b39fec1df2d6,Warm,0,13.38,14,120.0
2026-06-30 21:19:36.401,e3add0ef-020c-4978-ad9b-4d5a0d5a3b13,Warm,0,41.32,42,120.0
2026-06-30 21:19:36.409,48847c17-b7bb-4499-b3f2-85b6f960b981,Warm,0,38.53,39,120.0
2026-06-30 21:19:36.412,0cd91a76-1884-4e7a-88eb-682ae5086e01,Warm,0,40.62,41,120.0
2026-06-30 21:19:36.413,e388e4ea-6a79-47e3-a914-00ccc631b566,Warm,0,40.83,41,120.0
2026-06-30 21:19:37.252,2fff776b-9c38-481b-a2b3-f965eb26af09,Warm,0,13.31,14,120.0
2026-06-30 21:19:37.253,df4ac778-ab5d-4f19-b65d-82604266e64f,Warm,0,12.68,13,120.0
2026-06-30 21:19:37.260,965c0133-42f9-44de-a8a4-99bc42b9f526,Warm,0,14.37,15,120.0
2026-06-30 21:19:37.269,8a2e3590-9a6e-4c5b-b675-33f96fa60293,Warm,0,14.59,15,120.0
2026-06-30 21:19:37.458,6bbe4a19-d470-4a2b-b0f6-03932252c402,Warm,0,13.63,14,120.0
2026-06-30 21:19:38.146,bda6b251-0532-4671-9920-f171a12d926b,Warm,0,14.56,15,120.0
2026-06-30 21:19:38.158,6265c7fc-6be3-4c72-820f-7b6c0af02fd2,Warm,0,13.52,14,120.0
2026-06-30 21:19:38.161,2e278960-88ff-4d15-89b3-e761e5e0f554,Warm,0,12.61,13,120.0
2026-06-30 21:19:38.163,a170e049-00b7-406a-8458-cd94a687a79c,Warm,0,12.76,13,120.0
2026-06-30 21:19:38.345,1ec5dbba-071e-4b0b-bb62-1a23f283ad16,Warm,0,12.65,13,120.0
2026-06-30 21:19:38.350,cb21f9e8-890e-4086-94d1-f7cea5b2fb17,Warm,0,11.66,12,120.0
2026-06-30 21:19:39.059,b48732ba-0ee7-408c-801f-15c8451919a5,Warm,0,13.36,14,120.0
2026-06-30 21:19:39.059,ad493772-932e-4475-a00d-bfb0046c5216,Warm,0,13.35,14,120.0
2026-06-30 21:19:39.060,3cdcb82d-de09-4d2a-862d-93024abf2f8b,Warm,0,14.26,15,120.0
2026-06-30 21:19:39.240,880649f2-b594-4b15-8e6d-4e70f8f45f54,Warm,0,12.52,13,120.0
2026-06-30 21:19:39.781,9ce2f472-80f7-4216-a8c0-f499b1131dc4,Warm,0,14.23,15,120.0
2026-06-30 21:19:39.786,658ddaf0-356d-4f87-b023-96a69f0e7914,Warm,0,13.28,14,120.0
2026-06-30 21:19:39.792,f91099af-5aba-4c96-a18b-16db87317895,Warm,0,13.19,14,120.0
2026-06-30 21:19:39.798,1c3a3d88-cb79-4e81-a3aa-63ffb452e41a,Warm,0,12.89,13,120.0
2026-06-30 21:19:39.832,a7b9f78f-4014-4fb2-a411-712817af2af3,Warm,0,13.14,14,120.0
2026-06-30 21:19:39.835,bf6b13a1-84dc-4a96-a4d1-bfadc295a7f3,Warm,0,13.6,14,120.0
2026-06-30 21:19:40.638,d616e647-f07c-4019-b438-274e9d5d6602,Warm,0,13.93,14,120.0
2026-06-30 21:19:40.642,2c97156b-8fc1-464c-923f-ec3e3dcb3b72,Warm,0,13.4,14,120.0
2026-06-30 21:19:40.846,134c94ef-0431-4ecf-b5c3-cc6c3acb1c7f,Warm,0,11.94,12,120.0
2026-06-30 21:19:40.862,0f290ebf-8595-4b0c-bbc3-2d6038dc0a1a,Warm,0,20.12,21,120.0
2026-06-30 21:19:40.890,764caf64-480b-449c-93af-795449a7db8f,Warm,0,13.88,14,120.0
2026-06-30 21:19:40.913,e59d5f96-a7cd-4b35-8258-f6ce2ff061df,Warm,0,14.99,15,120.0
2026-06-30 21:19:41.565,7ff6f416-c375-4ed5-bfce-fc4e4fa153d9,Warm,0,11.7,12,120.0
2026-06-30 21:19:41.566,6fee8ef6-269e-4f80-88ed-3b1cf147fbba,Warm,0,13.54,14,120.0
2026-06-30 21:19:41.568,d3740b22-baf5-48fb-b1d8-85b364a9e9e9,Warm,0,13.41,14,120.0
2026-06-30 21:19:41.569,3254026e-0cc7-4b36-852e-08d5da8a87d1,Warm,0,14.51,15,120.0
2026-06-30 21:19:41.572,3d215e16-ce89-469e-af03-47f304e03971,Warm,0,14.29,15,120.0
2026-06-30 21:19:41.575,b2db268c-5b97-4ee1-b2c4-ecf0eb52d476,Warm,0,16.26,17,120.0
2026-06-30 21:19:41.610,64f40cc0-9448-44e9-869a-bc0aebaa17e7,Warm,0,50.38,51,120.0
2026-06-30 21:19:41.614,fcc5ec2b-1928-4590-bb0e-5b73b957075a,Warm,0,48.13,49,120.0
2026-06-30 21:19:42.455,15ca3a01-f895-4ed5-a5e4-a2934a2ccb75,Warm,0,13.21,14,120.0
2026-06-30 21:19:42.469,7c018eb1-7afe-4c7d-89cc-76228a16a78f,Warm,0,12.62,13,120.0
2026-06-30 21:19:42.473,69fce70f-f925-4410-bf0a-6f9d41ac2126,Warm,0,14.26,15,120.0
2026-06-30 21:19:42.476,efd61be2-e7e2-49b5-80b5-f7b2a9485156,Warm,0,17.23,18,120.0
2026-06-30 21:19:42.477,f65dcd5a-e4b5-4350-b4c5-3d8cae0d90cd,Warm,0,18.21,19,120.0
2026-06-30 21:19:42.483,08d3fe79-742a-4877-904d-d8d0762afea6,Warm,0,11.84,12,120.0
2026-06-30 21:19:42.484,c66ac309-576b-44b0-b046-2cb8211a7b70,Warm,0,11.8,12,120.0
2026-06-30 21:19:43.353,9c63a256-80fc-4d27-ab70-4668814f86fc,Warm,0,13.21,14,120.0
2026-06-30 21:19:43.355,6dec923a-3eb3-4b6b-b98b-0cd2bf9c5a92,Warm,0,12.34,13,120.0
2026-06-30 21:19:43.356,1f830ae5-0682-460c-9456-d7b01c0c3ab6,Warm,0,13.57,14,120.0
2026-06-30 21:19:43.362,3393d8fc-e096-4eb1-a4ca-d7e539601194,Warm,0,12.12,13,120.0
2026-06-30 21:19:43.377,0bf27cfe-5931-4f4e-a1a3-c92a2e25cf26,Warm,0,13.05,14,120.0
2026-06-30 21:19:44.182,98249464-5f8c-4e8d-b8a6-3e8ea1948fcb,Warm,0,17.71,18,120.0
2026-06-30 21:19:44.194,63a016ff-f9d8-42fb-8110-06c998e3ef8d,Warm,0,24.43,25,120.0
2026-06-30 21:19:44.221,bcf5114a-caba-4a58-a623-0c67470cbd4b,Warm,0,57.49,58,120.0
2026-06-30 21:19:45.072,d515eddc-8c7d-47b3-8c09-cf7ba7be9b9c,Warm,0,11.93,12,120.0
2026-06-30 21:19:45.084,7925dfc9-3261-4b29-9249-6109f486fda5,Warm,0,12.7,13,120.0
2026-06-30 21:19:45.873,e580fb25-9ac0-4d54-a1ff-6f050e5608e2,Warm,0,12.63,13,120.0
2026-06-30 21:19:45.880,6990df23-e945-4a47-abee-14ab503a6232,Warm,0,13.84,14,120.0
2026-06-30 21:19:45.881,819d7415-c2bc-4564-8903-62349ca138c2,Warm,0,12.21,13,120.0
2026-06-30 21:19:46.707,cc917854-4d52-4ebd-a577-2b5a72f08478,Warm,0,13.44,14,120.0
2026-06-30 21:19:46.711,56997414-50ac-4d81-8552-07af1e729672,Warm,0,13.93,14,120.0
2026-06-30 21:19:55.237,6aaad021-2b97-4e3c-98de-ee5068b7cca7,Warm,0,39.2,40,120.0
2026-06-30 21:19:55.246,143792f2-dd1b-46dd-bda7-3ae2ed268746,Warm,0,38.76,39,120.0
2026-06-30 21:19:55.246,e9f4fd6a-98a1-41de-81a4-4918c7733077,Warm,0,40.31,41,120.0
2026-06-30 21:19:55.254,5d621b85-19db-4275-a9f0-599f6144147d,Warm,0,42.71,43,120.0
2026-06-30 21:19:55.276,779c48c2-66c9-46b1-8486-5da640f8f011,Warm,0,41.84,42,120.0
2026-06-30 21:19:56.026,f288a2b8-4691-413d-8b37-a97b3b61a8dc,Warm,0,13.13,14,120.0
2026-06-30 21:19:56.026,71213b64-25d9-4c14-96fd-f51272f6325a,Warm,0,13.78,14,120.0
2026-06-30 21:19:56.031,aa1630ba-0c72-4252-b301-90532f102c16,Warm,0,13.12,14,120.0
2026-06-30 21:19:56.031,4d2bb013-0a5e-453c-bd2f-834fe7fe1753,Warm,0,13.43,14,120.0
2026-06-30 21:19:56.033,67d4898f-885d-454b-a8f1-a41e259de51b,Warm,0,13.96,14,120.0
2026-06-30 21:19:56.893,51375cfd-290d-4e67-b6c2-6c036f006aa1,Warm,0,14.64,15,120.0
2026-06-30 21:19:57.084,4c3c0b6a-9b4e-4660-adab-a6bca96226fd,Warm,0,13.91,14,120.0
2026-06-30 21:19:57.094,d0432843-4ec8-442c-b2e4-f72a479ca3d4,Warm,0,12.41,13,120.0
2026-06-30 21:19:57.096,448237f6-ae82-41c8-8a34-7002c60a9582,Warm,0,12.67,13,120.0
2026-06-30 21:19:57.774,879782c7-1a7a-4260-9fd8-d4f287e653c6,Warm,0,12.69,13,120.0
2026-06-30 21:19:57.779,6aad5b7b-04d4-47ae-a291-be29f12193bd,Warm,0,11.35,12,120.0
2026-06-30 21:19:57.780,ff74ff4a-f147-4c90-9b94-a6011031c3f0,Warm,0,12.75,13,120.0
2026-06-30 21:19:57.814,cc84aea9-fa81-4e4e-a438-293460313e29,Warm,0,11.86,12,120.0
2026-06-30 21:19:57.817,f5013c0a-7d72-483c-9b46-5444fbb354e2,Warm,0,12.05,13,120.0
2026-06-30 21:19:57.818,e94a8920-73fb-4322-975f-de278ce0e14f,Warm,0,16.31,17,120.0
2026-06-30 21:19:58.493,b86aa6a0-d059-4a08-ba34-ca92a6dfc4fc,Warm,0,13.14,14,120.0
2026-06-30 21:19:58.494,d5b53cf7-57e5-4059-b1ef-599be9b6804b,Warm,0,13.57,14,120.0
2026-06-30 21:19:58.495,4f9e3c7c-3c24-426c-adc9-a0d0c5687dd1,Warm,0,13.23,14,120.0
2026-06-30 21:19:58.511,f8a8da09-9b27-4b9f-836f-13466c1af04a,Warm,0,12.08,13,120.0
2026-06-30 21:19:58.537,3cd2df50-f2a1-427a-8242-7f56da33a4bc,Warm,0,12.52,13,120.0
2026-06-30 21:19:58.539,c9623aff-4b3c-4a13-9415-868301279ea0,Warm,0,13.44,14,120.0
2026-06-30 21:19:58.539,f05aed47-5a0c-4b89-83aa-54ba58b02972,Warm,0,13.41,14,120.0
2026-06-30 21:19:58.541,36ca8969-011f-46e2-b9c5-ef8977528401,Warm,0,12.58,13,120.0
2026-06-30 21:19:58.545,9446b5a8-2b20-43a2-9226-3870895d86fd,Warm,0,15.28,16,120.0
2026-06-30 21:19:59.407,70e5af01-039c-4a1f-9122-be3924ceb44a,Warm,0,12.91,13,120.0
2026-06-30 21:19:59.408,66c9eb00-cb4e-41b4-bbec-16cb554fc9e1,Warm,0,13.33,14,120.0
2026-06-30 21:19:59.433,dbc2164d-f1ba-4142-80d9-6446445df767,Warm,0,13.76,14,120.0
2026-06-30 21:19:59.443,59b6eba3-dd33-4cd5-9633-5acac4ad2566,Warm,0,12.32,13,120.0
2026-06-30 21:19:59.484,c890e307-885d-472c-851b-582c60e5ad50,Warm,0,14.31,15,120.0
2026-06-30 21:19:59.623,658531ec-694f-4e43-8638-598944e26cba,Warm,0,14.43,15,120.0
2026-06-30 21:19:59.630,5e61903f-d025-4c06-9c5d-33a84da8df04,Warm,0,12.18,13,120.0
2026-06-30 21:20:00.293,025556ba-3719-4f2c-a983-282a0fea76e4,Warm,0,14.4,15,120.0
2026-06-30 21:20:00.352,aeb2d2e9-5bdf-48c5-883b-5d8db2ca974f,Warm,0,12.19,13,120.0
2026-06-30 21:20:00.352,0e7b5a1f-b46d-4c30-96f9-64b3a77ab268,Warm,0,12.2,13,120.0
2026-06-30 21:20:00.354,2e22ed0d-aacf-42e6-b305-36ad16d68585,Warm,0,13.73,14,120.0
2026-06-30 21:20:00.355,13c070bb-a050-48d3-8117-ef09e802b8b0,Warm,0,15.79,16,120.0
2026-06-30 21:20:00.365,4ba1884b-1e5d-4bba-a68a-449e071a7e4d,Warm,0,24.5,25,120.0
2026-06-30 21:20:00.382,55775a53-7f6a-4bca-8c8c-e4bdc2cbd4b9,Warm,0,39.91,40,120.0
2026-06-30 21:20:00.384,82933806-6863-4f2b-9cc3-3d83e87ccc6c,Warm,0,40.9,41,120.0
2026-06-30 21:20:00.997,1521abb4-0310-4a09-bb50-0961664eafcb,Warm,0,13.26,14,120.0
2026-06-30 21:20:00.999,df08b1d6-e37e-4c16-bb7e-acce0a75e0ad,Warm,0,13.59,14,120.0
2026-06-30 21:20:01.008,d9556059-fe53-4c8c-8163-fba443a323be,Warm,0,12.66,13,120.0
2026-06-30 21:20:01.013,2372441d-4725-44e0-9b9e-3a212fe4f43c,Warm,0,12.56,13,120.0
2026-06-30 21:20:01.013,7bf31a76-d55e-43ed-9f2f-529a95979cb6,Warm,0,12.6,13,120.0
2026-06-30 21:20:01.015,2d8f62af-4b83-4563-8a7d-89a9b1885030,Warm,0,13.91,14,120.0
2026-06-30 21:20:01.016,01f56929-60ba-42c9-baff-f2bd7783ebca,Warm,0,11.67,12,120.0
2026-06-30 21:20:01.017,1a1b4a8a-7988-4e36-aaa7-ab460e792e35,Warm,0,13.23,14,120.0
2026-06-30 21:20:01.020,a1042fca-6207-4eb3-963f-1f9625a5b3d4,Warm,0,14.34,15,120.0
2026-06-30 21:20:02.049,0813885e-4691-46a2-b788-97268d32e0b3,Warm,0,14.07,15,120.0
2026-06-30 21:20:02.065,9e2ab81c-5303-4ef6-82cd-4d8942b3207b,Warm,0,14.17,15,120.0
2026-06-30 21:20:02.092,6858254a-ae83-4d57-82ee-2375d50128fc,Warm,0,13.96,14,120.0
2026-06-30 21:20:02.099,a1bad9a7-e3c1-4f2d-918a-7548922aeb0a,Warm,0,13.99,14,120.0
2026-06-30 21:20:02.108,23650733-b0fb-440e-8490-3e08dca13426,Warm,0,14.81,15,120.0
2026-06-30 21:20:02.859,0c70ccca-d86b-4d97-b06a-d95a93087afc,Warm,0,13.77,14,120.0
2026-06-30 21:20:02.892,bed8087c-24f5-42c4-990f-ca946e518d77,Warm,0,14.18,15,120.0
2026-06-30 21:20:02.892,1eb49364-58cf-45a2-b409-e6a5a41a2af1,Warm,0,15.05,16,120.0
2026-06-30 21:20:03.905,d66d23a2-aa6f-476a-a07a-2c6010dd0e09,Warm,0,14.37,15,120.0
2026-06-30 21:20:03.925,6f573f86-5083-407d-b018-9e5f3f253cb9,Warm,0,14.99,15,120.0
2026-06-30 21:20:03.928,9bfb98f1-8a25-4836-84b3-c8c807eec4e8,Warm,0,13.18,14,120.0
2026-06-30 21:20:03.928,716881bf-0eff-4081-a915-0d7bd465f7e1,Warm,0,13,13,120.0
2026-06-30 21:20:04.604,e36a97fa-1c41-47fc-a2d7-07e26160bf53,Warm,0,14.71,15,120.0
2026-06-30 21:20:55.070,c994df42-3637-4247-8514-c6b7724e6954,Warm,0,69.56,70,120.0
2026-06-30 21:20:55.620,22915a6a-6864-464a-b457-95fbab51e2a0,Warm,0,41.75,42,120.0
2026-06-30 21:20:55.656,3b665c50-d4bb-456f-a620-6dbd59ea3e3f,Warm,0,75.48,76,120.0
2026-06-30 21:20:55.661,a6358040-523f-4698-adaf-15edacfbbe3b,Warm,0,71.91,72,120.0
2026-06-30 21:20:56.646,f899d858-4b87-406a-aecd-f429deae8d07,Warm,0,43.82,44,120.0
2026-06-30 21:20:56.666,c2315f9b-140f-4f7b-969a-cc5e5cddbcfe,Warm,0,44.81,45,120.0
2026-06-30 21:20:56.670,c70496d6-721c-4ad8-8300-29805bf3f6a7,Warm,0,43.31,44,120.0
2026-06-30 21:20:57.396,941e4462-25dc-4eb4-9c92-8a3915f754a8,Warm,0,46.61,47,120.0
2026-06-30 21:20:57.397,e610dfd3-fbe7-4f6e-89c9-4e30f4c60a45,Warm,0,48.57,49,120.0
2026-06-30 21:20:57.405,97a5d9b1-fcfa-4e37-a38c-1eaac2744e90,Warm,0,47.13,48,120.0
2026-06-30 21:20:57.430,0ea04e55-7342-4beb-b9d4-e224b77f882e,Warm,0,70.87,71,120.0
2026-06-30 21:20:58.350,1b98a698-830e-4f23-a37f-25a9894087e6,Warm,0,41.37,42,120.0
2026-06-30 21:20:58.356,1553cbd4-f6cd-4af1-9414-0d828fca9e66,Warm,0,42.02,43,120.0
2026-06-30 21:20:58.383,68930afa-c9b6-49bd-bcd5-6caa4034a6f8,Warm,0,45.98,46,120.0
2026-06-30 21:20:58.421,97a46919-713f-4370-b7e8-262daebfc25a,Warm,0,77.8,78,120.0
2026-06-30 21:20:59.166,07178d12-37a3-4799-93cf-2afc9f4ef529,Warm,0,43.91,44,120.0
2026-06-30 21:20:59.175,d7ba27d6-6977-4896-8416-0cb8ba1b094e,Warm,0,45.72,46,120.0
2026-06-30 21:21:00.076,22ed93d9-8a10-430e-be99-5f2f42727cba,Warm,0,51.75,52,120.0
2026-06-30 21:21:00.081,f2493f4c-fe79-46c2-8519-d29c4e54bd42,Warm,0,56.68,57,120.0
2026-06-30 21:21:00.105,4e7198b1-27ba-499a-9f43-e0965aab53be,Warm,0,43.83,44,120.0
2026-06-30 21:21:00.791,937612b7-48b5-4768-a445-77b9e86c2c1b,Warm,0,43.65,44,120.0
2026-06-30 21:21:00.811,7da9e547-60c5-40c2-9c4f-ed634d532871,Warm,0,58.14,59,120.0
2026-06-30 21:21:02.354,766ea4aa-b5e9-4383-b70a-934d084e283f,Warm,0,13.53,14,120.0
2026-06-30 21:21:02.357,d16e8062-650f-4445-9443-02c5171d14ba,Warm,0,11.99,12,120.0
2026-06-30 21:21:02.480,103fe5d7-a947-4539-809d-02be624c4f04,Warm,0,13.26,14,120.0
2026-06-30 21:21:02.482,54ca628b-fe9a-4f3b-b180-6d072a7356b8,Warm,0,13.66,14,120.0
2026-06-30 21:21:02.496,82face2a-521b-4cf9-8440-babf39c073bd,Warm,0,12.78,13,120.0
2026-06-30 21:21:03.363,3244c4ce-f2d7-4ae2-9235-7c3f202b7ee6,Warm,0,12.97,13,120.0
2026-06-30 21:21:03.364,950f3799-5680-4081-bcae-c838c3a981db,Warm,0,15.51,16,120.0
2026-06-30 21:21:03.365,7b96cf8a-436e-4d47-b8d5-69e915bfe989,Warm,0,13.93,14,120.0
2026-06-30 21:21:03.427,04e6a83c-6fbe-490d-b75e-b181c3c00c1a,Warm,0,11.85,12,120.0
2026-06-30 21:21:03.433,07092622-38aa-4262-86c5-00adbda391c0,Warm,0,12.5,13,120.0
2026-06-30 21:21:04.142,68071073-2a37-4b79-bfbe-4acb0ce001e6,Warm,0,15.15,16,120.0
2026-06-30 21:21:04.144,6984c9c4-84e1-48bd-9b42-b3565b156d99,Warm,0,12.21,13,120.0
2026-06-30 21:21:04.154,2ba8ed84-9fa3-4231-92a6-5495d51c86a0,Warm,0,13.87,14,120.0
2026-06-30 21:21:04.165,ad3832b6-b246-45e8-a69c-e81b4e857060,Warm,0,11.25,12,120.0
2026-06-30 21:21:04.198,552b1ed1-58f2-4f8a-8004-6adab6053b52,Warm,0,12.16,13,120.0
2026-06-30 21:21:04.350,8be4524e-77b9-4cea-a893-a1e2667f2005,Warm,0,12.71,13,120.0
2026-06-30 21:21:04.369,4b27443a-4eef-4181-8611-1df085e4465c,Warm,0,11.45,12,120.0
2026-06-30 21:21:04.371,866d67d4-de8d-4287-a432-31686c14881e,Warm,0,13.48,14,120.0
2026-06-30 21:21:05.064,1cee03dd-90c7-4367-b091-b8ed106d7b19,Warm,0,12.58,13,120.0
2026-06-30 21:21:05.065,54db7214-aa43-42c2-ac80-45dec8e7ff20,Warm,0,12.63,13,120.0
2026-06-30 21:21:05.068,524e0028-2893-4b78-b102-f7063c4a791f,Warm,0,13.3,14,120.0
2026-06-30 21:21:05.093,009d2f6b-211a-4552-a606-7b412d9ef276,Warm,0,40.95,41,120.0
2026-06-30 21:21:05.094,2bd1715d-b92d-45a3-8f93-b7f378262804,Warm,0,13.37,14,120.0
2026-06-30 21:21:05.110,e9d1a8d9-3933-4ac5-b273-fea057da1e4c,Warm,0,44.48,45,120.0
2026-06-30 21:21:05.259,395d544b-6be3-43c6-887f-0b64e9832ebf,Warm,0,12.69,13,120.0
2026-06-30 21:21:05.266,9ac51298-2404-4e19-9ad1-ce3ed056817e,Warm,0,12.95,13,120.0
2026-06-30 21:21:05.281,f8fab6e6-adc3-4af5-9ea9-c289eecf6d9c,Warm,0,12.6,13,120.0
2026-06-30 21:21:05.850,75ddc683-235e-40fa-889a-06a24b25c58c,Warm,0,12.07,13,120.0
2026-06-30 21:21:05.852,7dc3b58d-9aec-4173-92f7-440ea392a417,Warm,0,13.71,14,120.0
2026-06-30 21:21:05.854,cc73bbd5-106c-4ab9-8fb7-3bc2428076d5,Warm,0,13.75,14,120.0
2026-06-30 21:21:05.862,98a05fb6-2776-4e17-aa9f-13c969202294,Warm,0,12.67,13,120.0
2026-06-30 21:21:05.867,195a81fd-6960-4b5f-a158-19e9510dab9f,Warm,0,13.69,14,120.0
2026-06-30 21:21:05.890,d59e6b90-1084-4e4f-8e98-ec396f407aa7,Warm,0,39.37,40,120.0
2026-06-30 21:21:05.894,95b0e54f-dccb-4a4c-8f99-e97cdc06f487,Warm,0,41.93,42,120.0
2026-06-30 21:21:05.904,a3ece914-cd96-4825-b9cd-5918c94e0809,Warm,0,47.4,48,120.0
2026-06-30 21:21:06.685,e2bbeae7-8236-4799-b208-cd435e6c846c,Warm,0,12.92,13,120.0
2026-06-30 21:21:06.686,fc299e8b-b2d8-4916-92b5-df18221f062e,Warm,0,12.21,13,120.0
2026-06-30 21:21:06.687,2af68673-2b30-4701-889d-84bc2a90268d,Warm,0,13.55,14,120.0
2026-06-30 21:21:06.691,6f35ab57-0d8f-43ef-9b0e-06eeacd41db3,Warm,0,13.61,14,120.0
2026-06-30 21:21:06.693,8ffd4b05-639e-442f-9e52-b5276c027be3,Warm,0,12.05,13,120.0
2026-06-30 21:21:06.697,a77307f9-413c-4956-baa4-7db9ec94bf48,Warm,0,14.28,15,120.0
2026-06-30 21:21:07.694,141b1ebe-d156-4323-a1d8-bf3f6c742ede,Warm,0,12.75,13,120.0
2026-06-30 21:21:07.694,6d279475-7f21-40a0-bd40-1e971caacb39,Warm,0,11.21,12,120.0
2026-06-30 21:21:07.696,dfae1bb1-e720-4a7e-8d72-ae4fc2ef0ba3,Warm,0,13.75,14,120.0
2026-06-30 21:21:07.698,e617c10c-084c-4c44-913b-1553be7a2139,Warm,0,13.11,14,120.0
2026-06-30 21:21:07.741,91cc19ed-34ec-4c1b-85f6-fc078f528712,Warm,0,11.19,12,120.0
2026-06-30 21:21:07.744,dcac9525-e7f4-4872-9f29-2a6fe2aa6cb3,Warm,0,13.78,14,120.0
2026-06-30 21:21:07.745,12514e7f-2588-46f5-9c9e-133da826511f,Warm,0,15.21,16,120.0
2026-06-30 21:21:08.379,0579bfbf-ccc5-4ae7-914c-169c59200275,Warm,0,12.52,13,120.0
2026-06-30 21:21:08.383,5d9f9ae3-31c8-4039-b750-4d3b90cb2a7c,Warm,0,13.19,14,120.0
2026-06-30 21:21:08.389,d8b4ea00-9507-4505-9050-9a09df0da361,Warm,0,15.01,16,120.0
2026-06-30 21:21:08.390,0b7abfb3-0493-4bd0-814a-46f2fe0779e3,Warm,0,14.02,15,120.0
2026-06-30 21:21:08.391,46e64cf0-7814-4fd8-98ef-c446098af49a,Warm,0,15.01,16,120.0
2026-06-30 21:21:08.391,772ab7db-0f48-4fea-a8cb-084fd6c06bc2,Warm,0,13.35,14,120.0
2026-06-30 21:21:08.565,5942c7ac-611a-4e9c-b60d-61755284d101,Warm,0,13,14,120.0
2026-06-30 21:21:08.624,a032f5b1-f898-4130-8555-0d0e643d6dff,Warm,0,13.54,14,120.0
2026-06-30 21:21:09.449,49c4f713-12d3-4158-8152-990cc7efe701,Warm,0,12.11,13,120.0
2026-06-30 21:21:09.463,06ac707e-bc3a-4f17-b60a-38de94a30135,Warm,0,13.29,14,120.0
2026-06-30 21:21:09.472,e9405380-21d9-497c-adf5-72028f712728,Warm,0,13.91,14,120.0
2026-06-30 21:21:09.474,e8d042b2-0e80-4e4b-a479-e32409d81034,Warm,0,12.47,13,120.0
2026-06-30 21:21:09.476,960fdae0-bbdd-4525-b409-f2c1d5502169,Warm,0,13.2,14,120.0
2026-06-30 21:21:09.479,e6d43a23-2133-423f-a335-93be739e2f2d,Warm,0,15.41,16,120.0
2026-06-30 21:21:10.156,79eb7f8a-0c98-4176-89f9-dd41349d7120,Warm,0,13.15,14,120.0
2026-06-30 21:21:10.158,a28a9fb8-fa76-4041-a5e8-93b3f955135c,Warm,0,12.88,13,120.0
2026-06-30 21:21:10.158,6f132c83-34e7-43f3-9c63-e297a5a60d96,Warm,0,12.46,13,120.0
2026-06-30 21:21:11.064,40116739-459b-4a8e-8af7-10d5d9316147,Warm,0,12.33,13,120.0
2026-06-30 21:21:17.739,25d229a4-c90e-4a51-879b-1ae05248bc58,Warm,0,38.66,39,120.0
2026-06-30 21:21:17.741,bc42a6ca-67be-40ab-852a-b8dcd63ef445,Warm,0,40.35,41,120.0
2026-06-30 21:21:17.913,8f554e07-f59c-4b5d-b392-97bedd7a147f,Warm,0,12.43,13,120.0
2026-06-30 21:21:17.919,6d4539e4-2a4d-4186-b315-10eac9b13b53,Warm,0,17.48,18,120.0
2026-06-30 21:21:17.952,97bc1b5e-6786-457c-9500-72a509314b16,Warm,0,41.72,42,120.0
2026-06-30 21:21:18.772,fbaab11e-a4eb-4828-bebe-128c89139805,Warm,0,13.63,14,120.0
2026-06-30 21:21:18.782,dcbea334-5caf-42b3-8da0-03f834a68427,Warm,0,13.41,14,120.0
2026-06-30 21:21:18.783,0e609e64-f5fa-4076-a2e6-0889f2161a4f,Warm,0,13.84,14,120.0
2026-06-30 21:21:18.795,a2df2816-72af-4508-9eac-a173d7d26a2d,Warm,0,14.31,15,120.0
2026-06-30 21:21:18.810,3a440405-5bbc-4c68-bf17-0eab722ab47a,Warm,0,40.97,41,120.0
2026-06-30 21:21:19.672,c9474a30-d078-40d4-ae54-94ac3e233a74,Warm,0,12.99,13,120.0
2026-06-30 21:21:19.672,2d4379b3-d963-4626-b0ad-f553ac01614c,Warm,0,12.44,13,120.0
2026-06-30 21:21:19.674,57d36e7d-8aa6-44e7-86ac-afff6849bc5d,Warm,0,13.55,14,120.0
2026-06-30 21:21:19.674,9ff9d31c-58b6-4857-8e41-111da215101f,Warm,0,13.5,14,120.0
2026-06-30 21:21:19.703,d41ab0af-437c-4603-beb3-707e64b550ec,Warm,0,37.77,38,120.0
2026-06-30 21:21:19.704,3507e87b-bcca-4b8d-9e67-69eead61d14a,Warm,0,38.28,39,120.0
2026-06-30 21:21:19.717,aa801245-3503-42b0-8bcd-79ae22983cc9,Warm,0,40.05,41,120.0
2026-06-30 21:21:19.720,0801ad5c-7c18-439e-a438-c9feeedb8b91,Warm,0,43.45,44,120.0
2026-06-30 21:21:20.503,5ca76b01-5367-4a7c-85ad-1768172e273a,Warm,0,13.3,14,120.0
2026-06-30 21:21:20.504,92599008-0dad-43b7-8cc1-86b07f4b23b0,Warm,0,14.88,15,120.0
2026-06-30 21:21:20.505,9c3fa705-f584-450d-936f-6e5888bbf031,Warm,0,12.01,13,120.0
2026-06-30 21:21:20.505,1cc1b2a8-814f-4711-86d8-c5d23524f9dd,Warm,0,12.71,13,120.0
2026-06-30 21:21:20.507,430db1d9-94e5-4001-bafd-3cbcb58bf0bd,Warm,0,15.26,16,120.0
2026-06-30 21:21:20.511,90bb3678-a770-4b44-9586-41f2bb94b8f3,Warm,0,12.32,13,120.0
2026-06-30 21:21:20.519,d69567c8-3484-4718-8d15-adc4f3c62557,Warm,0,11.86,12,120.0
2026-06-30 21:21:20.521,ff02925a-a821-44b6-9e0a-db7683f077d2,Warm,0,13.65,14,120.0
2026-06-30 21:21:21.101,317a84e9-be50-4811-905a-6edfa39b488a,Warm,0,12.37,13,120.0
2026-06-30 21:21:21.103,f71e62ad-881e-4c15-b72c-0e5a4e8f69b5,Warm,0,12.91,13,120.0
2026-06-30 21:21:21.104,4b2c9ca7-9b10-451d-9d86-54fb57ef35f7,Warm,0,12.28,13,120.0
2026-06-30 21:21:21.106,522e3103-235c-419d-86fc-52fc55f16679,Warm,0,12.61,13,120.0
2026-06-30 21:21:21.108,1602b9ef-7e9a-4e5c-8248-1a01af228223,Warm,0,14.07,15,120.0
2026-06-30 21:21:21.118,89655c30-f3c4-43c6-b5a9-3056acde12d2,Warm,0,12.56,13,120.0
2026-06-30 21:21:21.118,216739fe-abaa-4cfa-afd8-415d9cfcd913,Warm,0,12.67,13,120.0
2026-06-30 21:21:21.119,1213404d-2720-476b-a6ec-f72d2f136a27,Warm,0,11.52,12,120.0
2026-06-30 21:21:21.138,c86e4da6-258e-497e-86f4-14f4f2b146df,Warm,0,11.94,12,120.0
2026-06-30 21:21:22.005,c1672710-3bb3-4a3e-9bfd-553b19219e29,Warm,0,13.29,14,120.0
2026-06-30 21:21:22.005,ba9e4f7f-736a-4fb2-8a0c-61df977e81c6,Warm,0,10.82,11,120.0
2026-06-30 21:21:22.009,35c4c8dd-e281-49e4-ae52-dfe479687d7c,Warm,0,12.82,13,120.0
2026-06-30 21:21:22.023,48eb95f6-4e6e-4dcb-959f-75e555fec521,Warm,0,11.8,12,120.0
2026-06-30 21:21:22.023,d564aadb-5aa0-4f43-966c-4cbc5a3b465c,Warm,0,12.41,13,120.0
2026-06-30 21:21:22.024,6b2fc052-87e0-477c-9b9c-495dac932f73,Warm,0,14.9,15,120.0
2026-06-30 21:21:22.035,afd23b92-e7cf-4541-978f-22a9968f5e06,Warm,0,13.32,14,120.0
2026-06-30 21:21:22.036,cd3caacd-a5f9-42b1-a970-9079ff79b9b9,Warm,0,12.88,13,120.0
2026-06-30 21:21:22.039,a4a166a4-66a5-4368-91ac-62334d91e090,Warm,0,12.46,13,120.0
2026-06-30 21:21:22.040,b10310b6-9664-426d-8d32-6849e1b3eb7f,Warm,0,19.07,20,120.0
2026-06-30 21:21:22.922,0ebf4cde-9926-4845-bd8f-5be922759597,Warm,0,13.14,14,120.0
2026-06-30 21:21:22.928,5615bdcf-7657-45c1-ab7f-d842fdd96fd9,Warm,0,12.72,13,120.0
2026-06-30 21:21:22.930,31d0a3d7-0dbd-4da2-add8-71e16b2f37dd,Warm,0,13.51,14,120.0
2026-06-30 21:21:22.930,fe0a8e27-e649-4507-a31b-a3f246696289,Warm,0,14.04,15,120.0
2026-06-30 21:21:22.939,c047db5a-46df-4139-b6c8-a1fd92e17980,Warm,0,24.32,25,120.0
2026-06-30 21:21:22.956,17adfd0d-88f7-496a-9747-7547ac2fcbe8,Warm,0,13.01,14,120.0
2026-06-30 21:21:22.957,b8987127-3ede-414f-a0ec-dcc043ae4a7c,Warm,0,13.81,14,120.0
2026-06-30 21:21:22.957,9cf42263-6ae0-48dd-b9b9-6296317d5377,Warm,0,13.26,14,120.0
2026-06-30 21:21:22.957,c6ef34fe-0597-430c-8743-77b6024541e2,Warm,0,12.1,13,120.0
2026-06-30 21:21:23.601,80432808-babd-4abe-ba72-523c4c30aa52,Warm,0,12.81,13,120.0
2026-06-30 21:21:23.601,e04d17e8-5567-4312-a5cb-b81c7a5c406b,Warm,0,14.02,15,120.0
2026-06-30 21:21:23.602,628593fc-0063-4176-940d-8bd61f242374,Warm,0,14.19,15,120.0
2026-06-30 21:21:23.602,a2797b4d-460b-4a2d-8817-bf9d8dd7b1c7,Warm,0,14.06,15,120.0
2026-06-30 21:21:23.618,fc4a1447-f18b-45fc-b712-8ef80f5d785e,Warm,0,12.6,13,120.0
2026-06-30 21:21:23.619,94bd1299-8fac-4345-8807-83825633a6b2,Warm,0,12.21,13,120.0
2026-06-30 21:21:24.673,11396d5b-1c6f-4356-a74b-3d4650e59683,Warm,0,13.03,14,120.0
2026-06-30 21:21:24.702,e88adddd-dfa2-45db-a542-1526b2e263b6,Warm,0,11.86,12,120.0
2026-06-30 21:21:24.703,9d56e876-c938-47bf-a96c-c69cb53230da,Warm,0,12.89,13,120.0
2026-06-30 21:21:24.796,3ca0c8e5-6705-4271-9d75-318ea8d39289,Warm,0,15.77,16,120.0
2026-06-30 21:21:24.802,60a6e95d-72c0-4743-9e7e-6e95647ecb41,Warm,0,13.3,14,120.0
2026-06-30 21:21:25.601,a57df58b-5075-4443-9191-7f33dcec6a5f,Warm,0,12.58,13,120.0
2026-06-30 21:21:34.057,9b91a673-3ef5-467d-8a50-7dd08822a9d2,Warm,0,42.67,43,120.0
2026-06-30 21:21:34.250,a006d059-c343-4674-9688-836e140ede69,Warm,0,13.18,14,120.0
2026-06-30 21:21:34.920,97a32108-5c56-41fa-a36b-bdc23c121b06,Warm,0,13.02,14,120.0
2026-06-30 21:21:35.665,f35619f9-1a91-4e38-9a48-8d2bd1d32e11,Warm,0,13.15,14,120.0
2026-06-30 21:21:35.812,725bc11f-5add-4279-a7f6-0d83e450e017,Warm,0,12.05,13,120.0
2026-06-30 21:21:35.853,41bb264e-aea6-4dfe-8178-de7c5506d5a7,Warm,0,42.42,43,120.0
2026-06-30 21:21:36.540,89414aa8-3676-440a-b910-eeef8669668b,Warm,0,11.23,12,120.0
2026-06-30 21:21:36.541,88497f1d-0a28-4749-8b0d-ef103cce6f1c,Warm,0,12.41,13,120.0
2026-06-30 21:21:36.565,eab7228e-16c0-4e46-8ac1-6a92985f0e9b,Warm,0,37.23,38,120.0
2026-06-30 21:21:36.569,24b53d81-2e74-45ad-b956-b03f8cc6f2cb,Warm,0,38.75,39,120.0
2026-06-30 21:21:36.573,711aaf88-a997-43c7-8f74-2ad7300e1d75,Warm,0,44.36,45,120.0
2026-06-30 21:21:36.738,c3375970-abad-48c4-ad84-da7b99eb466f,Warm,0,11.29,12,120.0
2026-06-30 21:21:36.743,a0ffdccb-7535-4e28-b8a4-8aee2d0dc643,Warm,0,17.24,18,120.0
2026-06-30 21:21:36.749,3e9e0f2c-25e7-4236-8ff1-2909938472e4,Warm,0,13.87,14,120.0
2026-06-30 21:21:37.217,4d48d302-ff14-4c91-aaa4-3dc66bb33565,Warm,0,11.89,12,120.0
2026-06-30 21:21:37.223,4b91c42a-86e9-4cdf-9ee4-bb8044f6a970,Warm,0,15.95,16,120.0
2026-06-30 21:21:37.247,6f02d970-a072-4255-a687-d95d1c3ba905,Warm,0,12.37,13,120.0
2026-06-30 21:21:37.250,fccfaadf-b80b-4eec-be8b-ff46847974b0,Warm,0,15.86,16,120.0
2026-06-30 21:21:37.253,d0a1b026-b280-44b1-bcb7-9af72fa6d312,Warm,0,11.97,12,120.0
2026-06-30 21:21:37.254,3f089731-b33a-4caf-961d-2ce5aad586db,Warm,0,15,16,120.0
2026-06-30 21:21:37.263,52a82e9d-0ff0-4f0b-82c7-653638ad5712,Warm,0,16.51,17,120.0
2026-06-30 21:21:37.284,9a9ff2f8-222e-47a4-be0b-4666dffb0c49,Warm,0,35.58,36,120.0
2026-06-30 21:21:37.288,80369118-a26b-4eee-878c-95eb14876d0b,Warm,0,41.47,42,120.0
2026-06-30 21:21:37.308,8be88cc7-ffbd-4354-aa27-9af55e33e715,Warm,0,52.76,53,120.0
2026-06-30 21:21:38.111,aacbbfac-77ba-4a3d-9d8f-ccb2cd4d1601,Warm,0,12.1,13,120.0
2026-06-30 21:21:38.123,fe94cc41-f52c-4b21-817d-8e92fca71f7d,Warm,0,13.21,14,120.0
2026-06-30 21:21:38.125,ac6ae961-5e68-414a-9448-5144116db141,Warm,0,15.91,16,120.0
2026-06-30 21:21:38.152,75d813bb-75cf-4f32-9a41-962f476e702f,Warm,0,14.01,15,120.0
2026-06-30 21:21:38.153,631da27b-05ef-41df-963e-6603acdd7abc,Warm,0,13.91,14,120.0
2026-06-30 21:21:38.154,79c216cb-b208-4fc8-a386-889a34f4a554,Warm,0,15.25,16,120.0
2026-06-30 21:21:38.160,ce2c2060-7d48-40ec-8ad6-e8b2db496342,Warm,0,16.59,17,120.0
2026-06-30 21:21:38.167,72a5c060-560e-4289-a4d1-50caabe8290d,Warm,0,12.77,13,120.0
2026-06-30 21:21:38.167,c9e620d8-484a-43ba-b1df-f0ff152f5bd6,Warm,0,13.35,14,120.0
2026-06-30 21:21:38.167,b9a1bef8-6eac-4883-b468-17f854f6c921,Warm,0,13.14,14,120.0
2026-06-30 21:21:39.052,65bba23b-289a-45b9-b9b0-cdf198238a97,Warm,0,12.79,13,120.0
2026-06-30 21:21:39.053,223d8e0c-1ae5-4073-b284-b35ebdd243cf,Warm,0,12.65,13,120.0
2026-06-30 21:21:39.054,9ace919a-b780-4350-a0f2-866621e7f27b,Warm,0,14.41,15,120.0
2026-06-30 21:21:39.055,8930f0b0-1ac7-4531-adc7-86aaca25e1b5,Warm,0,12.8,13,120.0
2026-06-30 21:21:39.055,5a5b5884-56e5-4f23-af5b-5fa6476cf6ce,Warm,0,11.93,12,120.0
2026-06-30 21:21:39.058,75c0e081-0539-46aa-9da3-33b1c920fe17,Warm,0,14.38,15,120.0
2026-06-30 21:21:39.058,f06789c9-ebfe-45fe-b2f7-0e0fb18e7feb,Warm,0,14.09,15,120.0
2026-06-30 21:21:39.063,ab79e4a2-1f48-4b3e-ba1c-dee191fa1ee4,Warm,0,12.67,13,120.0
2026-06-30 21:21:39.101,656f2056-ac49-4a1e-bc18-ca9d6b2c2811,Warm,0,48.76,49,120.0
2026-06-30 21:21:39.933,a6a3610e-268c-4b73-bc5e-a13d520b724f,Warm,0,11.98,12,120.0
2026-06-30 21:21:39.937,4f62fac6-9268-48d8-ad89-6095fcbfd08f,Warm,0,13.92,14,120.0
2026-06-30 21:21:39.939,34d30379-0c71-4a62-9dbf-6117149c2cc2,Warm,0,13.97,14,120.0
2026-06-30 21:21:39.940,f9fe1d27-4b2f-4445-a181-2caf8e96943a,Warm,0,14.43,15,120.0
2026-06-30 21:21:39.940,5862b6d5-7c51-4607-b05e-860c01a8864f,Warm,0,15.21,16,120.0
2026-06-30 21:21:39.957,b0e122e7-bbf3-49f6-b50a-c6d73fb8b416,Warm,0,14.96,15,120.0
2026-06-30 21:21:40.141,99c26a60-6381-4058-a7e8-9a92e94ae68e,Warm,0,11.95,12,120.0
2026-06-30 21:21:40.143,05c90c59-2d32-40a7-a645-93ceb72b5c7e,Warm,0,14.43,15,120.0
2026-06-30 21:21:40.630,fe0c4053-49bd-4970-bda7-b3522916f959,Warm,0,12.65,13,120.0
2026-06-30 21:21:40.630,3e9f31ac-1637-4047-84b9-021bbe660063,Warm,0,13.82,14,120.0
2026-06-30 21:21:40.638,ba20910d-d804-4494-8bf5-c690d6f733e8,Warm,0,14.06,15,120.0
2026-06-30 21:21:40.638,b57d4696-3105-4100-bdef-d18c5fc27dda,Warm,0,13.8,14,120.0
2026-06-30 21:21:40.662,bdc3316d-6785-4b48-a578-03bab5c47ded,Warm,0,11.83,12,120.0
2026-06-30 21:21:40.825,f4dd1185-3eee-4d3d-bb15-c8c943467c71,Warm,0,12.33,13,120.0
2026-06-30 21:21:40.835,74d11c7a-de67-426d-9cf1-e6b2a689c176,Warm,0,13.59,14,120.0
2026-06-30 21:21:40.835,50335b98-ab30-4a13-9397-0af20b03c98d,Warm,0,12.67,13,120.0
2026-06-30 21:21:41.721,65035298-0574-4353-ba75-2d80a3501746,Warm,0,12.08,13,120.0
2026-06-30 21:21:41.758,52108f88-0456-40e5-9af1-7a828da13fd8,Warm,0,15.24,16,120.0
2026-06-30 21:21:41.773,a92d479d-2163-43f8-b14e-541e95dc0dd3,Warm,0,30.69,31,120.0
2026-06-30 21:21:42.450,2945878c-b188-4587-be86-ec36ac04af1e,Warm,0,12.85,13,120.0
2026-06-30 21:21:42.460,5d9fac91-c48a-49a5-89a5-211eae4fb450,Warm,0,14.4,15,120.0
2026-06-30 21:21:43.527,07098bad-4f97-4f08-9d70-fd02d6c98d4f,Warm,0,13.71,14,120.0
2026-06-30 21:21:43.624,3291cdeb-4b54-4903-9d55-715bb4b7cf5a,Warm,0,13.85,14,120.0
2026-06-30 21:21:52.691,729a5e06-22bd-4c81-b129-c6f7e8a600b4,Warm,0,40.76,41,120.0
2026-06-30 21:21:52.693,179b4872-4a74-4b15-9289-3a672478016b,Warm,0,42.31,43,120.0
2026-06-30 21:21:53.575,d7010fb0-5860-4998-8e98-0492828fb6e8,Warm,0,11.99,12,120.0
2026-06-30 21:21:53.578,4e7ddb20-396b-4e41-8ad4-35b4e35e7fcb,Warm,0,13.5,14,120.0
2026-06-30 21:21:54.362,d2ae20bf-a36d-469a-9afe-c836abfc24c7,Warm,0,11.86,12,120.0
2026-06-30 21:21:54.367,31d9b341-85de-4fad-ab7e-f3a9b66ccb6b,Warm,0,13.72,14,120.0
2026-06-30 21:21:54.397,6d6de6a7-0099-49f7-b5f5-4d5d5f83af6e,Warm,0,41.18,42,120.0
2026-06-30 21:21:54.402,9c9941cf-8ee2-447c-9a12-688014a3800c,Warm,0,39.99,40,120.0
2026-06-30 21:21:54.404,59700418-db9b-4ba4-8dee-4d769d5b404e,Warm,0,40.93,41,120.0
2026-06-30 21:21:55.260,750a2499-13dd-4884-a9e7-4036c5814cde,Warm,0,11.76,12,120.0
2026-06-30 21:21:55.260,c3d6faa1-d9ff-44ae-ace5-04dc5069848d,Warm,0,13.27,14,120.0
2026-06-30 21:21:55.262,39585269-7fc8-4061-b760-92d156c80237,Warm,0,12.24,13,120.0
2026-06-30 21:21:55.460,712488e8-f6b3-47be-9eae-421c23ef5384,Warm,0,12.63,13,120.0
2026-06-30 21:21:55.461,afdd4077-f6ea-45b0-9cd7-2baf89ec4848,Warm,0,14.92,15,120.0
2026-06-30 21:21:55.462,3b2404f3-e9be-4d7f-a096-6eee212ea3d1,Warm,0,13,13,120.0
2026-06-30 21:21:55.466,982940f0-3932-422a-b0b8-2adbeb8f7500,Warm,0,18.91,19,120.0
2026-06-30 21:21:55.468,daf4ff77-7b99-42e3-97a5-03a12952a491,Warm,0,23.02,24,120.0
2026-06-30 21:21:55.504,8f1fd3dc-31d6-4be8-b04e-d30d7ea80abc,Warm,0,13.59,14,120.0
2026-06-30 21:21:55.523,268dfd3c-afe1-4422-9c0d-c1285174ba62,Warm,0,14.68,15,120.0
2026-06-30 21:21:55.972,43f309e7-c3e0-4acd-9689-81a811c03d7f,Warm,0,13.88,14,120.0
2026-06-30 21:21:55.976,99485af9-1f0f-4ae9-b05a-15ee0ef7b8a0,Warm,0,12.54,13,120.0
2026-06-30 21:21:55.991,c51f9e9c-122b-4586-95df-2ff82fc24482,Warm,0,12.88,13,120.0
2026-06-30 21:21:56.014,17049104-d93c-478f-a0b3-6dbaa30a083a,Warm,0,13.36,14,120.0
2026-06-30 21:21:56.017,c6f29e86-f9b8-41df-a385-e58e53b9a489,Warm,0,11.29,12,120.0
2026-06-30 21:21:56.018,36a5dc1c-d469-401c-9ee9-37cdc5e943a3,Warm,0,13.86,14,120.0
2026-06-30 21:21:56.019,b8e4e9fe-fbb6-4d1f-8d50-9718fd444943,Warm,0,12.52,13,120.0
2026-06-30 21:21:56.022,90eb9ab0-b1d8-4d27-8eb7-073666989136,Warm,0,14.31,15,120.0
2026-06-30 21:21:56.201,232e3eef-2614-47a0-bf8a-ab97062261f2,Warm,0,12.4,13,120.0
2026-06-30 21:21:56.235,24927b6f-b200-436d-a90e-ab19e42e8a46,Warm,0,14.78,15,120.0
2026-06-30 21:21:56.883,317ca0d0-8cf5-4877-aff4-adf953b02bd7,Warm,0,12.18,13,120.0
2026-06-30 21:21:56.883,93923dfa-70a6-472b-a5fe-030f17c77b06,Warm,0,12.88,13,120.0
2026-06-30 21:21:56.885,09cac90f-3490-4f67-bd8b-efd9e09bc0ac,Warm,0,14.43,15,120.0
2026-06-30 21:21:56.887,c9a9eb6a-79bf-4309-808a-66ceea3dfee7,Warm,0,15.61,16,120.0
2026-06-30 21:21:56.892,db2132fe-8e8a-410e-8be4-f3ae03353170,Warm,0,12.59,13,120.0
2026-06-30 21:21:56.924,ed5cd61d-f1eb-4186-a1de-75ed23e639da,Warm,0,39.35,40,120.0
2026-06-30 21:21:57.009,e21d2bfc-f283-4f46-b857-a2e88493ab36,Warm,0,13.15,14,120.0
2026-06-30 21:21:57.012,edaca641-ef92-4121-838b-2f0f7a64d2d8,Warm,0,13.74,14,120.0
2026-06-30 21:21:57.026,f004c1bf-7b2b-4ff5-b455-b5b63bcb9b4e,Warm,0,14.06,15,120.0
2026-06-30 21:21:57.026,1b1d7d7c-6297-4b9d-bbab-b30b4d2d5783,Warm,0,13.07,14,120.0
2026-06-30 21:21:57.794,809af525-b677-4f73-b799-8741377913c2,Warm,0,12.59,13,120.0
2026-06-30 21:21:57.800,d15ab955-169a-4ab8-9f6c-b8f3310656fc,Warm,0,12.21,13,120.0
2026-06-30 21:21:57.804,a5cdc240-70d0-441b-b954-30d9d66ca03d,Warm,0,11.68,12,120.0
2026-06-30 21:21:57.804,800df8dc-8f62-4c3d-9b93-004049206b71,Warm,0,12.21,13,120.0
2026-06-30 21:21:57.805,404b4233-07c6-4dd7-b75e-8827d0fc7872,Warm,0,12.83,13,120.0
2026-06-30 21:21:57.810,00d925e2-c34d-44ef-b083-853641045f19,Warm,0,13.78,14,120.0
2026-06-30 21:21:57.812,72893897-e9ff-44f0-8236-a37fd1834eb9,Warm,0,13.28,14,120.0
2026-06-30 21:21:57.867,8b105c1d-7f17-4c8e-af9a-3d750de0a678,Warm,0,13.96,14,120.0
2026-06-30 21:21:58.001,768514c6-54ff-4b1a-9921-8af34bdb6e91,Warm,0,13.87,14,120.0
2026-06-30 21:21:58.040,c5eba080-8c59-44e2-ae1f-bd96230ead89,Warm,0,13.94,14,120.0
2026-06-30 21:21:58.575,cb50b3d5-4300-4237-9f03-bab24647a2d8,Warm,0,12.31,13,120.0
2026-06-30 21:21:58.577,35dd8d44-c378-4128-8757-c12906d3510d,Warm,0,13.54,14,120.0
2026-06-30 21:21:58.579,9aaeb4ab-578f-4699-97d9-6e05359034c5,Warm,0,11.15,12,120.0
2026-06-30 21:21:58.583,7009f2bd-224e-48b6-940c-8803505f47e7,Warm,0,13.42,14,120.0
2026-06-30 21:21:58.584,be07f030-6b80-47cc-9d14-013c6d78ab53,Warm,0,13.82,14,120.0
2026-06-30 21:21:58.586,e04f2827-d46a-4a17-945f-1fd53d556767,Warm,0,17.37,18,120.0
2026-06-30 21:21:59.461,bf2a0734-2955-492a-9fc1-7dccf7033684,Warm,0,14.05,15,120.0
2026-06-30 21:21:59.464,99982eb1-1890-4807-971e-10e5e5d3b586,Warm,0,13.62,14,120.0
2026-06-30 21:21:59.470,ece79c09-1f75-49df-9189-f1bfbfd1c29f,Warm,0,12.84,13,120.0
2026-06-30 21:21:59.472,3d303ca3-e80f-47c5-8296-d21f4f8b6e5f,Warm,0,14.27,15,120.0
2026-06-30 21:21:59.472,3acd5278-f23a-45f2-a9a2-eb69bea24682,Warm,0,15.66,16,120.0
2026-06-30 21:22:00.291,2033471d-4c33-483a-8786-b25a14ce7c70,Warm,0,13.44,14,120.0
2026-06-30 21:22:00.292,dba3ab24-6b6d-41d0-811d-5f0ac6b451b8,Warm,0,12.04,13,120.0
2026-06-30 21:22:00.293,b1659f43-72c0-476e-a970-7ec355d789e8,Warm,0,13.49,14,120.0
2026-06-30 21:22:00.481,2b3fadc8-2ccb-4e90-9b58-1468e256aefc,Warm,0,12.28,13,120.0
2026-06-30 21:22:01.271,eaf0b879-f096-46b9-a82d-56e5be7d68f0,Warm,0,13.13,14,120.0
2026-06-30 21:22:01.273,fe2092a7-19fa-48c3-90c0-c532e087cf1d,Warm,0,12.51,13,120.0
2026-06-30 21:22:08.255,b83f86aa-fb98-452b-90b2-dd3c4a0edafc,Warm,0,45.8,46,120.0
2026-06-30 21:22:08.262,ab41a051-5094-4587-9013-0a8b044a1e43,Warm,0,52.04,53,120.0
2026-06-30 21:22:08.267,fbc3a5db-ed96-4384-9b8a-3447f53e8607,Warm,0,54.88,55,120.0
2026-06-30 21:22:08.278,ea3fa21d-cdf0-49fc-8d72-ec4f2c7806e3,Warm,0,14.14,15,120.0
2026-06-30 21:22:08.817,c55b10e0-dead-4472-84b5-f78e55524795,Warm,0,16.2,17,120.0
2026-06-30 21:22:08.826,f83626a1-6a5e-4eb2-ac85-98eb99b202f5,Warm,0,14.19,15,120.0
2026-06-30 21:22:08.842,de9e1350-c847-477f-a70e-dd7c2fdf6a84,Warm,0,15.95,16,120.0
2026-06-30 21:22:08.845,c24bf157-36e6-4d81-af65-49b618f7d6bc,Warm,0,18.34,19,120.0
2026-06-30 21:22:08.860,e25ff89a-b714-45fd-b492-28756b52c759,Warm,0,38.56,39,120.0
2026-06-30 21:22:08.871,faa36608-75f5-4202-80f5-c9c37780c62a,Warm,0,42,42,120.0
2026-06-30 21:22:09.608,6756a02a-acf4-4644-aabb-1795327e200a,Warm,0,14.34,15,120.0
2026-06-30 21:22:09.616,80fbc9a2-c607-45a0-9667-58111a88d2a5,Warm,0,10.9,11,120.0
2026-06-30 21:22:09.622,ac8fc9fc-7b0d-47e7-acd3-02844e29c303,Warm,0,15.88,16,120.0
2026-06-30 21:22:09.627,27f03fab-e470-4e8b-880f-c4b1b31c3eff,Warm,0,12.48,13,120.0
2026-06-30 21:22:09.628,8bce5fc7-60ab-4e0b-89b0-04f92af9c74c,Warm,0,13.14,14,120.0
2026-06-30 21:22:09.641,1d91415d-ddf4-4686-821f-3ef1a2cd812b,Warm,0,18.4,19,120.0
2026-06-30 21:22:09.649,7ee5bdff-19e9-41ad-a0dd-790ac668676e,Warm,0,13.71,14,120.0
2026-06-30 21:22:09.659,7be1b0ec-1179-4558-ae8d-c30f503336d2,Warm,0,39.85,40,120.0
2026-06-30 21:22:09.661,b4d92ae7-ef03-4a25-b6a3-402e2c37194b,Warm,0,42.02,43,120.0
2026-06-30 21:22:10.505,c21e209b-a6fb-4e19-9e70-50ddab5cb2c7,Warm,0,13.07,14,120.0
2026-06-30 21:22:10.519,ad58273c-0b58-4aeb-8a80-7c85e1af0cc7,Warm,0,14.75,15,120.0
2026-06-30 21:22:10.521,74398314-f1f7-4290-a73a-d85fed0c4869,Warm,0,15.98,16,120.0
2026-06-30 21:22:10.521,8a1a459f-12bf-422f-b1df-157921b7d0f3,Warm,0,13.71,14,120.0
2026-06-30 21:22:10.524,5b6098b6-7c3f-47e4-96fd-22d53b3fb9ce,Warm,0,13.86,14,120.0
2026-06-30 21:22:10.544,e68100ca-bd17-4d61-a5e7-bd3f664da7d6,Warm,0,12.89,13,120.0
2026-06-30 21:22:10.722,1395a492-89a5-430f-a08f-b0728a83f847,Warm,0,14.5,15,120.0
2026-06-30 21:22:10.725,1247a721-c111-4c98-b222-d60864ec7500,Warm,0,21.81,22,120.0
2026-06-30 21:22:10.727,dd2ed329-4f9f-4ce3-9697-39b7c1a35624,Warm,0,18.76,19,120.0
2026-06-30 21:22:11.419,c84d5515-27a8-4b9e-bbe3-505108b82b8e,Warm,0,12.57,13,120.0
2026-06-30 21:22:11.420,234c1f37-a9ad-44a0-a2eb-3ea1d7f5e540,Warm,0,15.84,16,120.0
2026-06-30 21:22:11.432,1bc60f1a-f3b6-48cb-9296-81d26e885eba,Warm,0,12.15,13,120.0
2026-06-30 21:22:11.433,6a652732-6258-4700-acf7-1cfdd92b1449,Warm,0,13.57,14,120.0
2026-06-30 21:22:11.434,a9eba7b9-0c4d-4217-8ab8-5fdfadb39d27,Warm,0,14.22,15,120.0
2026-06-30 21:22:11.448,2c6a0be8-b4bc-48ad-80de-85e48961ea03,Warm,0,41.64,42,120.0
2026-06-30 21:22:11.450,1c9eb4ed-cdda-4d82-ac9c-04113558ef8c,Warm,0,44.24,45,120.0
2026-06-30 21:22:11.459,dda23bac-0d59-46a7-8eaf-caa40b463c8d,Warm,0,37.65,38,120.0
2026-06-30 21:22:11.467,bfa1c651-c62d-4d8b-a406-74a13279a64c,Warm,0,46.3,47,120.0
2026-06-30 21:22:11.470,29015871-98d4-41f1-b540-ce55cf171340,Warm,0,48.34,49,119.0
2026-06-30 21:22:12.327,41ef2a58-487f-46f1-9671-828ac384f0a5,Warm,0,12.43,13,119.0
2026-06-30 21:22:12.330,daab44ef-a7e6-4878-aaa9-d893833275aa,Warm,0,13.04,14,120.0
2026-06-30 21:22:12.330,f0d58611-d5db-4fe1-aefb-5071b7d09ce9,Warm,0,13.49,14,120.0
2026-06-30 21:22:12.332,3c138825-caf5-464a-aea5-aa63838228d7,Warm,0,13.85,14,120.0
2026-06-30 21:22:12.333,55439a4f-fd9e-4595-9440-36924dc6d89a,Warm,0,14.43,15,120.0
2026-06-30 21:22:12.340,7b1b703e-e308-4169-ac4a-5f484b822629,Warm,0,15.32,16,120.0
2026-06-30 21:22:12.342,24e05359-52b7-4d42-a3b4-45b42186120a,Warm,0,16.66,17,120.0
2026-06-30 21:22:12.384,ff238d48-0418-47f8-b29e-907bedb97a80,Warm,0,14.28,15,120.0
2026-06-30 21:22:12.533,b69d8f77-8951-46f3-8842-a784173b9254,Warm,0,15.14,16,120.0
2026-06-30 21:22:13.101,361c4682-39e8-4d60-b8d4-96ba0aac7c4c,Warm,0,13.65,14,120.0
2026-06-30 21:22:13.103,97d89c61-48f3-4c69-a5b9-84f64aa546d8,Warm,0,12.78,13,120.0
2026-06-30 21:22:13.113,14db9f57-3dfe-4eb8-9d98-c9ec525a5213,Warm,0,13.37,14,120.0
2026-06-30 21:22:13.114,1e29e7b9-576f-4177-9901-5de5d7c7dd2a,Warm,0,12.37,13,120.0
2026-06-30 21:22:13.116,41c18344-6638-4bab-9c9e-f2700ec3570e,Warm,0,12.13,13,120.0
2026-06-30 21:22:13.123,5bbc05ab-81f8-4bf5-abb6-325511b87fab,Warm,0,11.68,12,120.0
2026-06-30 21:22:13.167,d6d6b2c4-ab52-4c94-a00b-c7fa1ea4965e,Warm,0,14.16,15,120.0
2026-06-30 21:22:13.180,0b3b5216-d60a-4c38-acfb-56236545f1f9,Warm,0,12.81,13,120.0
2026-06-30 21:22:13.228,de5bcd9a-e3ee-49d1-94dc-3126f1e26b6d,Warm,0,11.52,12,120.0
2026-06-30 21:22:13.905,ad1a0152-bf6f-4b5f-87f2-f1a4d1ceb1de,Warm,0,13.81,14,120.0
2026-06-30 21:22:13.908,88f5d4f9-ba03-48f3-868e-3491b490e3d9,Warm,0,15.18,16,120.0
2026-06-30 21:22:13.911,ab2e83ed-71a8-455b-94d7-dd064408fcc1,Warm,0,13.53,14,120.0
2026-06-30 21:22:14.107,f61dbfc7-9881-4998-a859-6a9dc3773fef,Warm,0,13.62,14,120.0
2026-06-30 21:22:14.110,1184523d-d69a-4d51-b890-1171140ddb0f,Warm,0,12.35,13,120.0
2026-06-30 21:22:14.113,dc70d478-1bd8-453d-aa93-273756542ffb,Warm,0,17.01,18,120.0
2026-06-30 21:22:14.139,6b76bef8-5a42-4992-b8d0-36b5b3b0a67d,Warm,0,15.03,16,120.0
2026-06-30 21:22:14.833,6ece4913-c191-45d4-ae85-85a7fbfaff34,Warm,0,15.3,16,120.0
2026-06-30 21:22:14.842,ba16f9e5-f854-4021-9be7-9fbabef0aba8,Warm,0,12.49,13,120.0
2026-06-30 21:22:14.844,3d700d8a-33d5-4120-9da9-042fe25dbc99,Warm,0,13.42,14,120.0
2026-06-30 21:23:43.381,1d40a241-d33e-4942-be0e-a706f35cd1a1,Warm,0,73.41,74,120.0
2026-06-30 21:23:43.425,d846854d-1ac9-4420-a060-f0d90c72db53,Warm,0,71.38,72,120.0
2026-06-30 21:23:43.464,3a2d1977-8dd1-4a17-8dd1-f316ee9f841c,Warm,0,78.35,79,120.0
2026-06-30 21:23:44.168,82fd68f6-f737-44a9-be5f-1a8f2aba7f61,Warm,0,44.42,45,120.0
2026-06-30 21:23:44.204,854b48f5-b7cc-4047-a16e-885942f00a81,Warm,0,43.02,44,120.0
2026-06-30 21:23:44.209,3ccac476-60c3-451d-8aa9-675b886a0261,Warm,0,44.76,45,120.0
2026-06-30 21:23:44.366,cd1a806b-2172-4402-b6ca-08ef99229d97,Warm,0,44.54,45,120.0
2026-06-30 21:23:45.272,8ef92211-6965-4dd8-bb8d-a83ccc620148,Warm,0,44.66,45,120.0
2026-06-30 21:23:45.273,383038e7-c5ca-4e7e-ac2d-e87fed09eb7d,Warm,0,46.97,47,120.0
2026-06-30 21:23:45.293,08d17200-560a-4423-96cd-2cc2f32c47c0,Warm,0,48.57,49,120.0
2026-06-30 21:23:45.923,9d5f27cd-bbb0-4159-a567-b8a17e2c435f,Warm,0,43.53,44,120.0
2026-06-30 21:23:45.925,979f07fb-cc8c-4136-8b94-b3b68192e437,Warm,0,44.45,45,120.0
2026-06-30 21:23:45.929,265b2444-110a-4dbf-a344-2e27c74f8008,Warm,0,46.01,47,120.0
2026-06-30 21:23:46.692,1088de05-90df-429a-8cf4-3312dca2c0d8,Warm,0,43.95,44,120.0
2026-06-30 21:23:46.695,7165c542-352d-4336-8fa0-5f64df25e881,Warm,0,43.24,44,120.0
2026-06-30 21:23:46.730,4a148319-b575-4e9c-9f7d-d718b0abdb63,Warm,0,46.51,47,120.0
2026-06-30 21:23:47.571,5be05f5c-3d99-4066-9f71-cb552e1ee61d,Warm,0,43.7,44,120.0
2026-06-30 21:23:47.578,c88ae706-e63c-41f6-8902-6fe8ede5f991,Warm,0,42.45,43,120.0
2026-06-30 21:23:47.791,c62b3cfa-3ebb-4191-987c-a8bc00332229,Warm,0,56.19,57,120.0
2026-06-30 21:23:48.521,61aa2327-5790-46c7-9b9e-58aee9f83a75,Warm,0,42.84,43,120.0
2026-06-30 21:23:48.526,bfb1b85f-68d4-42d8-8b83-3e2e9bed27be,Warm,0,47.37,48,120.0
2026-06-30 21:23:49.309,cee254fe-e77d-4e74-82de-f5bd2d3b9627,Warm,0,46.13,47,120.0
2026-06-30 21:23:50.101,337a4083-4c08-4183-a143-455b16a4ac6a,Warm,0,14.1,15,120.0
2026-06-30 21:23:50.113,fda10003-b94b-41d9-a51f-28271d8e81ca,Warm,0,33.15,34,120.0
2026-06-30 21:23:50.961,e9d3fad0-069b-48b4-8222-4dca5a533900,Warm,0,14.33,15,120.0
2026-06-30 21:23:50.964,ed11e559-0816-4429-9c6c-94e280528e82,Warm,0,13.82,14,120.0
2026-06-30 21:23:50.971,8042ebb9-3ffa-408e-a962-3163a50df7c3,Warm,0,12.09,13,120.0
2026-06-30 21:23:51.012,6c000487-9de9-4a63-a489-ef1b108fbd91,Warm,0,16.03,17,120.0
2026-06-30 21:23:51.025,22d190d9-2d12-4c16-be91-0029a81382e0,Warm,0,31.04,32,120.0
2026-06-30 21:23:51.167,3add4c7d-2adc-4a3a-b954-38a4ad671e2b,Warm,0,12.56,13,120.0
2026-06-30 21:23:51.168,905e3593-1a8e-44ae-9197-049b9b5a17b9,Warm,0,11.99,12,120.0
2026-06-30 21:23:51.170,d4149ee4-5656-4359-8e81-f4cd1fedcd16,Warm,0,12.72,13,120.0
2026-06-30 21:23:51.200,453fe4a2-051c-4ca9-acea-9bf4844cf198,Warm,0,41.79,42,120.0
2026-06-30 21:23:51.876,6ff65de2-84c5-4479-b10d-9ac717f91295,Warm,0,14.78,15,120.0
2026-06-30 21:23:51.877,937a9050-9d7a-4359-a401-cdf9d03de8f2,Warm,0,14.21,15,120.0
2026-06-30 21:23:51.882,307119bc-ce50-43b0-a70e-3db93ad989f5,Warm,0,11.93,12,120.0
2026-06-30 21:23:51.884,f9f51c58-6f97-4f1c-9057-ad694b805994,Warm,0,14.03,15,120.0
2026-06-30 21:23:51.911,5bf8231f-9338-46f1-bdd5-55a65c9cd76b,Warm,0,39.59,40,120.0
2026-06-30 21:23:51.912,a1f74e71-39f9-48c6-afe5-da4a408ab16c,Warm,0,39.85,40,119.0
2026-06-30 21:23:51.914,81ca89cb-925c-46ee-8552-4781be9a0380,Warm,0,40.42,41,120.0
2026-06-30 21:23:51.914,473220be-5498-4ad1-91c1-bf7b095a214a,Warm,0,42.07,43,120.0
2026-06-30 21:23:51.915,23cc70c1-f820-409b-b643-6be7c54d04dc,Warm,0,42.41,43,120.0
2026-06-30 21:23:52.571,a826b179-f7e7-4180-91e0-2c9080959621,Warm,0,11.76,12,119.0
2026-06-30 21:23:52.571,6de38e79-701d-4362-819b-73600ff016ab,Warm,0,12.66,13,120.0
2026-06-30 21:23:52.572,eed92018-4ad0-45ba-9b5d-7ee7e2ddf92f,Warm,0,13.26,14,120.0
2026-06-30 21:23:52.572,8956e227-4cee-41e6-8378-fdc61b47dde6,Warm,0,12.77,13,120.0
2026-06-30 21:23:52.573,4db649a7-11d1-4e92-bd55-d41b0b904e41,Warm,0,12.77,13,120.0
2026-06-30 21:23:52.583,edfab303-891c-4452-932b-1350e10ca49a,Warm,0,13.43,14,120.0
2026-06-30 21:23:52.626,923c27fc-0c64-4c8a-b79c-1f56dfeed162,Warm,0,13.73,14,120.0
2026-06-30 21:23:52.760,3e908e8b-2c7a-47a0-9216-baacaa25e2fe,Warm,0,12.53,13,120.0
2026-06-30 21:23:52.773,4420313b-c9bb-4d13-8ce2-ad7bd326a383,Warm,0,12.48,13,120.0
2026-06-30 21:23:53.481,4ccf6120-a649-4c8a-9136-909bfcc6fa2a,Warm,0,13.55,14,120.0
2026-06-30 21:23:53.485,e5d289cd-19c3-47c4-8664-d3059c81742e,Warm,0,16.15,17,120.0
2026-06-30 21:23:53.485,224aae24-92bb-434f-824d-98b19af259f5,Warm,0,13.35,14,120.0
2026-06-30 21:23:53.485,91cb9b52-6dad-4dec-b0ab-04d04284fc3a,Warm,0,13.19,14,120.0
2026-06-30 21:23:53.486,75dea633-f6de-4174-bc57-be21cb974896,Warm,0,12.92,13,119.0
2026-06-30 21:23:53.488,16527b90-904c-4955-ae17-0a14c88f782e,Warm,0,12.3,13,120.0
2026-06-30 21:23:53.490,a47c42a4-6913-48b9-8370-2261c74f11e4,Warm,0,12.24,13,120.0
2026-06-30 21:23:53.531,ca3e5cb1-c06f-43c1-b60f-6dbcadefe397,Warm,0,13.28,14,120.0
2026-06-30 21:23:54.365,b846eabb-baa3-4cae-a889-0fb3046f5987,Warm,0,13.35,14,120.0
2026-06-30 21:23:54.367,ae6825cf-3974-487b-9300-104ecb0753df,Warm,0,12.22,13,119.0
2026-06-30 21:23:54.367,b35f4d75-a0e0-40dd-a850-3a0cb09954b2,Warm,0,13.76,14,120.0
2026-06-30 21:23:54.369,ddf46153-f7eb-426f-8da4-ddc5be2f7114,Warm,0,11.82,12,120.0
2026-06-30 21:23:54.372,bde3630b-4c9d-41f4-abb4-203b4e979b8b,Warm,0,12.7,13,120.0
2026-06-30 21:23:54.380,18ab3aa5-5b29-4951-99ab-f1d950d16d07,Warm,0,13.9,14,120.0
2026-06-30 21:23:54.567,e1c013c5-53ee-47e9-b99e-f9582569f62f,Warm,0,11.63,12,120.0
2026-06-30 21:23:54.569,e59403ec-17be-4253-be11-8b2f7ab013c1,Warm,0,14.01,15,120.0
2026-06-30 21:23:54.572,48387015-8596-4049-8c3e-e7cc709bbe0b,Warm,0,12.89,13,120.0
2026-06-30 21:23:55.253,82b15414-866c-43b5-ac9b-89c966a4d8ae,Warm,0,12.19,13,120.0
2026-06-30 21:23:55.464,93434527-b539-4091-87f5-c145b6f524e6,Warm,0,12.26,13,120.0
2026-06-30 21:23:55.465,f27da342-77b3-4795-89bb-acd117e24d00,Warm,0,11.61,12,120.0
2026-06-30 21:23:55.472,65f16e2f-613f-4695-be51-5e934c6282b9,Warm,0,13.38,14,120.0
2026-06-30 21:23:55.492,4721d1b4-859e-4625-bc9a-c6078b6973ed,Warm,0,12.96,13,120.0
2026-06-30 21:23:55.493,4ea76a76-c212-4b98-8138-541a79bda9c2,Warm,0,13.21,14,120.0
2026-06-30 21:23:55.956,f2daeb64-3cf1-4f5d-a6f6-e08231f8769c,Warm,0,11.79,12,120.0
2026-06-30 21:23:55.959,80a4690e-4bfc-420f-8ad4-5e2448787f9a,Warm,0,14.5,15,120.0
2026-06-30 21:23:55.969,531e39e3-2068-4209-b0f7-397c57e5f263,Warm,0,12.31,13,120.0
2026-06-30 21:23:55.970,a890f9cc-2c64-4d4e-a296-cf899bee609a,Warm,0,12.09,13,120.0
2026-06-30 21:23:55.971,daa0e952-79ae-446d-bd76-e8a7821040a2,Warm,0,12.03,13,119.0
2026-06-30 21:23:55.973,ddb344f8-765c-4984-afa9-dea66b29ddb3,Warm,0,13.45,14,120.0
2026-06-30 21:23:56.864,c3685e8b-ab51-4b5c-ab6f-028830233050,Warm,0,13.23,14,120.0
2026-06-30 21:23:56.880,a163eed4-40db-4f90-afaf-f28a1976fa0f,Warm,0,12.27,13,119.0
2026-06-30 21:23:56.968,663e8ed0-2179-4f34-bf45-e7b51385b10e,Warm,0,11.93,12,119.0
2026-06-30 21:23:56.976,d5edc4d8-28aa-4233-a932-1cfeacde9fb2,Warm,0,13.7,14,120.0
2026-06-30 21:23:56.978,887ba558-f7ca-449e-934e-1bf4c1b75f10,Warm,0,13.18,14,120.0
2026-06-30 21:23:57.016,32eb62de-cfff-4bd9-8781-8108fb718d70,Warm,0,12.79,13,120.0
2026-06-30 21:23:57.862,fb291a5f-cb05-4c91-9396-8a9c45a451ab,Warm,0,12.33,13,120.0
2026-06-30 21:23:57.864,cd79db4a-8059-495a-ad8e-3b9beffdee54,Warm,0,13.46,14,120.0
2026-06-30 21:24:04.865,89b4505c-42fc-4bfb-8a6c-cd8a18cb6b08,Warm,0,41.06,42,120.0
2026-06-30 21:24:04.869,fc02eca2-3f7f-4460-82e0-d8c413cf07e8,Warm,0,42,42,120.0
2026-06-30 21:24:04.873,d33c58ef-8bc3-4eff-9f7b-56b97d3f20ae,Warm,0,47.24,48,119.0
2026-06-30 21:24:04.881,210ed54c-ff0e-4cf3-8d4e-1cf3aa402db8,Warm,0,42.01,43,120.0
2026-06-30 21:24:05.508,8fcb5e5c-3692-489e-805b-37a60a07ae7c,Warm,0,13.27,14,120.0
2026-06-30 21:24:05.511,3eeed810-117a-4294-8808-abd05304ee81,Warm,0,14.28,15,119.0
2026-06-30 21:24:05.516,0cfee426-578c-4cd1-8f7b-f3ed4034820a,Warm,0,12.14,13,120.0
2026-06-30 21:24:05.518,bc685960-a420-4101-a5f1-f744f3d7914d,Warm,0,13.58,14,120.0
2026-06-30 21:24:05.534,59d04825-b65c-4c31-924e-b73199972f3d,Warm,0,12.86,13,120.0
2026-06-30 21:24:05.541,34ef29da-cebc-496e-bf99-2694d42f184d,Warm,0,11.79,12,120.0
2026-06-30 21:24:05.543,ef0caf8f-9559-41bf-a4b1-0e96c52dc2b2,Warm,0,39.23,40,120.0
2026-06-30 21:24:05.543,b1152488-32e4-477f-a661-c05ae2d8113e,Warm,0,13.91,14,119.0
2026-06-30 21:24:05.731,ad94cae7-9070-4b1c-84a3-ad8cd21610ca,Warm,0,13.18,14,120.0
2026-06-30 21:24:06.215,a0175c93-8903-4d22-a275-ddd1cfc15500,Warm,0,13.02,14,120.0
2026-06-30 21:24:06.220,0618f79e-dcd7-4d77-b34a-aa6b3d7ece93,Warm,0,12.94,13,120.0
2026-06-30 21:24:06.220,388c2966-e192-45a0-ae05-fcfb8153ff39,Warm,0,12.55,13,120.0
2026-06-30 21:24:06.221,a7196a19-7574-458b-9eb0-0274c25633e6,Warm,0,15.17,16,119.0
2026-06-30 21:24:06.234,ffabf825-b081-48f0-ad3e-19c53c8d93f9,Warm,0,13.04,14,120.0
2026-06-30 21:24:06.234,34001b8f-12d0-495b-b1ba-7642d253e985,Warm,0,13.09,14,120.0
2026-06-30 21:24:07.119,dc31916e-364c-45f8-8c9b-cb303abd9cfb,Warm,0,13.62,14,120.0
2026-06-30 21:24:07.316,c482463c-8190-4b87-89fc-4dffeaae4459,Warm,0,12.34,13,120.0
2026-06-30 21:24:07.326,3cd51c02-50a7-47ef-8b4d-c64a664e174b,Warm,0,13.32,14,120.0
2026-06-30 21:24:07.330,0d4a4c1e-e724-426e-9f37-616bf1871367,Warm,0,13.73,14,119.0
2026-06-30 21:24:07.348,e2c4d3c7-65d7-48ee-b080-858ec2e16c6a,Warm,0,13.8,14,119.0
2026-06-30 21:24:07.372,f7f63c39-9086-432f-b270-3525b4558265,Warm,0,13.17,14,119.0
2026-06-30 21:24:08.002,60b82c8f-f18a-4054-a18e-557c8dde72e6,Warm,0,13,13,119.0
2026-06-30 21:24:08.012,3003b715-b076-4941-acd5-cc26dd9d829b,Warm,0,12.17,13,120.0
2026-06-30 21:24:08.029,47b82578-5668-40ed-8461-1eb64393e36c,Warm,0,11.7,12,120.0
2026-06-30 21:24:08.036,85739210-9a60-47a6-92d6-6db4806d9e1a,Warm,0,11.97,12,120.0
2026-06-30 21:24:08.040,5e1efd92-e83c-4278-8bde-404cd781900d,Warm,0,13.04,14,119.0
2026-06-30 21:24:08.174,917fd757-f561-457e-afc4-7f7e9e04f4ba,Warm,0,13.96,14,119.0
2026-06-30 21:24:08.832,de299bbb-4038-423e-93ee-fbc3b04d5023,Warm,0,12.61,13,119.0
2026-06-30 21:24:08.833,f8ed760f-1869-415a-abd3-6d82cc9b3651,Warm,0,12.36,13,120.0
2026-06-30 21:24:08.835,5d7cf9de-1520-4de2-aa89-0a2db590def2,Warm,0,12.76,13,120.0
2026-06-30 21:24:08.836,0c56e856-dd67-4322-86a8-a39736c89fce,Warm,0,13.5,14,120.0
2026-06-30 21:24:08.844,cb4f8ea3-7dd1-49d9-9a9e-3e4525e03996,Warm,0,18.39,19,120.0
2026-06-30 21:24:08.862,09ef1505-0f81-4913-9b6b-a1bfb447b5d3,Warm,0,40.47,41,120.0
2026-06-30 21:24:08.870,e48039c8-1d2d-46d1-96cf-be18ecfa9598,Warm,0,41.4,42,120.0
2026-06-30 21:24:09.607,ec336e73-0454-44c5-bcc7-d2b5c135e4fa,Warm,0,14.09,15,120.0
2026-06-30 21:24:09.622,f371ee5d-9b6b-4380-9ebb-8557cc7d353c,Warm,0,13.43,14,120.0
2026-06-30 21:24:09.625,d10182e1-7980-4781-8c55-6dd41a288b5d,Warm,0,12.66,13,120.0
2026-06-30 21:24:09.627,fbf28c08-fc46-4329-bab5-99f38d5bc5ea,Warm,0,15.73,16,120.0
2026-06-30 21:24:09.628,eef8f48e-4553-426e-863f-eb629dd2ad60,Warm,0,12.04,13,120.0
2026-06-30 21:24:09.629,5e0d571d-3135-4453-95de-e2556f82489b,Warm,0,12.69,13,120.0
2026-06-30 21:24:09.634,cf799a5d-e6f0-4bee-ad61-9910652b2e06,Warm,0,22.75,23,120.0
2026-06-30 21:24:09.684,3bd438a3-5e49-4d48-bf75-cccf9965389a,Warm,0,15.18,16,120.0
2026-06-30 21:24:10.510,b5381282-f7ae-4f85-9a07-3eb1d799f2dc,Warm,0,14.26,15,120.0
2026-06-30 21:24:10.530,bd57fb1d-5c46-4c8c-8f34-aefe3974b95a,Warm,0,12.98,13,120.0
2026-06-30 21:24:10.531,8ccab6ed-08cd-49c8-a9c7-d5d0c4c1862a,Warm,0,13.27,14,120.0
2026-06-30 21:24:10.533,94c63f01-cf87-4ccd-8a75-686b057b6e8d,Warm,0,13.22,14,120.0
2026-06-30 21:24:10.536,88602758-a75a-46b3-ad53-673bc639ef51,Warm,0,14.33,15,120.0
2026-06-30 21:24:10.714,ab10f874-0e5a-433c-8e0e-facbe19ab3f9,Warm,0,14.93,15,120.0
2026-06-30 21:24:10.722,ffb616e2-3fa6-409b-9dd7-374f09a814ee,Warm,0,13.07,14,120.0
2026-06-30 21:24:10.728,802d580b-753a-4c5e-baa6-d002149cd354,Warm,0,13.69,14,120.0
2026-06-30 21:24:10.728,eae701f1-01f5-46da-9c4a-ee46e6507f34,Warm,0,15.35,16,120.0
2026-06-30 21:24:11.415,1edeae3e-9a5d-44ac-81b6-fd01e78d5b78,Warm,0,12.98,13,120.0
2026-06-30 21:24:11.419,4527f1c6-6eeb-4729-9c58-1a7bfaacd7c2,Warm,0,13.02,14,120.0
2026-06-30 21:24:11.430,8350e79b-c64c-4e94-9edc-4c768c204f95,Warm,0,28.48,29,120.0
2026-06-30 21:24:11.609,58e11094-ac56-4de1-8178-429eda5db2e2,Warm,0,12.67,13,120.0
2026-06-30 21:24:11.632,4d87630d-6778-40a6-82a9-40c149d13f56,Warm,0,11.58,12,120.0
2026-06-30 21:24:11.633,bf87a596-ed3b-4985-85b7-862bc73c2bc9,Warm,0,14.06,15,120.0
2026-06-30 21:24:12.240,fd59f799-5fed-4127-bfbe-5b9659acda53,Warm,0,13.11,14,120.0
2026-06-30 21:24:12.256,63e6706f-d633-4068-b74b-8a20c8e7072e,Warm,0,10.79,11,120.0
2026-06-30 21:24:12.260,36288e0d-204f-4e37-ad8c-b7674a223d35,Warm,0,14.31,15,120.0
2026-06-30 21:24:12.265,48b95fd8-1a5c-4e20-b000-599399048637,Warm,0,16.91,17,120.0
2026-06-30 21:24:13.060,2c94ed0a-cb76-4c14-a008-f9779d966e2e,Warm,0,11.56,12,120.0
2026-06-30 21:24:21.866,d3efba07-85b3-4eb1-977b-f01ee0578bc3,Warm,0,39.23,40,120.0
2026-06-30 21:24:22.340,205a0e2b-2584-4318-9f6d-d0251bb42a0f,Warm,0,12.02,13,120.0
2026-06-30 21:24:22.356,d56cdf71-8d5f-4adf-be1a-b09bc5d37cc8,Warm,0,11.43,12,120.0
2026-06-30 21:24:22.383,77c886cf-af50-425c-bd09-d3b41906c03a,Warm,0,39.6,40,120.0
2026-06-30 21:24:22.386,a6fb8c86-f8b6-4a92-8cb7-15c5f24ee7b0,Warm,0,40.88,41,120.0
2026-06-30 21:24:22.392,917a9ecd-5a43-4e6e-8226-95718a0bfba9,Warm,0,50.45,51,120.0
2026-06-30 21:24:22.400,b87f6a43-a338-4d91-b35a-ccd5801735dd,Warm,0,12.37,13,120.0
2026-06-30 21:24:22.401,866a497c-a3cb-48bd-bcd8-ef3879e237fc,Warm,0,11.16,12,120.0
2026-06-30 21:24:22.430,78441c9f-45a3-4428-920d-58bc5ccf0b13,Warm,0,40.51,41,120.0
2026-06-30 21:24:22.559,5dedc548-c8bc-4509-9530-9c0c0e628dd8,Warm,0,12.8,13,120.0
2026-06-30 21:24:22.560,16026334-b57f-4eab-8886-0d6fa060aae6,Warm,0,11.62,12,120.0
2026-06-30 21:24:23.249,5f7e26b4-4208-45a4-b909-c859aebfe3f8,Warm,0,12.45,13,120.0
2026-06-30 21:24:23.260,ecc2c36f-cc41-4253-9804-77184e984f36,Warm,0,12.7,13,120.0
2026-06-30 21:24:23.292,09c23d8a-8f60-4d34-bc8a-b428e04030a4,Warm,0,11.77,12,120.0
2026-06-30 21:24:23.292,308929d4-ebb3-4560-9380-b2677b6aba28,Warm,0,12.06,13,120.0
2026-06-30 21:24:23.293,e409c978-ccb5-4a30-b810-b23a3dbb3d6b,Warm,0,12.46,13,120.0
2026-06-30 21:24:23.295,4d095d44-dada-490b-81f4-0ec3eee4ce15,Warm,0,14.49,15,120.0
2026-06-30 21:24:23.295,c519eae2-e739-4840-a40b-625893bfd985,Warm,0,14.13,15,120.0
2026-06-30 21:24:23.463,19511be7-d57a-4425-baeb-62eb2b67d6a0,Warm,0,16.74,17,120.0
2026-06-30 21:24:24.144,25bd3a2f-332b-4ebc-9b48-f37fd2075ab8,Warm,0,12.22,13,120.0
2026-06-30 21:24:24.156,d15f5c1a-1e0a-4c91-a21a-20f739538bae,Warm,0,14.39,15,120.0
2026-06-30 21:24:24.165,57a9d6bd-be5c-491f-8274-3e50b3cddf8e,Warm,0,12.58,13,120.0
2026-06-30 21:24:24.179,df3aaaae-d64a-42a9-bddf-bceced0fedee,Warm,0,13.14,14,120.0
2026-06-30 21:24:24.352,ed5c5ceb-0674-47d6-9c0d-fff7940225c5,Warm,0,14.76,15,120.0
2026-06-30 21:24:25.045,29230ecb-a122-4efa-b911-6a2fbe95bbf4,Warm,0,13.09,14,120.0
2026-06-30 21:24:25.046,cb466131-66c5-4590-8fd4-93dbca241e6b,Warm,0,12.74,13,120.0
2026-06-30 21:24:25.047,89ef384a-f816-4066-b12c-bfc2368ce7f5,Warm,0,12.47,13,120.0
2026-06-30 21:24:25.053,373357fb-d851-46ba-8052-39426b5ee6da,Warm,0,14.62,15,120.0
2026-06-30 21:24:25.063,02151a23-f410-435c-92a1-56c3bac3f680,Warm,0,12.78,13,120.0
2026-06-30 21:24:25.246,00cd54a9-5666-4611-8e93-612c1b2e3e0c,Warm,0,12.65,13,120.0
2026-06-30 21:24:25.251,52fb4085-c34b-4060-a5a6-af40106fdd3c,Warm,0,15.7,16,120.0
2026-06-30 21:24:26.090,9a8345a5-763b-418c-9d00-9e806cace97a,Warm,0,11.97,12,120.0
2026-06-30 21:24:26.091,0485a693-7593-4d77-9b86-1125e5b6df23,Warm,0,11.84,12,120.0
2026-06-30 21:24:26.099,9a3eeaa2-8fdb-4b48-8c68-fdf0a6da45fc,Warm,0,11.66,12,120.0
2026-06-30 21:24:26.101,dc9b4e94-df4b-4992-a637-ca5797fe506d,Warm,0,12.51,13,120.0
2026-06-30 21:24:26.111,ecb7ea04-b255-4914-b716-92ac5358da5b,Warm,0,11.95,12,120.0
2026-06-30 21:24:26.723,554e4db0-83ff-4260-9db5-c7254d1c121e,Warm,0,16.07,17,120.0
2026-06-30 21:24:26.725,929a231a-139b-41c5-af4f-9a47372368af,Warm,0,13.11,14,120.0
2026-06-30 21:24:26.727,0a481d60-393d-47f0-90af-847afff36d80,Warm,0,12.1,13,120.0
2026-06-30 21:24:26.728,c743ea71-c670-4138-b673-cd19a7c017c5,Warm,0,12.23,13,120.0
2026-06-30 21:24:27.533,6486d817-6cbd-407a-b4c0-de23bcdab26d,Warm,0,12.24,13,120.0
2026-06-30 21:24:27.760,a6f2dfd8-4b83-4adb-83c1-443af5cf5c15,Warm,0,13.26,14,120.0
2026-06-30 21:24:27.768,c9ac8ef4-2ac7-49b3-b760-39f9fb2a2909,Warm,0,12.99,13,120.0
2026-06-30 21:24:27.771,c9ce1205-5e9d-424c-a5a9-061501247288,Warm,0,12.42,13,120.0
2026-06-30 21:24:28.459,d4cbfa6a-c416-4e4d-927a-9a5688e5581d,Warm,0,12.07,13,120.0
2026-06-30 21:24:28.459,b2f39b79-621c-4605-b463-41552b98fe04,Warm,0,11.24,12,120.0
2026-06-30 21:24:28.470,a0e02d8a-5338-4ac0-a306-6a093f98840d,Warm,0,13.62,14,120.0
2026-06-30 21:24:28.677,4e9328b9-712b-4a6b-a76f-bd2c7a50261e,Warm,0,13.63,14,120.0
2026-06-30 21:24:29.357,baeb3219-ee95-4e97-b04d-7f8b97b7d1e1,Warm,0,13.94,14,120.0
2026-06-30 21:24:29.361,92d1b652-1f9f-4d69-b830-227b004b1528,Warm,0,11.75,12,120.0
2026-06-30 21:24:30.077,caed5826-4c88-4420-9599-8b01cd9d1f06,Warm,0,12.07,13,120.0
2026-06-30 21:24:30.090,3b320f50-d2c3-4075-8281-aae3673546a3,Warm,0,13.38,14,120.0
2026-06-30 21:24:30.297,b565f310-e827-439f-a687-7e41b961c409,Warm,0,12.02,13,120.0
2026-06-30 21:24:30.959,da51a2fd-0660-4ee2-b611-c78d2f2def0e,Warm,0,14.38,15,120.0
2026-06-30 21:24:31.151,4d73bad2-eefc-459d-b608-a01c89ff23dd,Warm,0,13.49,14,120.0
2026-06-30 21:24:31.849,789df1ba-71f9-408d-84a7-6282e4306924,Warm,0,12.98,13,120.0
2026-06-30 21:24:32.065,0daf9dab-8355-4136-822b-24362d27119b,Warm,0,13.73,14,120.0
2026-06-30 21:24:32.753,3b4a4be8-1406-40d0-b26e-95bd70b05e37,Warm,0,13.38,14,120.0
2026-06-30 21:24:32.761,aed43bcf-83f6-4028-a3ff-83d56b1a5db8,Warm,0,15.56,16,120.0
2026-06-30 21:24:33.533,2c3d5b66-62e9-4c33-a4d4-18770b0be426,Warm,0,12.76,13,120.0
2026-06-30 21:24:33.533,312edc35-e94b-499b-a2ed-496c5563a296,Warm,0,12.82,13,120.0
2026-06-30 21:24:33.573,26e11dc7-27a7-436d-b1e5-7d39d19d74b3,Warm,0,12.71,13,120.0
2026-06-30 21:24:34.373,7a35ceb5-e77b-4814-8e8b-70aea6377484,Warm,0,12.52,13,120.0
2026-06-30 21:24:34.382,72eb36a9-39f5-430e-84fd-6eb2836da20b,Warm,0,13.18,14,120.0
2026-06-30 21:24:35.265,1403627b-0e8c-49f2-a174-bcf63ec4fbe3,Warm,0,11.54,12,120.0
2026-06-30 21:24:35.306,3cdbdc3d-874e-4b4a-b27d-af82e98d13f8,Warm,0,11.63,12,120.0
2026-06-30 21:24:42.908,3814918e-c85d-4763-838c-62a184e360c1,Warm,0,42.47,43,120.0
2026-06-30 21:24:42.918,fccee2f3-984d-4c62-a12b-3f31ad0d52b4,Warm,0,40.33,41,120.0
2026-06-30 21:24:42.922,7b5ab17e-ac5c-4c6c-b436-83e3fce4e5fd,Warm,0,42.55,43,120.0
2026-06-30 21:24:43.698,aec65f71-8da5-4c32-90cc-16795ff3f4b9,Warm,0,13.61,14,120.0
2026-06-30 21:24:43.699,0b0c8e38-ad75-4bb4-9d78-367f00a6edc0,Warm,0,14.75,15,120.0
2026-06-30 21:24:43.703,1efd83a4-695b-4745-9265-3f532636e90f,Warm,0,13.62,14,120.0
2026-06-30 21:24:43.726,e112f165-6bd1-4db3-9b0a-195429fa36c7,Warm,0,36.76,37,120.0
2026-06-30 21:24:43.732,f65bdd80-2960-4fa1-9b83-60f20991750f,Warm,0,41.12,42,120.0
2026-06-30 21:24:43.732,9eb1bc22-6f27-48ec-8ccd-31265deaeeb5,Warm,0,36.16,37,120.0
2026-06-30 21:24:43.928,e202a523-5f42-4720-a853-1d3bd77009f2,Warm,0,13.96,14,120.0
2026-06-30 21:24:43.931,e517fce2-4ba5-4f3d-b536-9cade21a5c4d,Warm,0,11.48,12,120.0
2026-06-30 21:24:44.604,89f0a695-d7b1-4ab7-8af7-11ffe689b5f9,Warm,0,11.98,12,120.0
2026-06-30 21:24:44.606,e04c15a9-1832-4fd3-ad7a-20a1e78bcb2e,Warm,0,13.02,14,120.0
2026-06-30 21:24:44.619,5e851384-f3e4-4904-a9a2-22a72166ca28,Warm,0,13.21,14,120.0
2026-06-30 21:24:44.619,b589149b-705f-43c9-9ced-0baac38de20a,Warm,0,13.33,14,120.0
2026-06-30 21:24:44.620,f9d434ea-fcbc-4426-99bb-95398eded8b7,Warm,0,12.74,13,120.0
2026-06-30 21:24:44.621,4795dd6d-5d4c-45ad-8f02-365e5eefacf7,Warm,0,12.66,13,120.0
2026-06-30 21:24:44.626,ee839748-e975-44e5-ac75-0c6210d71270,Warm,0,14.82,15,120.0
2026-06-30 21:24:44.629,7f7a836f-a355-4e41-9905-4b63bb4b7691,Warm,0,13.44,14,120.0
2026-06-30 21:24:44.662,afd8c63d-31f0-44a1-afe9-c5be6497eccc,Warm,0,41.6,42,119.0
2026-06-30 21:24:44.663,eb695050-8378-4bfb-a917-83fe5e9c5157,Warm,0,41.23,42,120.0
2026-06-30 21:24:44.738,e5a2318a-8b47-40c0-9cd8-5a7416b5c32f,Warm,0,11.69,12,120.0
2026-06-30 21:24:44.739,f8817861-bc81-4681-9cb7-0317dc0cc763,Warm,0,12.59,13,119.0
2026-06-30 21:24:45.464,7a7af562-74d7-4dfd-a996-fda873effde9,Warm,0,12.8,13,119.0
2026-06-30 21:24:45.478,a8ce6598-222b-4036-b1fa-aa02bec700d4,Warm,0,14,14,120.0
2026-06-30 21:24:45.483,3ac6ac42-ee57-4abc-bef6-49414aad556f,Warm,0,13.64,14,120.0
2026-06-30 21:24:45.552,2a82f50f-fdce-463f-8ae3-252bcbfa9039,Warm,0,12.22,13,120.0
2026-06-30 21:24:45.553,137b91d6-59be-46b3-b58c-94fcd24fed62,Warm,0,13.66,14,120.0
2026-06-30 21:24:45.559,5dea6f8d-f748-42e0-942d-a4c07cd364e7,Warm,0,12.22,13,120.0
2026-06-30 21:24:45.559,08275d58-68fd-4347-b26c-143ac8d84f87,Warm,0,13.13,14,119.0
2026-06-30 21:24:45.560,9046f6e7-15ba-4242-aedc-021776d84d71,Warm,0,13.09,14,120.0
2026-06-30 21:24:45.561,052da846-ba2e-4afc-8830-62f795119e2e,Warm,0,12.94,13,120.0
2026-06-30 21:24:45.562,5c6c7113-06d2-4da4-91f4-6ecc79611ba8,Warm,0,13.95,14,120.0
2026-06-30 21:24:46.285,a77f4a4e-9de8-49cf-b8c3-f8e0b078c00d,Warm,0,13.15,14,119.0
2026-06-30 21:24:46.288,f9d04f68-cfc4-4ef0-8b49-46b2ce49d189,Warm,0,12.7,13,120.0
2026-06-30 21:24:46.296,8f4d41db-984f-44d1-a9c3-97a70f3a069b,Warm,0,12.19,13,120.0
2026-06-30 21:24:46.355,0ac2f074-27c1-4739-accd-0b1b0ed45176,Warm,0,13.13,14,120.0
2026-06-30 21:24:46.375,06d529c1-666a-47fd-a531-de64f37457be,Warm,0,12.87,13,120.0
2026-06-30 21:24:46.384,c62d9670-0eb2-4320-a610-61a89dcbe7af,Warm,0,12.31,13,119.0
2026-06-30 21:24:46.384,51679645-0e74-44a2-b0fa-774a5b581ed6,Warm,0,13.56,14,120.0
2026-06-30 21:24:46.412,bb7de0b0-f1ed-42f4-af1f-6b421085961b,Warm,0,12.73,13,120.0
2026-06-30 21:24:47.199,5dc07412-d67e-4621-bb47-3f5c826f0d34,Warm,0,12.27,13,120.0
2026-06-30 21:24:47.205,abf6248d-7d82-4aa2-8bfd-ca07c7ad1984,Warm,0,12.66,13,120.0
2026-06-30 21:24:47.208,81580fd9-74b2-4f99-b231-15a09dcb4d60,Warm,0,12.76,13,119.0
2026-06-30 21:24:47.212,a7ae0d38-5668-43a7-ad02-ee739f042979,Warm,0,12.47,13,120.0
2026-06-30 21:24:47.214,192a1469-60f8-49b3-9f97-b8387a794e51,Warm,0,15.71,16,120.0
2026-06-30 21:24:47.215,4b1e94c8-7b7c-4ae7-9452-d9f420583b91,Warm,0,15.39,16,120.0
2026-06-30 21:24:47.228,aa133ebd-53d2-435a-bfa4-63c568deaab5,Warm,0,11.93,12,119.0
2026-06-30 21:24:47.999,e61c46ab-405b-4cc5-9eff-5afad860090c,Warm,0,12.38,13,119.0
2026-06-30 21:24:48.005,9a219698-4856-49da-9ba6-675897a27980,Warm,0,14.82,15,120.0
2026-06-30 21:24:48.005,e13a25bf-2d2e-4857-b36d-38e53ec22791,Warm,0,12.25,13,120.0
2026-06-30 21:24:48.016,667cd1d1-1cbf-417c-9873-a9fb60887feb,Warm,0,10.8,11,119.0
2026-06-30 21:24:48.022,b5d96135-26b6-4779-abe3-6d82353af8fc,Warm,0,12.96,13,120.0
2026-06-30 21:24:48.199,223de57e-c494-4800-a771-ea921018753f,Warm,0,13.63,14,120.0
2026-06-30 21:24:48.899,15ce49b6-f5f4-481b-a669-b56eb269a81c,Warm,0,12.52,13,120.0
2026-06-30 21:24:48.944,ebe011f6-c870-423e-aa5c-145eb0582655,Warm,0,12.23,13,120.0
2026-06-30 21:24:48.945,487d1fb1-ae85-4ac6-b8f8-06934d6c6dd3,Warm,0,13.14,14,119.0
2026-06-30 21:24:48.948,4372b802-b811-40a2-995e-cecf6278b190,Warm,0,13.23,14,120.0
2026-06-30 21:24:48.950,c3d664d5-8556-4cc6-ad55-f32fffb667b9,Warm,0,12.17,13,120.0
2026-06-30 21:24:49.745,e4f2b2c8-21b3-436d-8347-e401113ba451,Warm,0,13.9,14,120.0
2026-06-30 21:24:49.751,5bb8b44d-ab78-41c6-9d33-677015e28977,Warm,0,13.68,14,120.0
2026-06-30 21:24:50.499,91cc469f-afac-4594-a8ec-dc744af2695f,Warm,0,13.01,14,120.0
2026-06-30 21:24:50.561,cd49e1a2-5bdf-43fd-9a22-92a856928dd6,Warm,0,12.99,13,120.0
2026-06-30 21:24:50.713,29429257-6d3e-46ec-b0f2-264a1b744a1f,Warm,0,12.94,13,120.0
2026-06-30 21:24:51.414,e7b8e661-3b04-4c1d-9bff-f61c39715c5b,Warm,0,12.71,13,120.0
2026-06-30 21:24:51.452,9912e0ab-5b7a-4d34-8f56-e794d7f42bf8,Warm,0,13.04,14,120.0
2026-06-30 21:25:00.058,0c936f06-477f-49e0-8513-e398dd7e79d1,Warm,0,38.07,39,120.0
2026-06-30 21:25:00.071,26300203-7766-4ddc-bd32-01ae1f0f5c0e,Warm,0,39.26,40,120.0
2026-06-30 21:25:00.841,1bfdfb54-f9f2-462c-bb56-bbbc0b0ef708,Warm,0,13.38,14,120.0
2026-06-30 21:25:00.846,5ce2551b-a252-4390-9c5b-e6c16833af59,Warm,0,10.99,11,120.0
2026-06-30 21:25:00.862,8fbabada-4b9a-4d2b-ae19-e23053859794,Warm,0,14.91,15,120.0
2026-06-30 21:25:00.880,f25345d9-dd8f-470c-872d-311ef7a87740,Warm,0,39.43,40,120.0
2026-06-30 21:25:00.882,4c014fa5-1ff5-43b7-b876-014d11c216fc,Warm,0,41.61,42,120.0
2026-06-30 21:25:00.884,91bf5e13-848e-45ec-a95f-d34c25d4b4fd,Warm,0,44.53,45,119.0
2026-06-30 21:25:00.884,dfee9b0e-99c9-4b81-ba6b-dd62c4ef70bf,Warm,0,42.3,43,120.0
2026-06-30 21:25:00.931,19aeebf7-0414-4855-8ae2-afaba579f60a,Warm,0,80.86,81,120.0
2026-06-30 21:25:01.656,0e33987e-ebb4-423e-bf58-99add086ab72,Warm,0,12.98,13,119.0
2026-06-30 21:25:01.656,adedb1cb-ba5d-4bb1-900c-e47de26a1907,Warm,0,12.02,13,120.0
2026-06-30 21:25:01.660,874545b0-042f-42a3-9bdc-e7c2754c6fa0,Warm,0,14.32,15,120.0
2026-06-30 21:25:01.661,6fcf24f3-4097-4d6b-86ad-a679cbe09ffc,Warm,0,11.94,12,120.0
2026-06-30 21:25:01.769,a3855f2e-d78b-476b-9516-114ed80937f8,Warm,0,13.28,14,120.0
2026-06-30 21:25:01.771,1f847d1e-b307-441e-b35e-cca120f28609,Warm,0,14.12,15,120.0
2026-06-30 21:25:01.779,5f80b5d6-8ff0-4c72-ae75-9eed3a032e36,Warm,0,14.29,15,119.0
2026-06-30 21:25:01.781,31f93dbd-939e-45f5-9b8c-3648ca549fd1,Warm,0,13.71,14,120.0
2026-06-30 21:25:01.799,a650e9fc-75ac-4634-867f-e6bab70f610b,Warm,0,14.99,15,120.0
2026-06-30 21:25:01.803,1a0e7e95-0cd9-42d0-b534-9e23ee1af991,Warm,0,15.06,16,119.0
2026-06-30 21:25:02.583,e893662f-0afb-4799-995b-1abeea763fc9,Warm,0,13.26,14,120.0
2026-06-30 21:25:02.583,ac978ade-0f2a-44ad-a629-4b7da2c0c2e7,Warm,0,12.94,13,120.0
2026-06-30 21:25:02.586,2b372f13-5932-4e4f-ae77-9dde5a58822b,Warm,0,13.7,14,119.0
2026-06-30 21:25:02.593,71ff4cce-bd95-47d6-9736-dbcfee7dcb24,Warm,0,13.41,14,120.0
2026-06-30 21:25:02.593,c78a5d78-0c5d-44f1-9dcd-6a5d4780b245,Warm,0,14.52,15,120.0
2026-06-30 21:25:02.615,3d0dcd3c-d9f8-43f7-be04-517c0f9ae952,Warm,0,11.05,12,120.0
2026-06-30 21:25:02.616,a8ff29ce-590b-4c6d-b4e3-31c5e3bca4f7,Warm,0,12.52,13,120.0
2026-06-30 21:25:02.618,8cadd365-5eec-451e-b2c3-38217b0a93da,Warm,0,13.67,14,119.0
2026-06-30 21:25:02.823,43a8a3dd-c7e9-4782-98a5-563fde9fcbd0,Warm,0,12.38,13,120.0
2026-06-30 21:25:02.824,16a4d99d-2929-47df-99fe-f01dbc1c60d2,Warm,0,11.69,12,120.0
2026-06-30 21:25:02.831,1978c807-54fe-456b-bb7d-25834ad4de6d,Warm,0,27.65,28,119.0
2026-06-30 21:25:03.334,c072d3b6-597c-477a-8829-1a10ddf36012,Warm,0,11.42,12,120.0
2026-06-30 21:25:03.338,40b0f248-85a3-4ceb-8184-d9be7a6c83e5,Warm,0,13.18,14,120.0
2026-06-30 21:25:03.339,bbc2bb35-63e6-4594-a4c9-a6a74223c79b,Warm,0,13.36,14,120.0
2026-06-30 21:25:03.341,8b90e287-2116-4b5a-a0c0-241c4b35fc0b,Warm,0,13.26,14,120.0
2026-06-30 21:25:03.342,d715a133-a155-46ad-9838-3d8ad9d627a9,Warm,0,16.38,17,119.0
2026-06-30 21:25:03.344,725eef0b-307a-4e00-929e-6b0d7eac14a8,Warm,0,24.93,25,120.0
2026-06-30 21:25:03.409,1dcdd94f-88af-4d8d-b5c9-dfcf06814601,Warm,0,11.8,12,120.0
2026-06-30 21:25:03.412,1615a94f-245a-4305-95f3-1f09fe4bc251,Warm,0,12.57,13,120.0
2026-06-30 21:25:03.412,c0c92f8e-4537-4c39-91e8-848dec6aab74,Warm,0,13.82,14,119.0
2026-06-30 21:25:03.418,95e7d9e9-3ab3-45fb-8cc2-4b2c1687a0a1,Warm,0,17.11,18,120.0
2026-06-30 21:25:03.436,8efd5c0a-086f-4af6-b218-94d6838b8463,Warm,0,11.58,12,120.0
2026-06-30 21:25:03.484,403848ca-885e-4ee9-8d87-1261445fc451,Warm,0,13.56,14,120.0
2026-06-30 21:25:04.164,37ea2ed0-6eb0-450e-a0ae-39ff32855b9c,Warm,0,14.33,15,120.0
2026-06-30 21:25:04.168,e340ea0c-74a9-4cf0-8cd0-afe1e454d895,Warm,0,11.26,12,120.0
2026-06-30 21:25:04.171,e1d385ab-619b-4eaf-b8bc-ac20d7de5d34,Warm,0,13.03,14,119.0
2026-06-30 21:25:04.187,cf73d24c-5d76-4fc1-943f-c0f25e129b5d,Warm,0,14.19,15,120.0
2026-06-30 21:25:04.187,726b6415-1259-4d8c-a825-76038f78e4dd,Warm,0,11.74,12,120.0
2026-06-30 21:25:04.187,ae7eb733-4cc4-41f7-b57d-fc9a793b054e,Warm,0,13.01,14,120.0
2026-06-30 21:25:04.189,ad63e960-878f-4126-9942-288eeca14e7b,Warm,0,13.23,14,119.0
2026-06-30 21:25:04.937,281dfcaf-b76d-4c8a-a6a7-003d83073b9c,Warm,0,13.16,14,120.0
2026-06-30 21:25:04.939,5b0bdd5b-e8b9-4e5f-bf6e-cd3062fc9b5e,Warm,0,12.66,13,119.0
2026-06-30 21:25:04.944,450589d6-0eae-40be-8db5-ae48e711a084,Warm,0,11.94,12,120.0
2026-06-30 21:25:04.947,84a4a9ad-8ba9-4a2b-bc36-98143019110b,Warm,0,15.31,16,120.0
2026-06-30 21:25:04.949,cb0e4f86-b7d7-45a6-838a-2bba4d1d77af,Warm,0,12.86,13,120.0
2026-06-30 21:25:04.950,6ac58b39-db96-46fd-99a8-57c57bf1e12f,Warm,0,13.82,14,120.0
2026-06-30 21:25:04.954,d997f0b3-8456-408e-9801-e839d6c9d981,Warm,0,15.69,16,120.0
2026-06-30 21:25:05.163,18b7df39-f50f-4b49-ac65-de533ab614a0,Warm,0,20.46,21,120.0
2026-06-30 21:25:05.163,560afb97-bfc7-4a35-92a4-e1db2669d4c5,Warm,0,13,13,120.0
2026-06-30 21:25:05.165,b6870e5b-54af-49b2-ad8c-efd529a01890,Warm,0,13.14,14,120.0
2026-06-30 21:25:05.169,45ae152e-a3fc-4743-a62d-1f39df223811,Warm,0,12.69,13,120.0
2026-06-30 21:25:05.897,eb0eabe9-2dad-4d27-b262-e855738e07d2,Warm,0,13.6,14,120.0
2026-06-30 21:25:05.901,bbcab76e-5ca2-456e-8f4e-79d56aa5a458,Warm,0,14.85,15,120.0
2026-06-30 21:25:05.914,47d22704-f8f5-49cc-ab76-f39c7df47c3d,Warm,0,11.85,12,120.0
2026-06-30 21:25:05.929,750c139d-d324-4c34-96e2-cf611a85745a,Warm,0,14.84,15,120.0
2026-06-30 21:25:05.932,9e84da5a-3a70-4ca0-9771-b5f1d38860ba,Warm,0,11.65,12,120.0
